gvkey,conm,tic,datadate,fyear,gsector,ggroup,gind,gsubind,naics,sic,naics2,naics3,sic2,sic4
001013,ADC TELECOMMUNICATIONS INC,ADCT.1,2010-09-30,2010,45,4520,452010,45201020,334210,3661,33,334,36,3661
001045,AMERICAN AIRLINES GROUP INC,AAL,2025-12-31,2025,20,2030,203020,20302010,481111,4512,48,481,45,4512
001062,ASA GOLD AND PRECIOUS METALS,ASA,2025-11-30,2025,40,4020,402030,40203010,523999,6799,52,523,67,6799
001078,ABBOTT LABORATORIES,ABT,2025-12-31,2025,35,3510,351010,35101010,334510,3845,33,334,38,3845
001094,ACETO CORP,ACETQ,2018-06-30,2018,35,3510,351020,35102010,424690,5160,42,424,51,5160
001117,BK TECHNOLOGIES CORP,BKTI,2025-12-31,2025,45,4520,452010,45201020,334220,3663,33,334,36,3663
001161,ADVANCED MICRO DEVICES,AMD,2025-12-31,2025,45,4530,453010,45301020,334413,3674,33,334,36,3674
001173,AEROSONIC CORP,AIM.1,2013-01-31,2012,20,2010,201010,20101010,334511,3812,33,334,38,3812
001177,AETNA INC,AET,2017-12-31,2017,35,3510,351020,35102030,524114,6324,52,524,63,6324
001209,AIR PRODUCTS & CHEMICALS INC,APD,2025-09-30,2025,15,1510,151010,15101040,325120,2810,32,325,28,2810
001210,AIR T INC,AIRT,2025-03-31,2024,20,2030,203010,20301010,492110,4513,49,492,45,4513
001327,SKYWORKS SOLUTIONS INC,SWKS,2025-09-30,2025,45,4530,453010,45301020,334413,3674,33,334,36,3674
001356,ALCOA INC,AA.3,2015-12-31,2015,15,1510,151040,15104010,003364,3720,00,003,37,3720
001380,HESS CORP,HES,2024-12-31,2024,10,1010,101020,10102020,002111,1311,00,002,13,1311
001382,US AIRWAYS GROUP INC,LCC,2012-12-31,2012,20,2030,203020,20302010,481111,4512,48,481,45,4512
001414,PRIMERICA INC,PRI,2025-12-31,2025,40,4030,403010,40301020,524113,6311,52,524,63,6311
001439,US ECOLOGY INC,ECOL,2021-12-31,2021,20,2020,202010,20201050,562211,4955,56,562,49,4955
001440,AMERICAN ELECTRIC POWER CO,AEP,2025-12-31,2025,55,5510,551010,55101010,002211,4911,00,002,49,4911
001447,AMERICAN EXPRESS CO,AXP,2025-12-31,2025,40,4020,402020,40202010,522210,6141,52,522,61,6141
001449,AFLAC INC,AFL,2025-12-31,2025,40,4030,403010,40301020,524114,6321,52,524,63,6321
001468,AMERICAN GREETINGS  -CL A,AM.1,2013-02-28,2012,25,2520,252010,25201050,511191,2771,51,511,27,2771
001487,AMERICAN INTERNATIONAL GROUP,AIG,2025-12-31,2025,40,4030,403010,40301040,524126,6331,52,524,63,6331
001533,AMERICAN PACIFIC CORP,APFC,2013-09-30,2013,15,1510,151010,15101050,325180,2810,32,325,28,2810
001598,AMETEK INC,AME,2025-12-31,2025,20,2010,201040,20104010,334513,3823,33,334,38,3823
001602,AMGEN INC,AMGN,2025-12-31,2025,35,3520,352010,35201010,325414,2836,32,325,28,2836
001632,ANALOG DEVICES INC,ADI,2025-10-31,2025,45,4530,453010,45301020,334413,3674,33,334,36,3674
001633,ANALOGIC CORP,ALOG,2017-07-31,2017,35,3510,351010,35101010,334510,3845,33,334,38,3845
001634,ANALYSTS INTERNATIONAL CORP,ANLY,2012-12-31,2012,45,4510,451020,45102010,541511,7371,54,541,73,7371
001635,ANAREN INC,ANEN,2013-06-30,2013,45,4520,452010,45201020,334220,3663,33,334,36,3663
001661,NABORS INDUSTRIES LTD,NBR,2025-12-31,2025,10,1010,101010,10101010,213111,1381,21,213,13,1381
001678,APA CORP,APA,2025-12-31,2025,10,1010,101020,10102020,002111,1311,00,002,13,1311
001681,APOLLO SOLAR ENERGY INC,ASOE,2014-12-31,2014,15,1510,151040,15104020,331410,3330,33,331,33,3330
001682,APCO OIL AND GAS INTL INC,APAGF,2013-12-31,2013,10,1010,101020,10102020,211111,1311,21,211,13,1311
001690,APPLE INC,AAPL,2025-09-30,2025,45,4520,452020,45202030,334220,3663,33,334,36,3663
001704,APPLIED MATERIALS INC,AMAT,2025-10-31,2025,45,4530,453010,45301010,333242,3559,33,333,35,3559
001712,TRECORA RESOURCES,TREC,2021-12-31,2021,15,1510,151010,15101010,324110,2911,32,324,29,2911
001722,ARCHER-DANIELS-MIDLAND CO,ADM,2025-12-31,2025,30,3020,302020,30202010,031122,2070,03,031,20,2070
001773,ARROW ELECTRONICS INC,ARW,2025-12-31,2025,45,4520,452030,45203030,423690,5065,42,423,50,5065
001794,ASHLAND INC,ASH,2025-09-30,2025,15,1510,151010,15101050,003252,2820,00,003,28,2820
001823,ASTRONICS CORP,ATRO,2025-12-31,2025,20,2010,201010,20101010,336320,3640,33,336,36,3640
001860,ATWOOD OCEANICS,ATW,2016-09-30,2016,10,1010,101010,10101010,213111,1381,21,213,13,1381
001878,AUTODESK INC,ADSK,2025-01-31,2024,45,4510,451030,45103010,519290,7370,51,519,73,7370
001891,AUTOMATIC DATA PROCESSING,ADP,2025-06-30,2025,20,2020,202020,20202010,518210,7374,51,518,73,7374
001913,AVERY DENNISON CORP,AVY,2025-12-31,2025,15,1510,151030,15103020,322220,2670,32,322,26,2670
001919,AVNET INC,AVT,2025-06-30,2025,45,4520,452030,45203030,423690,5065,42,423,50,5065
001949,BRT APARTMENTS CORP,BRT,2025-12-31,2025,60,6010,601060,60106010,531110,6798,53,531,67,6798
001976,BAKER HUGHES INC,BHI,2016-12-31,2016,10,1010,101010,10101020,213111,1381,21,213,13,1381
001988,BALL CORP,BALL,2025-12-31,2025,15,1510,151030,15103010,332431,3411,33,332,34,3411
002002,POPULAR INC,BPOP,2025-12-31,2025,40,4010,401010,40101015,522110,6020,52,522,60,6020
002005,BANK OF HAWAII CORP,BOH,2025-12-31,2025,40,4010,401010,40101015,522110,6020,52,522,60,6020
002019,BANK OF NEW YORK MELLON CORP,BNY,2025-12-31,2025,40,4020,402030,40203010,522110,6020,52,522,60,6020
002044,BARD (C.R.) INC,BCR,2016-12-31,2016,35,3510,351010,35101010,339112,3841,33,339,38,3841
002049,BARNES GROUP INC,B.2,2023-12-31,2023,20,2010,201060,20106020,332613,3490,33,332,34,3490
002052,BARNWELL INDUSTRIES,BRN,2025-09-30,2025,10,1010,101020,10102020,002111,1311,00,002,13,1311
002073,EARTHSTONE ENERGY INC -OLD,ESTE.1,2014-03-31,2013,10,1010,101020,10102020,211111,1311,21,211,13,1311
002111,BECTON DICKINSON & CO,BDX,2025-09-30,2025,35,3510,351010,35101010,339112,3841,33,339,38,3841
002124,BEL FUSE INC,BELFB,2025-12-31,2025,45,4520,452030,45203015,334416,3677,33,334,36,3677
002136,VERIZON COMMUNICATIONS INC,VZ,2025-12-31,2025,50,5010,501010,50101020,517312,4812,51,517,48,4812
002176,BERKSHIRE HATHAWAY,BRK.B,2025-12-31,2025,40,4020,402010,40201030,999977,9997,99,999,99,9997
002184,BEST BUY CO INC,BBY,2025-01-31,2024,25,2550,255040,25504020,449210,5731,44,449,57,5731
002220,BIO-RAD LABORATORIES INC,BIO,2025-12-31,2025,35,3520,352030,35203010,334516,3826,33,334,38,3826
002222,SAVIENT PHARMACEUTICALS INC,SVNTQ,2012-12-31,2012,35,3520,352010,35201010,325414,2836,32,325,28,2836
002269,BLOCK H & R INC,HRB,2025-06-30,2025,25,2530,253020,25302020,541213,7200,54,541,72,7200
002270,VALARIS LIMITED,VAL,2025-12-31,2025,10,1010,101010,10101010,213111,1381,21,213,13,1381
002282,BOB EVANS FARMS,BOBE,2017-04-30,2016,30,3020,302020,30202030,311612,2013,31,311,20,2013
002285,BOEING CO,BA,2025-12-31,2025,20,2010,201010,20101010,336411,3721,33,336,37,3721
002290,OFFICEMAX INC,OMX,2012-12-31,2012,25,2550,255040,25504040,424120,5110,42,424,51,5110
002295,BOLT TECHNOLOGY CORP,BOLT.1,2014-06-30,2014,10,1010,101010,10101020,333132,3533,33,333,35,3533
002340,ENTRPRIZE CORP,ENTP,2010-12-31,2010,20,2010,201020,20102010,238990,1700,23,238,17,1700
002390,BRIDGFORD FOODS CORP,BRID,2025-10-31,2025,30,3020,302020,30202030,311612,2013,31,311,20,2013
002393,BRIGGS & STRATTON,BGGSQ,2019-06-30,2019,20,2010,201060,20106020,333618,3510,33,333,35,3510
002403,BRISTOL-MYERS SQUIBB CO,BMY,2025-12-31,2025,35,3520,352020,35202010,325412,2834,32,325,28,2834
002410,BP PLC,BP,2025-12-31,2025,10,1010,101020,10102010,324110,2911,32,324,29,2911
002411,BT GROUP PLC,BTY10,2019-03-31,2018,50,5010,501010,50101020,517311,4813,51,517,48,4813
002436,CALERES INC,CAL,2025-01-31,2024,25,2550,255040,25504010,458210,5661,45,458,56,5661
002444,BRUNSWICK CORP,BC,2025-12-31,2025,25,2520,252020,25202010,333618,3510,33,333,35,3510
002497,MASTEC INC,MTZ,2025-12-31,2025,20,2010,201030,20103010,237130,1623,23,237,16,1623
002504,UNISYS CORP,UIS,2025-12-31,2025,45,4510,451020,45102010,541512,7373,54,541,73,7373
002536,LIVERAMP HOLDINGS INC,RAMP,2025-03-31,2024,45,4510,451030,45103010,519290,7370,51,519,73,7370
002547,CIGNA GROUP (THE),CI,2025-12-31,2025,35,3510,351020,35102015,524114,6324,52,524,63,6324
002556,CSS INDUSTRIES INC,CSS,2019-03-31,2018,25,2520,252010,25201050,322220,2670,32,322,26,2670
002574,CSX CORP,CSX,2025-12-31,2025,20,2030,203040,20304010,482111,4011,48,482,40,4011
002577,CTS CORP,CTS,2025-12-31,2025,45,4520,452030,45203020,033441,3670,03,033,36,3670
002581,CVD EQUIPMENT CORP,CVV,2025-12-31,2025,45,4530,453010,45301010,333249,3559,33,333,35,3559
002593,CABOT CORP,CBT,2025-09-30,2025,15,1510,151010,15101010,325180,2890,32,325,28,2890
002615,CALAMP CORP,CAMPQ,2023-02-28,2022,45,4520,452010,45201020,334220,3663,33,334,36,3663
002721,CANON INC,CAJPY,2024-12-31,2024,45,4520,452020,45202030,333310,3577,33,333,35,3577
002735,CAPITAL PROPERTIES INC,CPTP,2024-12-31,2024,60,6020,602010,60201020,531190,6519,53,531,65,6519
002751,CARDINAL HEALTH INC,CAH,2025-06-30,2025,35,3510,351020,35102010,424210,5122,42,424,51,5122
002771,CARLISLE COS INC,CSL,2025-12-31,2025,20,2010,201020,20102010,324122,2950,32,324,29,2950
002783,PROGRESS ENERGY INC,DUK8,2025-12-31,2025,55,5510,551010,55101010,002211,4911,00,002,49,4911
002787,CARPENTER TECHNOLOGY CORP,CRS,2025-06-30,2025,20,2010,201010,20101010,331110,3312,33,331,33,3312
002812,DOLE FOOD CO INC,DOLE.1,2012-12-31,2012,30,3020,302020,30202030,111339,0100,11,111,01,0100
002817,CATERPILLAR INC,CAT,2025-12-31,2025,20,2010,201060,20106010,333120,3531,33,333,35,3531
002852,CENTRAL NATURAL RES INC,CTNR,2022-12-31,2022,10,1010,101020,10102020,533110,6792,53,533,67,6792
002884,LUMEN TECHNOLOGIES INC,LUMN,2025-12-31,2025,50,5010,501010,50101010,517111,4813,51,517,48,4813
002938,CHARMING SHOPPES INC,CHRS.1,2012-01-31,2011,25,2550,255040,25504010,448120,5621,44,448,56,5621
002940,MAGELLAN HEALTH INC,MGLN,2020-12-31,2020,35,3510,351020,35102030,561110,8741,56,561,87,8741
002942,CANTEL MEDICAL CORP,CMD,2020-07-31,2020,35,3510,351010,35101010,334510,3845,33,334,38,3845
002968,JPMORGAN CHASE & CO,JPM,2025-12-31,2025,40,4010,401010,40101010,522110,6020,52,522,60,6020
002991,CHEVRON CORP,CVX,2025-12-31,2025,10,1010,101020,10102010,324110,2911,32,324,29,2911
002999,CHICAGO RIVET & MACHINE CO,CVR,2025-12-31,2025,20,2010,201060,20106020,332722,3452,33,332,34,3452
003026,CHURCH & DWIGHT INC,CHD,2025-12-31,2025,30,3030,303010,30301010,325611,2840,32,325,28,2840
003028,CHURCHILL DOWNS INC,CHDN,2025-12-31,2025,25,2530,253010,25301010,713210,7990,71,713,79,7990
003036,CINCINNATI BELL INC,CBB,2020-12-31,2020,50,5010,501010,50101020,517311,4813,51,517,48,4813
003062,CINTAS CORP,CTAS,2025-05-31,2024,20,2020,202010,20201070,812331,7200,81,812,72,7200
003107,CLEVELAND-CLIFFS INC,CLF,2025-12-31,2025,15,1510,151040,15104050,331110,3310,33,331,33,3310
003121,CLOROX CO/DE,CLX,2025-06-30,2025,30,3030,303010,30301010,325612,2842,32,325,28,2842
003138,COCA COLA CONSOLIDATED INC,COKE,2025-12-31,2025,30,3020,302010,30201030,312111,2086,31,312,20,2086
003144,COCA-COLA CO,KO,2025-12-31,2025,30,3020,302010,30201030,312111,2086,31,312,20,2086
003153,COEUR MINING INC,CDE,2025-12-31,2025,15,1510,151040,15104030,021222,1040,02,021,10,1040
003157,COHERENT INC,COHR.1,2021-09-30,2021,45,4520,452030,45203010,334516,3826,33,334,38,3826
003158,COHU INC,COHU,2025-12-31,2025,45,4530,453010,45301010,334515,3825,33,334,38,3825
003169,ONCOMED PHARMACEUTICALS,OMED.2,2018-12-31,2018,35,3520,352010,35201010,325414,2836,32,325,28,2836
003170,COLGATE-PALMOLIVE CO,CL,2025-12-31,2025,30,3030,303010,30301010,325611,2844,32,325,28,2844
003198,COLORADO INTERSTATE GAS CO,CGP1,2025-12-31,2025,10,1010,101020,10102040,221210,4923,22,221,49,4923
003221,AON PLC,AON,2025-12-31,2025,40,4030,403010,40301010,524210,6411,52,524,64,6411
003226,COMCAST CORP,CMCSA,2025-12-31,2025,50,5010,501010,50101020,516210,4841,51,516,48,4841
003231,COMERICA INC,CMA,2025-12-31,2025,40,4010,401010,40101010,522110,6020,52,522,60,6020
003243,CITIGROUP INC,C,2025-12-31,2025,40,4010,401010,40101010,522110,6199,52,522,61,6199
003275,COMMUNICATIONS SYSTEMS INC,JCS,2021-12-31,2021,45,4520,452010,45201020,005415,7370,00,005,73,7370
003278,AVIS BUDGET GROUP INC,CAR,2025-12-31,2025,20,2030,203040,20304040,532111,7510,53,532,75,7510
003336,DXC TECHNOLOGY CO,DXC,2025-03-31,2024,45,4510,451020,45102010,541512,7370,54,541,73,7370
003358,COMTECH TELECOMMUN,CMTL,2025-07-31,2025,45,4520,452010,45201020,334220,3663,33,334,36,3663
003362,CONAGRA BRANDS INC,CAG,2025-05-31,2024,30,3020,302020,30202030,031142,2000,03,031,20,2000
003382,SHUTTERSTOCK INC,SSTK,2025-12-31,2025,50,5020,502030,50203010,516210,7370,51,516,73,7370
003413,CONSOLIDATED EDISON INC,ED,2025-12-31,2025,55,5510,551030,55103010,022111,4931,02,022,49,4931
003429,CTO REALTY GROWTH INC,CTO,2025-12-31,2025,60,6010,601010,60101010,005311,6798,00,005,67,6798
003469,CONTINENTAL RESOURCES INC,CLR,2021-12-31,2021,10,1010,101020,10102020,211120,1311,21,211,13,1311
003532,CORNING INC,GLW,2025-12-31,2025,45,4520,452030,45203015,335921,3357,33,335,33,3357
003533,CORNING NATURAL GAS HLDG CP,CNIG,2021-09-30,2021,55,5510,551020,55102010,221210,4923,22,221,49,4923
003562,COUSINS PROPERTIES INC,CUZ,2025-12-31,2025,60,6010,601040,60104010,531120,6798,53,531,67,6798
003581,CRAWFORD & CO,CRD.A,2025-12-31,2025,40,4030,403010,40301010,524291,6411,52,524,64,6411
003594,CREDO PETROLEUM CORP,CRED.1,2011-10-31,2011,10,1010,101020,10102020,211111,1311,21,211,13,1311
003619,CROWN HOLDINGS INC,CCK,2025-12-31,2025,15,1510,151030,15103010,332431,3411,33,332,34,3411
003622,CROWN CRAFTS INC,CRWS,2025-03-31,2024,25,2520,252030,25203030,313210,2211,31,313,22,2211
003647,CULP INC,CULP,2025-04-30,2024,25,2520,252030,25203030,313210,2211,31,313,22,2211
003650,CUMMINS INC,CMI,2025-12-31,2025,20,2010,201060,20106010,333618,3510,33,333,35,3510
003662,CURTISS-WRIGHT CORP,CW,2025-12-31,2025,20,2010,201010,20101010,332912,3728,33,332,37,3728
003708,WENDY'S CO,WEN,2025-12-31,2025,25,2530,253010,25301040,722511,5812,72,722,58,5812
003734,DANA INC,DAN,2025-12-31,2025,25,2510,251010,25101010,336390,3714,33,336,37,3714
003735,DANAHER CORP,DHR,2025-12-31,2025,35,3520,352030,35203010,334516,3826,33,334,38,3826
003761,DATA I/O CORP,DAIO,2025-12-31,2025,45,4520,452030,45203020,334515,3825,33,334,38,3825
003801,DAVEY TREE EXPERT CO,7183B,2025-12-31,2025,20,2020,202010,20201050,561730,0700,56,561,07,0700
003806,DAWSON GEOPHYSICAL CO,DWSN,2025-12-31,2025,10,1010,101010,10101020,213112,1382,21,213,13,1382
003813,TARGET CORP,TGT,2025-01-31,2024,30,3010,301010,30101040,455219,5331,45,455,53,5331
003820,VIEWTRAN GROUP INC,VIEWF,2013-12-31,2013,40,4020,402010,40201040,334220,3663,33,334,36,3663
003835,DEERE & CO,DE,2025-10-31,2025,20,2010,201060,20106015,333111,3523,33,333,35,3523
003851,DELTA AIR LINES INC,DAL,2025-12-31,2025,20,2030,203020,20302010,481111,4512,48,481,45,4512
003897,DTE ENERGY CO,DTE,2025-12-31,2025,55,5510,551030,55103010,002211,4931,00,002,49,4931
003969,DIODES INC,DIOD,2025-12-31,2025,45,4530,453010,45301020,334413,3674,33,334,36,3674
004001,DIXIE GROUP INC,DXYN,2025-12-31,2025,25,2520,252010,25201020,314110,2273,31,314,22,2273
004016,DOLLAR GENERAL CORP,DG,2025-01-31,2024,30,3010,301010,30101040,455219,5331,45,455,53,5331
004029,DOMINION ENERGY INC,D,2025-12-31,2025,55,5510,551030,55103010,022111,4911,02,022,49,4911
004036,DONALDSON CO INC,DCI,2025-07-31,2025,20,2010,201060,20106020,336390,3714,33,336,37,3714
004040,DONNELLEY (R R) & SONS CO,RRD,2021-12-31,2021,20,2020,202010,20201010,032311,2750,03,032,27,2750
004045,DORCHESTER MINERALS  -LP,DMLP,2025-12-31,2025,10,1010,101020,10102020,533110,6792,53,533,67,6792
004066,OMNICOM GROUP INC,OMC,2025-12-31,2025,50,5020,502010,50201010,541810,7311,54,541,73,7311
004072,ASCENA RETAIL GROUP INC,ASNAQ,2020-07-31,2020,25,2550,255040,25504010,448120,5621,44,448,56,5621
004091,DUCOMMUN INC,DCO,2025-12-31,2025,20,2010,201010,20101010,336413,3728,33,336,37,3728
004093,DUKE ENERGY CORP,DUK,2025-12-31,2025,55,5510,551010,55101010,002211,4931,00,002,49,4931
004115,DYCOM INDUSTRIES INC,DY,2025-01-31,2024,20,2010,201030,20103010,237130,1623,23,237,16,1623
004145,REVVITY INC,RVTY,2025-12-31,2025,35,3520,352030,35203010,334516,3826,33,334,38,3826
004194,EASTMAN KODAK CO,KODK,2025-12-31,2025,45,4520,452020,45202030,325992,3861,32,325,38,3861
004213,ECOLAB INC,ECL,2025-12-31,2025,15,1510,151010,15101050,325612,2842,32,325,28,2842
004245,ELAN CORP PLC,ELN,2012-12-31,2012,35,3520,352010,35201010,325412,2834,32,325,28,2834
004274,ELECTRO SCIENTIFIC INDS INC,ESIO,2018-03-31,2017,45,4520,452030,45203010,335999,3690,33,335,36,3690
004279,EMS TECHNOLOGIES INC,ELMG,2010-12-31,2010,45,4520,452010,45201020,334220,3663,33,334,36,3663
004321,EMERSON ELECTRIC CO,EMR,2025-09-30,2025,20,2010,201040,20104010,334513,3823,33,334,38,3823
004322,EMERSON RADIO CORP,MSN,2025-03-31,2024,25,2520,252010,25201010,334310,3651,33,334,36,3651
004340,EMULEX CORP,ELX,2014-06-30,2014,45,4520,452010,45201020,334210,3576,33,334,35,3576
004341,SORL AUTO PARTS INC,SORL,2019-12-31,2019,25,2510,251010,25101010,336340,3714,33,336,37,3714
004351,ENERGEN CORP,EGN,2017-12-31,2017,10,1010,101020,10102020,211111,4924,21,211,49,4924
004352,ENERGY CONVERSION DEV,ENERQ,2011-06-30,2011,45,4530,453010,45301020,334413,3674,33,334,36,3674
004367,WEATHERFORD INTL PLC,WFRD,2025-12-31,2025,10,1010,101010,10101020,213111,1381,21,213,13,1381
004383,ATMOS ENERGY CORP,ATO,2025-09-30,2025,55,5510,551020,55102010,221210,4924,22,221,49,4924
004409,ENZON PHARMACEUTICALS -OLD,ENZND.1,2025-12-31,2025,35,3520,352010,35201010,325414,2836,32,325,28,2836
004423,EQUIFAX INC,EFX,2025-12-31,2025,20,2020,202020,20202020,561450,7323,56,561,73,7323
004430,EQT CORP,EQT,2025-12-31,2025,10,1010,101020,10102020,002111,1311,00,002,13,1311
004439,TELEFONAKTIEBOLAGET LM ERICS,ERIC,2025-12-31,2025,45,4520,452010,45201020,334220,3663,33,334,36,3663
004448,ESCALADE INC,ESCA,2025-12-31,2025,25,2520,252020,25202010,339920,3949,33,339,39,3949
004460,ESTERLINE TECHNOLOGIES CORP,ESL,2018-09-30,2018,20,2010,201010,20101010,334511,3812,33,334,38,3812
004476,EXAR CORP,EXAR,2017-03-31,2016,45,4530,453010,45301020,334413,3674,33,334,36,3674
004497,DMC GLOBAL INC,BOOM,2025-12-31,2025,10,1010,101010,10101020,333132,3533,33,333,35,3533
004503,EXXON MOBIL CORP,XOM,2025-12-31,2025,10,1010,101020,10102010,324110,2911,32,324,29,2911
004510,FMC CORP,FMC,2025-12-31,2025,15,1510,151010,15101030,325320,2870,32,325,28,2870
004517,NEXTERA ENERGY INC,NEE,2025-12-31,2025,55,5510,551010,55101010,002211,4911,00,002,49,4911
004560,FAMILY DOLLAR STORES,FDO,2014-08-31,2014,25,2550,255030,25503020,452990,5331,45,452,53,5331
004598,FEDEX CORP,FDX,2025-05-31,2024,20,2030,203010,20301010,492110,4513,49,492,45,4513
004600,FEDERAL-MOGUL HOLDINGS CORP,FDML,2016-12-31,2016,25,2510,251010,25101010,336310,3714,33,336,37,3714
004605,FEDERAL REALTY INVESTMENT TR,FRT,2025-12-31,2025,60,6010,601070,60107010,531120,6798,53,531,67,6798
004606,COLE REAL ESTATE INVESTMENTS,COLE,2012-12-31,2012,40,4040,404020,40402060,531120,6798,53,531,67,6798
004611,MACY'S INC,M,2025-01-31,2024,25,2550,255030,25503030,455110,5311,45,455,53,5311
004640,FIFTH THIRD BANCORP,FITB,2025-12-31,2025,40,4010,401010,40101010,522110,6020,52,522,60,6020
004674,REGIONS FINANCIAL CORP,RF,2025-12-31,2025,40,4010,401010,40101015,522110,6020,52,522,60,6020
004685,TRUSTMARK CORP,TRMK,2025-12-31,2025,40,4010,401010,40101015,522110,6020,52,522,60,6020
004699,M&T BANK CORP,MTB,2025-12-31,2025,40,4010,401010,40101015,522110,6020,52,522,60,6020
004707,FIRST HARTFORD CORP,FHRT,2018-04-30,2017,60,6020,602010,60201010,005311,6510,00,005,65,6510
004723,US BANCORP,USB,2025-12-31,2025,40,4010,401010,40101010,522110,6020,52,522,60,6020
004737,FIRST HORIZON CORP,FHN,2025-12-31,2025,40,4010,401010,40101015,522110,6020,52,522,60,6020
004740,WINTHROP REALTY TRUST,FUR,2015-12-31,2015,40,4040,404020,40402010,525990,6798,52,525,67,6798
004809,FLOWERS FOODS INC,FLO,2025-12-31,2025,30,3020,302020,30202030,311812,2050,31,311,20,2050
004818,FLUOR CORP,FLR,2025-12-31,2025,20,2010,201030,20103010,237990,1600,23,237,16,1600
004839,FORD MOTOR CO,F,2025-12-31,2025,25,2510,251020,25102010,336110,3711,33,336,37,3711
004842,FOREST CITY REALTY TRUST INC,FCE.A,2017-12-31,2017,60,6010,601010,60101010,531120,6798,53,531,67,6798
004843,FOREST LABORATORIES  -CL A,FRX.1,2014-03-31,2013,35,3520,352020,35202010,325412,2834,32,325,28,2834
004864,FOSTER WHEELER AG,FWLT,2013-12-31,2013,20,2010,201030,20103010,002371,1600,00,002,16,1600
004900,FREQUENCY ELECTRONICS INC,FEIM,2025-04-30,2024,45,4520,452030,45203010,334515,3825,33,334,38,3825
004903,FRIEDMAN INDUSTRIES INC,FRD,2025-03-31,2024,15,1510,151040,15104050,331221,3310,33,331,33,3310
004926,FULLER (H. B.) CO,FUL,2025-11-30,2025,15,1510,151010,15101050,325520,2891,32,325,28,2891
004941,GATX CORP,GATX,2025-12-31,2025,20,2010,201070,20107010,532411,4700,53,532,47,4700
004988,TEGNA INC,TGNA,2025-12-31,2025,50,5020,502010,50201020,516120,4833,51,516,48,4833
004990,GAP INC,GAP,2025-01-31,2024,25,2550,255040,25504010,458110,5651,45,458,56,5651
005018,AEROJET ROCKETDYNE HOLDINGS,AJRD,2022-12-31,2022,20,2010,201010,20101010,336415,3760,33,336,37,3760
005046,GENERAL DYNAMICS CORP,GD,2025-12-31,2025,20,2010,201010,20101010,336411,3721,33,336,37,3721
005047,GE AEROSPACE,GE,2025-12-31,2025,20,2010,201010,20101010,336412,3724,33,336,37,3724
005071,GENERAL MILLS INC,GIS,2025-05-31,2024,30,3020,302020,30202030,311230,2040,31,311,20,2040
005072,ALLY FINANCIAL INC,ALLY,2025-12-31,2025,40,4020,402020,40202010,522220,6172,52,522,61,6172
005073,GENERAL MOTORS CO,GM,2025-12-31,2025,25,2510,251020,25102010,336110,3711,33,336,37,3711
005109,GENESCO INC,GCO,2025-01-31,2024,25,2550,255040,25504010,458210,5661,45,458,56,5661
005116,GENTEX CORP,GNTX,2025-12-31,2025,25,2510,251010,25101010,336390,3714,33,336,37,3714
005125,GENUINE PARTS CO,GPC,2025-12-31,2025,25,2550,255010,25501010,423120,5013,42,423,50,5013
005149,GETTY REALTY CORP,GTY,2025-12-31,2025,60,6010,601070,60107010,531120,6798,53,531,67,6798
005165,GIGA-TRONICS INC,GIGAQ,2023-12-31,2023,20,2010,201010,20101010,334419,3670,33,334,36,3670
005179,GLATFELTER CORP,GLT,2023-12-31,2023,15,1510,151050,15105020,322120,2621,32,322,26,2621
005180,GSK PLC,GSK,2025-12-31,2025,35,3520,352020,35202010,325412,2834,32,325,28,2834
005229,GOODRICH CORP,GR,2011-12-31,2011,20,2010,201010,20101010,336413,3728,33,336,37,3728
005234,GOODYEAR TIRE & RUBBER CO,GT,2025-12-31,2025,25,2510,251010,25101020,326211,3011,32,326,30,3011
005237,GORMAN-RUPP CO,GRC,2025-12-31,2025,20,2010,201060,20106020,333914,3561,33,333,35,3561
005242,COLE REAL ESTATE INCM STRTGY,6283B,2020-12-31,2020,40,4040,404020,40402010,531120,6798,53,531,67,6798
005250,GRACE (W R) & CO,GRA,2020-12-31,2020,15,1510,151010,15101050,325998,2810,32,325,28,2810
005252,GRACO INC,GGG,2025-12-31,2025,20,2010,201060,20106020,333914,3561,33,333,35,3561
005256,GRAINGER (W W) INC,GWW,2025-12-31,2025,20,2010,201070,20107010,000042,5000,00,000,50,5000
005284,GRAY MEDIA INC,GTN,2025-12-31,2025,50,5020,502010,50201020,516120,4833,51,516,48,4833
005296,COLE CORPORATE INCM TR INC,6284B,2013-12-31,2013,40,4040,404020,40402010,531120,6798,53,531,67,6798
005342,MONEYGRAM INTERNATIONAL INC,MGI,2022-12-31,2022,40,4020,402010,40201060,522320,6099,52,522,60,6099
005379,GULFMARK OFFSHORE INC,GLF,2017-12-31,2017,10,1010,101010,10101020,483111,4412,48,483,44,4412
005439,HALLIBURTON CO,HAL,2025-12-31,2025,10,1010,101010,10101020,213112,1389,21,213,13,1389
005492,L3HARRIS TECHNOLOGIES INC,LHX,2025-12-31,2025,20,2010,201010,20101010,334511,3812,33,334,38,3812
005496,ENVIRI CORP,NVRI,2025-12-31,2025,20,2020,202010,20201050,331110,3390,33,331,33,3390
005518,HASBRO INC,HAS,2025-12-31,2025,25,2520,252020,25202010,339930,3944,33,339,39,3944
005523,HAVERTY FURNITURE,HVT,2025-12-31,2025,25,2550,255040,25504060,449110,5712,44,449,57,5712
005539,HEALTHCARE SERVICES GROUP,HCSG,2025-12-31,2025,20,2020,202010,20201070,621999,8090,62,621,80,8090
005543,WELLTOWER INC,WELL,2025-12-31,2025,60,6010,601050,60105010,531110,6798,53,531,67,6798
005567,HEICO CORP,HEI,2025-10-31,2025,20,2010,201010,20101010,336412,3724,33,336,37,3724
005572,HELEN OF TROY LTD,HELE,2025-02-28,2024,25,2520,252010,25201040,335210,3634,33,335,36,3634
005581,HELMERICH & PAYNE,HP,2025-09-30,2025,10,1010,101010,10101010,213111,1381,21,213,13,1381
005594,HERLEY INDUSTRIES INC/DE,HRLY,2010-07-31,2010,20,2010,201010,20101010,334511,3812,33,334,38,3812
005597,HERSHEY CO,HSY,2025-12-31,2025,30,3020,302020,30202030,003113,2060,00,003,20,2060
005600,HERTZ GLOBAL HOLDINGS INC,HTZ,2025-12-31,2025,20,2030,203040,20304040,532111,7510,53,532,75,7510
005606,HP INC,HPQ,2025-10-31,2025,45,4520,452020,45202030,033411,3570,03,033,35,3570
005608,HEXCEL CORP,HXL,2025-12-31,2025,20,2010,201010,20101010,325211,2821,32,325,28,2821
005621,CRAWFORD UNITED CORP,CRAWA,2024-12-31,2024,20,2010,201060,20106020,003329,3490,00,003,34,3490
005650,HITACHI LTD,HTHIY,2025-03-31,2024,20,2010,201050,20105010,999977,9997,99,999,99,9997
005667,HF SINCLAIR CORP,DINO,2025-12-31,2025,10,1010,101020,10102030,324110,2911,32,324,29,2911
005680,HOME DEPOT INC,HD,2025-01-31,2024,25,2550,255040,25504030,444110,5211,44,444,52,5211
005691,HONDA MOTOR CO LTD,HMC,2025-03-31,2024,25,2510,251020,25102010,336110,3711,33,336,37,3711
005709,HORMEL FOODS CORP,HRL,2025-10-31,2025,30,3020,302020,30202030,311611,2011,31,311,20,2011
005723,STARWOOD HOTELS&RESORTS WRLD,HOT,2015-12-31,2015,25,2530,253010,25301020,721110,7011,72,721,70,7011
005742,CENTERPOINT ENERGY INC,CNP,2025-12-31,2025,55,5510,551030,55103010,022111,4931,02,022,49,4931
005763,URSTADT BIDDLE PROPERTIES,UBA,2022-10-31,2022,60,6010,601070,60107010,531120,6798,53,531,67,6798
005791,HUTCHINSON TECHNOLOGY INC,HTCH,2015-09-30,2015,45,4520,452020,45202030,334418,3679,33,334,36,3679
005831,IEC ELECTRONICS CORP,IEC,2020-09-30,2020,45,4520,452030,45203020,334412,3672,33,334,36,3672
005849,BBX CAPITAL CORP,BBX,2019-12-31,2019,25,2530,253010,25301020,721110,6035,72,721,60,6035
005860,ITT INC,ITT,2025-12-31,2025,20,2010,201060,20106020,333914,3561,33,333,35,3561
005862,RAYONIER INC,RYN,2025-12-31,2025,60,6010,601080,60108040,531190,6798,53,531,67,6798
005888,TELIGENT INC,TLGTQ,2020-12-31,2020,35,3520,352020,35202010,325412,2834,32,325,28,2834
005918,VECTREN CORP,VVC,2017-12-31,2017,55,5510,551030,55103010,221210,4923,22,221,49,4923
005959,TRANE TECHNOLOGIES PLC,TT,2025-12-31,2025,20,2010,201020,20102010,333415,3585,33,333,35,3585
005968,RYERSON HOLDING CORP,RYZ,2025-12-31,2025,15,1510,151040,15104050,423510,5051,42,423,50,5051
005987,GRIFFON CORP,GFF,2025-09-30,2025,20,2010,201020,20102010,332216,3420,33,332,34,3420
006003,INTEGRATED DEVICE TECH INC,IDTI,2018-03-31,2017,45,4530,453010,45301020,334413,3674,33,334,36,3674
006008,INTEL CORP,INTC,2025-12-31,2025,45,4530,453010,45301020,334413,3674,33,334,36,3674
006013,CORECARD CORP,CCRD,2024-12-31,2024,45,4510,451030,45103010,513210,7372,51,513,73,7372
006066,INTL BUSINESS MACHINES CORP,IBM,2025-12-31,2025,45,4510,451020,45102010,518210,7370,51,518,73,7370
006081,NAVISTAR INTERNATIONAL CORP,NAV,2020-10-31,2020,20,2010,201060,20106010,336120,3711,33,336,37,3711
006100,INTERDIGITAL INC,IDCC,2025-12-31,2025,45,4510,451030,45103010,533110,6794,53,533,67,6794
006109,INTL RECTIFIER CORP,IRF,2014-06-30,2014,45,4530,453010,45301020,334413,3674,33,334,36,3674
006110,IRIS INTERNATIONAL INC,IRIS,2011-12-31,2011,35,3510,351010,35101010,334516,3826,33,334,38,3826
006115,INTL SHIPHOLDING CORP,ISHCQ,2015-12-31,2015,20,2030,203030,20303010,000483,4400,00,000,44,4400
006130,INTERPHASE CORP,INPHQ,2014-12-31,2014,45,4520,452010,45201020,334210,3576,33,334,35,3576
006136,INTERPUBLIC GROUP OF COS,IPG,2024-12-31,2024,50,5020,502010,50201010,541810,7311,54,541,73,7311
006194,ISRAMCO INC,ISRL.1,2018-12-31,2018,10,1010,101020,10102020,211120,1311,21,211,13,1311
006196,ANIXTER INTL INC,AXE,2019-12-31,2019,45,4520,452030,45203030,423690,5065,42,423,50,5065
006213,EPOCH HOLDING CORP,EPHC,2012-06-30,2012,40,4020,402030,40203010,523920,6282,52,523,62,6282
006216,JACOBS SOLUTIONS INC,J,2025-09-30,2025,20,2020,202020,20202020,054161,8700,05,054,87,8700
006239,JEFFERIES GROUP LLC,LUK2,2021-11-30,2021,40,4020,402030,40203020,523110,6211,52,523,62,6211
006242,SMURFIT-STONE CONTAINER CORP,SSCC.,2010-12-31,2010,15,1510,151030,15103020,322130,2631,32,322,26,2631
006266,JOHNSON & JOHNSON,JNJ,2025-12-31,2025,35,3520,352020,35202010,325412,2834,32,325,28,2834
006268,JOHNSON CONTROLS INTL PLC,JCI,2025-09-30,2025,20,2010,201020,20102010,333415,3585,33,333,35,3585
006304,KLA CORP,KLAC,2025-06-30,2025,45,4530,453010,45301010,333314,3827,33,333,38,3827
006307,SEARS HOLDINGS CORP,SHLDQ,2018-01-31,2017,25,2550,255030,25503010,452111,5311,45,452,53,5311
006310,KINDER MORGAN INC,KMI,2025-12-31,2025,10,1010,101020,10102040,486210,4923,48,486,49,4923
006311,PRIMEENERGY RESOURCES CORP,PNRG,2025-12-31,2025,10,1010,101020,10102020,211120,1311,21,211,13,1311
006315,K V PHARMACEUTICAL  -CL A,KVPHQ,2012-03-31,2011,35,3520,352020,35202010,325412,2834,32,325,28,2834
006326,KAMAN CORP,KAMN,2023-12-31,2023,20,2010,201010,20101010,003364,3720,00,003,37,3720
006338,EVERGY INC,EVRG,2025-12-31,2025,55,5510,551010,55101010,022111,4931,02,022,49,4931
006375,KELLANOVA,K,2024-12-31,2024,30,3020,302020,30202030,311230,2040,31,311,20,2040
006386,KENNAMETAL INC,KMT,2025-06-30,2025,20,2010,201060,20106020,333517,3540,33,333,35,3540
006397,KENTUCKY POWER,AEP4,2025-12-31,2025,55,5510,551010,55101010,002211,4911,00,002,49,4911
006416,KEY TRONIC CORP,KTCC,2025-06-30,2025,45,4520,452030,45203020,334418,3670,33,334,36,3670
006433,KIMBALL INTERNATIONAL  -CL B,KBAL,2022-06-30,2022,20,2020,202010,20201060,337211,2520,33,337,25,2520
006435,KIMBERLY-CLARK CORP,KMB,2025-12-31,2025,30,3030,303010,30301010,322120,2621,32,322,26,2621
006461,KIRBY CORP,KEX,2025-12-31,2025,20,2030,203030,20303010,483211,4400,48,483,44,4400
006497,KOSS CORP,KOSS,2025-06-30,2025,25,2520,252010,25201010,334310,3651,33,334,36,3651
006502,KROGER CO,KR,2025-01-31,2024,30,3010,301010,30101030,445110,5411,44,445,54,5411
006506,KUBOTA CORP,KUBTY,2024-12-31,2024,20,2010,201060,20106015,333111,3523,33,333,35,3523
006509,KULICKE & SOFFA INDUSTRIES,KLIC,2025-09-30,2025,45,4530,453010,45301010,333242,3559,33,333,35,3559
006512,KYOCERA CORP,KYOCY,2025-03-31,2024,45,4520,452030,45203015,334413,3674,33,334,36,3674
006529,LSI CORP,LSI.1,2013-12-31,2013,45,4530,453010,45301020,334413,3674,33,334,36,3674
006532,XCERRA CORP,XCRA,2017-07-31,2017,45,4530,453010,45301010,334515,3825,33,334,38,3825
006534,LA BARGE INC,LB.1,2010-06-30,2010,20,2010,201040,20104010,334511,3812,33,334,38,3812
006543,LA-Z-BOY INC,LZB,2025-04-30,2024,25,2520,252010,25201020,337121,2510,33,337,25,2510
006547,SPIRE INC,SR,2025-09-30,2025,55,5510,551020,55102010,221210,4924,22,221,49,4924
006565,LAM RESEARCH CORP,LRCX,2025-06-30,2025,45,4530,453010,45301010,333242,3559,33,333,35,3559
006573,MARZETTI CO (THE),MZTI,2025-06-30,2025,30,3020,302020,30202030,311941,2030,31,311,20,2030
006653,LEGG MASON INC,LM,2020-03-31,2019,40,4020,402030,40203010,523920,6282,52,523,62,6282
006661,4LICENSING CORP,FOURQ,2014-12-31,2014,25,2540,254010,25401030,533110,6794,53,533,67,6794
006669,LENNAR CORP,LEN,2025-11-30,2025,25,2520,252010,25201030,236117,1531,23,236,15,1531
006682,JEFFERIES FINANCIAL GRP INC,JEF,2025-11-30,2025,40,4020,402030,40203020,523150,6211,52,523,62,6211
006730,LILLY (ELI) & CO,LLY,2025-12-31,2025,35,3520,352020,35202010,325412,2834,32,325,28,2834
006733,BATH & BODY WORKS INC,BBWI,2025-01-31,2024,25,2550,255040,25504040,456120,5990,45,456,59,5990
006768,KATE SPADE & CO,KATE,2016-12-31,2016,25,2520,252030,25203010,000315,2300,00,000,23,2300
006774,LOCKHEED MARTIN CORP,LMT,2025-12-31,2025,20,2010,201010,20101010,336414,3760,33,336,37,3760
006781,LOEWS CORP,L,2025-12-31,2025,40,4030,403010,40301040,524126,6331,52,524,63,6331
006788,RANGE RESOURCES CORP,RRC,2025-12-31,2025,10,1010,101020,10102020,002111,1311,00,002,13,1311
006791,FIRST ACCEPTANCE CORP,FACO,2025-12-31,2025,40,4030,403010,40301040,524126,6331,52,524,63,6331
006821,LOUISIANA-PACIFIC CORP,LPX,2025-12-31,2025,15,1510,151050,15105010,321219,2400,32,321,24,2400
006829,LOWE'S COS INC,LOW,2025-01-31,2024,25,2550,255040,25504030,444110,5211,44,444,52,5211
006845,LYDALL INC,LDL,2020-12-31,2020,20,2010,201060,20106020,336390,3714,33,336,37,3714
006848,LGL GROUP INC,LGL,2025-12-31,2025,45,4520,452030,45203015,334419,3679,33,334,36,3679
006865,MDC HOLDINGS INC,MDC,2023-12-31,2023,25,2520,252010,25201030,236117,1531,23,236,15,1531
006900,MTS SYSTEMS CORP,MTSC,2020-09-30,2020,45,4520,452030,45203010,334519,3829,33,334,38,3829
006946,MAGNA INTERNATIONAL INC,MGA,2025-12-31,2025,25,2510,251010,25101010,336211,3714,33,336,37,3714
006972,MAKITA CORP,MKTAY,2025-03-31,2024,20,2010,201060,20106020,333991,3540,33,333,35,3540
007017,MARATHON OIL CORP,MRO,2023-12-31,2023,10,1010,101020,10102020,002111,1311,00,002,13,1311
007034,MARINE PETROLEUM TRUST,MARPS,2025-06-30,2025,10,1010,101020,10102020,533110,6792,53,533,67,6792
007063,HOST HOTELS & RESORTS INC,HST,2025-12-31,2025,60,6010,601030,60103010,531120,6798,53,531,67,6798
007085,MASCO CORP,MAS,2025-12-31,2025,20,2010,201020,20102010,332913,3430,33,332,34,3430
007092,CCUR HOLDINGS INC,CCUR,2020-06-30,2020,40,4020,402010,40201040,000531,6500,00,000,65,6500
007107,MATERIAL SCIENCES CORP,MASC,2013-02-28,2012,15,1510,151010,15101050,332813,3470,33,332,34,3470
007116,MATTEL INC,MAT,2025-12-31,2025,25,2520,252020,25202010,339930,3942,33,339,39,3942
007124,MAXWELL TECHNOLOGIES INC,MXWL,2018-12-31,2018,45,4520,452030,45203020,335311,3612,33,335,36,3612
007146,MCCORMICK & CO INC,MKC,2025-11-30,2025,30,3020,302020,30202030,311942,2090,31,311,20,2090
007152,MCDERMOTT INTL INC,MDRIQ,2019-12-31,2019,10,1010,101010,10101020,541330,8711,54,541,87,8711
007154,MCDONALD'S CORP,MCD,2025-12-31,2025,25,2530,253010,25301040,722513,5812,72,722,58,5812
007163,S&P GLOBAL INC,SPGI,2025-12-31,2025,40,4020,402030,40203040,561450,7323,56,561,73,7323
007171,MCKESSON CORP,MCK,2025-03-31,2024,35,3510,351020,35102010,424210,5122,42,424,51,5122
007186,MEDCO HEALTH SOLUTIONS INC,MHS,2011-12-31,2011,35,3510,351020,35102015,446110,5912,44,446,59,5912
007192,INTEGRAL VISION INC,INVI,2011-12-31,2011,45,4520,452030,45203010,333314,3827,33,333,38,3827
007205,MEDICAL ACTION INDUSTRIES,MDCI,2014-03-31,2013,35,3510,351010,35101020,339113,3842,33,339,38,3842
007228,MEDTRONIC PLC,MDT,2025-04-30,2024,35,3510,351010,35101010,334510,3845,33,334,38,3845
007241,CVS HEALTH CORP,CVS,2025-12-31,2025,35,3510,351020,35102015,000621,8000,00,000,80,8000
007257,MERCK & CO INC,MRK,2025-12-31,2025,35,3520,352020,35202010,325412,2834,32,325,28,2834
007260,MEREDITH CORP,MDP,2021-06-30,2021,50,5020,502010,50201040,511120,2721,51,511,27,2721
007291,METHODE ELECTRONICS INC,MEI,2025-04-30,2024,45,4520,452030,45203020,334417,3678,33,334,36,3678
007300,UNITED CAPITAL CORP,UCAP,2013-12-31,2013,20,2010,201050,20105010,721110,7011,72,721,70,7011
007309,MEXCO ENERGY CORP,MXC,2025-03-31,2024,10,1010,101020,10102020,211120,1311,21,211,13,1311
007316,MICHAELS COS INC,MIK,2021-01-31,2020,25,2550,255040,25504040,451120,5945,45,451,59,5945
007343,MICRON TECHNOLOGY INC,MU,2025-08-31,2025,45,4530,453010,45301020,334413,3674,33,334,36,3674
007346,MICROSEMI CORP,MSCC,2017-09-30,2017,45,4530,453010,45301020,334413,3674,33,334,36,3674
007366,ENTERGY CORP,ETR,2025-12-31,2025,55,5510,551010,55101010,022111,4911,02,022,49,4911
007368,MIDDLESEX WATER CO,MSEX,2025-12-31,2025,55,5510,551040,55104010,221310,4941,22,221,49,4941
007422,EXCO RESOURCES INC,EXCE,2018-12-31,2018,10,1010,101020,10102020,211130,1311,21,211,13,1311
007435,3M CO,MMM,2025-12-31,2025,20,2010,201050,20105010,999977,9997,99,999,99,9997
007437,ALLETE INC,ALE,2024-12-31,2024,55,5510,551010,55101010,221111,4931,22,221,49,4931
007447,MISSION WEST PROPERTIES INC,MSWP,2011-12-31,2011,40,4040,404020,40402040,531120,6798,53,531,67,6798
007469,ZARLINK SEMICONDUCTOR INC,3ZARLF,2011-03-31,2010,45,4530,453010,45301020,334413,3674,33,334,36,3674
007471,MITSUI & CO LTD,MITSY,2025-03-31,2024,20,2010,201070,20107010,000042,5000,00,000,50,5000
007486,MODINE MANUFACTURING CO,MOD,2025-03-31,2024,20,2010,201020,20102010,333415,3585,33,333,35,3585
007506,MOLEX INC,MOLX,2013-06-30,2013,45,4520,452030,45203020,334417,3678,33,334,36,3678
007509,MOLYCORP INC,MCPIQ,2014-12-31,2014,15,1510,151040,15104020,331492,3390,33,331,33,3390
007525,MONMOUTH RE INVESTMENT CP,MNR.2,2021-09-30,2021,60,6010,601010,60101020,531120,6798,53,531,67,6798
007526,QUIDELORTHO CORP,QDEL,2025-12-31,2025,35,3510,351010,35101010,325413,2835,32,325,28,2835
007549,MOOG INC  -CL A,MOG.A,2025-09-30,2025,20,2010,201010,20101010,336413,3728,33,336,37,3728
007585,MOTOROLA SOLUTIONS INC,MSI,2025-12-31,2025,45,4520,452010,45201020,334220,3663,33,334,36,3663
007620,MURPHY OIL CORP,MUR,2025-12-31,2025,10,1010,101020,10102020,002111,1311,00,002,13,1311
007637,VIATRIS INC,VTRS,2025-12-31,2025,35,3520,352020,35202010,325412,2834,32,325,28,2834
007647,BANK OF AMERICA CORP,BAC,2025-12-31,2025,40,4010,401010,40101010,522110,6020,52,522,60,6020
007648,NCR VOYIX CORP,VYX,2025-12-31,2025,45,4510,451030,45103010,513210,7372,51,513,73,7372
007658,NL INDUSTRIES,NL,2025-12-31,2025,20,2020,202010,20201060,332991,3562,33,332,35,3562
007682,NANOMETRICS INC,NANO,2018-12-31,2018,45,4530,453010,45301010,334519,3829,33,334,38,3829
007694,MARINA BIOTECH INC -OLD,MRNA.1,2015-12-31,2015,35,3520,352010,35201010,325412,2834,32,325,28,2834
007696,NATHAN'S FAMOUS INC,NATH,2025-03-31,2024,25,2530,253010,25301040,311612,2013,31,311,20,2013
007733,NATIONAL FUEL GAS CO,NFG,2025-09-30,2025,55,5510,551020,55102010,221210,4924,22,221,49,4924
007741,NATIONAL HEALTHCARE CORP,NHC,2025-12-31,2025,35,3510,351020,35102020,623311,8051,62,623,80,8051
007750,TENET HEALTHCARE CORP,THC,2025-12-31,2025,35,3510,351020,35102020,622110,8062,62,622,80,8062
007759,GP STRATEGIES CORP,GPX,2020-12-31,2020,20,2020,202020,20202010,611430,8200,61,611,82,8200
007762,NATIONAL PRESTO INDS INC,NPK,2025-12-31,2025,20,2010,201010,20101010,033299,3480,03,033,34,3480
007772,NATIONAL SEMICONDUCTOR CORP,NSM.2,2011-05-31,2010,45,4530,453010,45301020,334413,3674,33,334,36,3674
007875,NEWELL BRANDS INC,NWL,2025-12-31,2025,25,2520,252010,25201050,003352,3630,00,003,36,3630
007881,NEWMONT CORP,NEM,2025-12-31,2025,15,1510,151040,15104030,212220,1040,21,212,10,1040
007906,NIKE INC  -CL B,NKE,2025-05-31,2024,25,2520,252030,25203020,316210,3021,31,316,30,3021
007912,NOBLE ENERGY INC,NBL,2019-12-31,2019,10,1010,101020,10102020,002111,1311,00,002,13,1311
007922,NORDSTROM INC,JWN,2025-01-31,2024,25,2550,255030,25503030,458110,5651,45,458,56,5651
007923,NORFOLK SOUTHERN CORP,NSC,2025-12-31,2025,20,2030,203040,20304010,482111,4011,48,482,40,4011
007938,NACCO INDUSTRIES  -CL A,NC,2025-12-31,2025,10,1010,101020,10102050,212114,1221,21,212,12,1221
007951,MOVADO GROUP INC,MOV,2025-01-31,2024,25,2520,252030,25203010,334519,3873,33,334,38,3873
007970,EVERSOURCE ENERGY,ES,2025-12-31,2025,55,5510,551010,55101010,002211,4931,00,002,49,4931
007974,NISOURCE INC,NI,2025-12-31,2025,55,5510,551030,55103010,221210,4932,22,221,49,4932
007977,XCEL ENERGY INC,XEL,2025-12-31,2025,55,5510,551010,55101010,002211,4931,00,002,49,4931
007980,NORTEL NETWORKS CORP,NRTLQ,2011-12-31,2011,45,4520,452010,45201020,999990,9995,99,999,99,9995
007985,NORTHROP GRUMMAN CORP,NOC,2025-12-31,2025,20,2010,201010,20101010,334511,3812,33,334,38,3812
007991,TEREX CORP,TEX,2025-12-31,2025,20,2010,201060,20106010,333923,3530,33,333,35,3530
007994,NORTHWEST PIPELINE CORP,WMB2,2025-12-31,2025,10,1010,101020,10102040,486210,4922,48,486,49,4922
008007,WELLS FARGO & CO,WFC,2025-12-31,2025,40,4010,401010,40101010,522110,6020,52,522,60,6020
008020,NOVO NORDISK A/S,NVO,2025-12-31,2025,35,3520,352020,35202010,325412,2834,32,325,28,2834
008030,NUCOR CORP,NUE,2025-12-31,2025,15,1510,151040,15104050,331110,3312,33,331,33,3312
008065,OAKRIDGE ENERGY INC,OAKR,2010-02-28,2009,10,1010,101020,10102020,211111,1311,21,211,13,1311
008068,OCCIDENTAL PETROLEUM CORP,OXY,2025-12-31,2025,10,1010,101020,10102010,002111,1311,00,002,13,1311
008092,BRISTOW GROUP INC,VTOL,2025-12-31,2025,10,1010,101010,10101020,481211,4522,48,481,45,4522
008099,FIRSTENERGY CORP,FE,2025-12-31,2025,55,5510,551010,55101010,022111,4911,02,022,49,4911
008101,SEALY CORP,ZZ,2012-11-30,2012,25,2520,252010,25201020,337910,2510,33,337,25,2510
008105,OIL DRI CORP AMERICA,ODC,2025-07-31,2025,30,3030,303010,30301010,327992,3290,32,327,32,3290
008148,ONE LIBERTY PROPERTIES INC,OLP,2025-12-31,2025,60,6010,601025,60102510,531120,6798,53,531,67,6798
008151,ONEOK INC,OKE,2025-12-31,2025,10,1010,101020,10102040,221210,4923,22,221,49,4923
008169,ORBOTECH LTD,ORBK,2017-12-31,2017,45,4520,452030,45203010,334513,3823,33,334,38,3823
008176,ORBIT INTERNATIONAL CORP,ORBT,2025-12-31,2025,20,2010,201040,20104010,334511,3812,33,334,38,3812
008210,OVERSEAS SHIPHOLDING GROUP,OSG.1,2023-12-31,2023,10,1010,101020,10102040,483111,4412,48,483,44,4412
008213,ACCENDRA HEALTH INC,ACH,2025-12-31,2025,35,3510,351020,35102010,423450,5047,42,423,50,5047
008214,OWENS CORNING,OC,2025-12-31,2025,20,2010,201020,20102010,327993,3290,32,327,32,3290
008215,O-I GLASS INC,OI,2025-12-31,2025,15,1510,151030,15103010,327213,3221,32,327,32,3221
008219,OXFORD INDUSTRIES INC,OXM,2025-01-31,2024,25,2520,252030,25203010,000315,2300,00,000,23,2300
008229,P & F INDUSTRIES  -CL A,PFIN,2022-12-31,2022,20,2010,201060,20106020,333991,3540,33,333,35,3540
008245,PNC FINANCIAL SVCS GROUP INC,PNC,2025-12-31,2025,40,4010,401010,40101010,522110,6020,52,522,60,6020
008247,PPG INDUSTRIES INC,PPG,2025-12-31,2025,15,1510,151010,15101050,325510,2851,32,325,28,2851
008253,PACCAR INC,PCAR,2025-12-31,2025,20,2010,201060,20106010,336120,3711,33,336,37,3711
008264,PG&E CORP,PCG,2025-12-31,2025,55,5510,551010,55101010,002211,4931,00,002,49,4931
008272,SEMPRA ENERGY,SRE,2025-12-31,2025,55,5510,551030,55103010,486210,4923,48,486,49,4923
008304,PALL CORP,PLL.1,2014-07-31,2014,20,2010,201060,20106020,333999,3569,33,333,35,3569
008326,PANHANDLE EASTERN PIPE LINE,PEL1,2021-12-31,2021,55,5510,551020,55102010,486210,4922,48,486,49,4922
008333,PAR PHARMACEUTCL HLDGS -REDH,7259B,2014-12-31,2014,35,3520,352020,35202010,325412,2834,32,325,28,2834
008334,PAR TECHNOLOGY CORP,PAR,2025-12-31,2025,45,4510,451030,45103010,541511,7371,54,541,73,7371
008348,PARK AEROSPACE CORP,PKE,2025-02-28,2024,20,2010,201010,20101010,334412,3672,33,334,36,3672
008350,PARK OHIO HOLDINGS CORP,PKOH,2025-12-31,2025,20,2010,201060,20106020,423710,5072,42,423,50,5072
008357,PARKER DRILLING CO,PKDC,2019-12-31,2019,10,1010,101010,10101010,213111,1381,21,213,13,1381
008358,PARKER-HANNIFIN CORP,PH,2025-06-30,2025,20,2010,201060,20106020,332912,3490,33,332,34,3490
008363,PARKWAY PROPERTIES INC,PKY.1,2015-12-31,2015,60,6010,601010,60101040,531110,6798,53,531,67,6798
008387,GOODRICH PETROLEUM CORP,GDP,2020-12-31,2020,10,1010,101020,10102020,211130,1311,21,211,13,1311
008402,PAYCHEX INC,PAYX,2025-05-31,2024,20,2020,202020,20202010,541214,8721,54,541,87,8721
008440,RANGER OIL CORPORATION,ROCC,2022-12-31,2022,10,1010,101020,10102020,002111,1311,00,002,13,1311
008455,PPL CORP,PPL,2025-12-31,2025,55,5510,551010,55101010,002211,4911,00,002,49,4911
008457,PENNSYLVANIA RE INVS TRUST,PRETQ,2022-12-31,2022,60,6010,601070,60107010,531120,6798,53,531,67,6798
008463,PENTAIR PLC,PNR,2025-12-31,2025,20,2010,201060,20106020,333914,3561,33,333,35,3561
008479,PEPSICO INC,PEP,2025-12-31,2025,30,3020,302010,30201030,031211,2080,03,031,20,2080
008512,PDC ENERGY INC,PDCE,2022-12-31,2022,10,1010,101020,10102020,211120,1311,21,211,13,1311
008530,PFIZER INC,PFE,2025-12-31,2025,35,3520,352020,35202010,325412,2834,32,325,28,2834
008539,EXELON CORP,EXC,2025-12-31,2025,55,5510,551010,55101010,022111,4911,02,022,49,4911
008542,ESSENTIAL UTILITIES INC,WTRG,2025-12-31,2025,55,5510,551040,55104010,221310,4941,22,221,49,4941
008543,ALTRIA GROUP INC,MO,2025-12-31,2025,30,3020,302030,30203010,312230,2111,31,312,21,2111
008544,PLDT INC,PHI,2025-12-31,2025,50,5010,501020,50102010,517112,4812,51,517,48,4812
008546,KONINKLIJKE PHILIPS NV,PHG,2024-12-31,2024,35,3510,351010,35101010,334510,3845,33,334,38,3845
008549,CONOCOPHILLIPS,COP,2025-12-31,2025,10,1010,101020,10102020,002111,1311,00,002,13,1311
008551,PVH CORP,PVH,2025-01-31,2024,25,2520,252030,25203010,000315,2300,00,000,23,2300
008579,PIER 1 IMPORTS INC/DE,PIRRQ,2019-02-28,2018,25,2550,255040,25504060,442299,5700,44,442,57,5700
008582,SENECA FOODS CORP,SENEA,2025-03-31,2024,30,3020,302020,30202030,311421,2033,31,311,20,2033
008599,AGILYSYS INC,AGYS,2025-03-31,2024,45,4510,451030,45103010,513210,7372,51,513,73,7372
008606,PITNEY BOWES INC,PBI,2025-12-31,2025,20,2020,202010,20201060,333310,3579,33,333,35,3579
008633,PLANTRONICS INC,POLY,2022-03-31,2021,45,4520,452010,45201020,334210,3661,33,334,36,3661
008661,PROFESSIONAL DIVERSITY NETWK,IPDN,2025-12-31,2025,20,2020,202020,20202010,005613,7361,00,005,73,7361
008694,PEPCO HOLDINGS INC,POM.2,2015-12-31,2015,55,5510,551010,55101010,002211,4911,00,002,49,4911
008717,PRECISION CASTPARTS CORP,PCP,2015-12-31,2015,20,2010,201010,20101010,336413,3728,33,336,37,3728
008762,PROCTER & GAMBLE CO,PG,2025-06-30,2025,30,3030,303010,30301010,325611,2840,32,325,28,2840
008823,PULTEGROUP INC,PHM,2025-12-31,2025,25,2520,252010,25201030,236117,1531,23,236,15,1531
008826,PURE CYCLE CORP,PCYO,2025-08-31,2025,55,5510,551040,55104010,237210,6552,23,237,65,6552
008832,ARGAN INC,AGX,2025-01-31,2024,20,2010,201030,20103010,541330,8711,54,541,87,8711
008838,PYRAMID OIL CO,PDO.1,2013-12-31,2013,10,1010,101020,10102020,211111,1311,21,211,13,1311
008850,QUAKER HOUGHTON,KWR,2025-12-31,2025,15,1510,151010,15101050,324191,2990,32,324,29,2990
008864,AMTECH SYSTEMS INC,ASYS,2025-09-30,2025,45,4530,453010,45301010,333242,3559,33,333,35,3559
008867,QUANTUM CORP,QMCO,2025-03-31,2024,45,4520,452020,45202030,334112,3572,33,334,35,3572
008892,RCM TECHNOLOGIES INC,RCMT,2025-12-31,2025,20,2020,202020,20202020,561320,7363,56,561,73,7363
008901,RPC INC,RES,2025-12-31,2025,10,1010,101010,10101020,213112,1389,21,213,13,1389
008902,RPM INTERNATIONAL INC,RPM,2025-05-31,2024,15,1510,151010,15101050,325998,2890,32,325,28,2890
008958,RAVEN INDUSTRIES INC,RAVN,2021-01-31,2020,20,2010,201050,20105010,326113,3080,32,326,30,3080
008972,RAYTHEON CO,RTN,2019-12-31,2019,20,2010,201010,20101010,334511,3812,33,334,38,3812
009016,REGAL REXNORD CORP,RRX,2025-12-31,2025,20,2010,201040,20104010,335312,3621,33,335,36,3621
009023,REGIS CORP/MN,RGS,2025-06-30,2025,25,2530,253020,25302020,812112,7200,81,812,72,7200
009063,AUTONATION INC,AN,2025-12-31,2025,25,2550,255040,25504050,441110,5500,44,441,55,5500
009125,RICHARDSON ELECTRONICS LTD,RELL,2025-05-31,2024,45,4520,452030,45203030,423690,5065,42,423,50,5065
009155,RITE AID CORP,RADCQ,2023-02-28,2022,30,3010,301010,30101010,456110,5912,45,456,59,5912
009248,ROSS STORES INC,ROST,2025-01-31,2024,25,2550,255040,25504010,458110,5651,45,458,56,5651
009256,ROUSE PROPERTIES INC,RSE,2015-12-31,2015,40,4040,404020,40402060,531120,6798,53,531,67,6798
009258,ROWAN COMPANIES LTD,RDC,2018-12-31,2018,10,1010,101010,10101010,213111,1381,21,213,13,1381
009273,ROYAL GOLD INC,RGLD,2025-12-31,2025,15,1510,151040,15104030,523910,6795,52,523,67,6795
009284,HARRIS TEETER SUPERMARKETS,HTSI,2013-09-30,2013,30,3010,301010,30101030,445110,5411,44,445,54,5411
009289,KID BRANDS INC,KIDBQ,2013-12-31,2013,25,2520,252010,25201020,339999,3990,33,339,39,3990
009299,RYDER SYSTEM INC,R,2025-12-31,2025,20,2030,203040,20304030,532120,7510,53,532,75,7510
009302,RYLAND GROUP INC,RYL,2014-12-31,2014,25,2520,252010,25201030,236117,1531,23,236,15,1531
009325,SL INDUSTRIES INC,SLI.1,2015-12-31,2015,20,2010,201040,20104010,335999,3620,33,335,36,3620
009359,SAFEWAY INC,SWY,2013-12-31,2013,30,3010,301010,30101030,445110,5411,44,445,54,5411
009372,ST JUDE MEDICAL INC,STJ,2015-12-31,2015,35,3510,351010,35101010,334510,3845,33,334,38,3845
009465,SLB LTD,SLB,2025-12-31,2025,10,1010,101010,10101020,213112,1389,21,213,13,1389
009472,SCHULMAN (A.) INC,SHLM,2017-08-31,2017,15,1510,151010,15101050,325211,2821,32,325,28,2821
009521,HORIZON KINETICS HLDING CORP,HKHC,2025-12-31,2025,30,3030,303020,30302010,523940,6282,52,523,62,6282
009551,DIGITAL TURBINE INC,APPS,2025-03-31,2024,45,4510,451030,45103010,513210,7372,51,513,73,7372
009590,INTRICON CORP,IIN,2021-12-31,2021,35,3510,351010,35101010,334510,3842,33,334,38,3842
009599,SEMTECH CORP,SMTC,2025-01-31,2024,45,4530,453010,45301020,334413,3674,33,334,36,3674
009664,SHENANDOAH TELECOMMUN CO,SHEN,2025-12-31,2025,50,5010,501010,50101020,517111,4813,51,517,48,4813
009667,SHERWIN-WILLIAMS CO,SHW,2025-12-31,2025,15,1510,151010,15101050,325510,2851,32,325,28,2851
009693,JOHN D OIL AND GAS CO,JDOGQ,2011-12-31,2011,10,1010,101020,10102020,211111,1311,21,211,13,1311
009698,SIFCO INDUSTRIES,SIF,2025-09-30,2025,20,2010,201010,20101010,336412,3724,33,336,37,3724
009699,SIGMA-ALDRICH CORP,SIAL,2014-12-31,2014,15,1510,151010,15101050,325411,2833,32,325,28,2833
009728,MCEWEN INC,MUX,2025-12-31,2025,15,1510,151040,15104030,212221,1040,21,212,10,1040
009799,SOLITRON DEVICES INC,SODI,2025-02-28,2024,45,4530,453010,45301020,334413,3674,33,334,36,3674
009815,SONOCO PRODUCTS CO,SON,2025-12-31,2025,15,1510,151030,15103020,322219,2650,32,322,26,2650
009818,SONY GROUP CORPORATION,SONY,2025-03-31,2024,25,2520,252010,25201010,000335,3600,00,000,36,3600
009835,PIONEER ENERGY SERVICES CORP,PESXQ,2019-12-31,2019,10,1010,101010,10101010,213112,1389,21,213,13,1389
009850,SOUTHERN CO,SO,2025-12-31,2025,55,5510,551010,55101010,002211,4911,00,002,49,4911
009860,SOUTHERN NATURAL GAS CO,SNT1,2025-12-31,2025,10,1010,101020,10102040,486210,4922,48,486,49,4922
009867,SOUTHERN UNION CO,SUG,2011-12-31,2011,10,1010,101020,10102040,221210,4924,22,221,49,4924
009882,SOUTHWEST AIRLINES,LUV,2025-12-31,2025,20,2030,203020,20302010,481111,4512,48,481,45,4512
009890,SOUTHWEST GAS HOLDINGS INC,SWX,2025-12-31,2025,55,5510,551020,55102010,221210,4923,22,221,49,4923
009899,AT&T INC,T,2025-12-31,2025,50,5010,501010,50101020,517112,4812,51,517,48,4812
009904,SOUTHWESTERN ENERGY CO,SWN,2023-12-31,2023,10,1010,101020,10102020,002111,1311,00,002,13,1311
009916,SPAN-AMERICA MEDICAL SYS INC,SPAN,2016-09-30,2016,35,3510,351010,35101020,334510,3842,33,334,38,3842
009919,AEBI SCHMIDT HOLDING AG,AEBI,2025-12-31,2025,20,2010,201060,20106010,333924,3537,33,333,35,3537
009937,SPECTRUM CONTROL INC,SPEC.2,2010-11-30,2010,45,4520,452030,45203015,334419,3679,33,334,36,3679
009954,SPIRE CORP,SPIR.1,2013-12-31,2013,45,4530,453010,45301010,334413,3674,33,334,36,3674
009999,STANDARD MICROSYSTEMS CORP,SMSC,2012-02-29,2011,45,4530,453010,45301020,334413,3674,33,334,36,3674
010000,STANDARD MOTOR PRODS,SMP,2025-12-31,2025,25,2510,251010,25101010,336320,3690,33,336,36,3690
010002,CALATLANTIC GROUP INC,CAA,2016-12-31,2016,25,2520,252010,25201030,236117,1531,23,236,15,1531
010016,STANLEY BLACK & DECKER INC,SWK,2025-12-31,2025,20,2010,201060,20106020,333991,3540,33,333,35,3540
010035,STATE STREET CORP,STT,2025-12-31,2025,40,4020,402030,40203010,523940,6282,52,523,62,6282
010086,STEWART INFORMATION SERVICES,STC,2025-12-31,2025,40,4030,403010,40301040,524127,6361,52,524,63,6361
010096,PUBLIC STORAGE,PSA,2025-12-31,2025,60,6010,601080,60108020,531130,6798,53,531,67,6798
010115,STRYKER CORP,SYK,2025-12-31,2025,35,3510,351010,35101010,339112,3841,33,339,38,3841
010156,SUNOCO INC,SUN.1,2011-12-31,2011,10,1010,101020,10102030,324110,2911,32,324,29,2911
010187,SUNTRUST BANKS INC,STI.1,2018-12-31,2018,40,4010,401010,40101015,522110,6020,52,522,60,6020
010190,SUPERVALU INC,SVU,2018-02-28,2017,30,3010,301010,30101030,424410,5141,42,424,51,5141
010195,SUPERIOR INDUSTRIES INTL,SSUP,2024-12-31,2024,25,2510,251010,25101010,336390,3714,33,336,37,3714
010213,SUTRON CORP,STRN.1,2014-12-31,2014,45,4520,452030,45203010,334519,3829,33,334,38,3829
010215,SWANK INC,SNKI,2011-12-31,2011,25,2520,252030,25203010,316993,3100,31,316,31,3100
010221,SILVERBOW RESOURCES INC,SBOW,2023-12-31,2023,10,1010,101020,10102020,211130,1311,21,211,13,1311
010244,SYNTHETECH INC,3NZYM,2010-03-31,2009,35,3520,352010,35201010,325199,2860,32,325,28,2860
010247,SYSCO CORP,SYY,2025-06-30,2025,30,3010,301010,30101020,004244,5140,00,004,51,5140
010277,TECO ENERGY INC,TE.1,2015-12-31,2015,55,5510,551030,55103010,221112,4931,22,221,49,4931
010286,TII NETWORK TECHNOLOGIES INC,TIII,2011-12-31,2011,45,4520,452010,45201020,334290,3669,33,334,36,3669
010305,TSR INC,TSRI,2023-05-31,2022,45,4510,451020,45102010,541511,7371,54,541,73,7371
010345,TASTY BAKING CO,TSTY,2010-12-31,2010,30,3020,302020,30202030,311812,2050,31,311,20,2050
010364,TECHNICAL COMMUNICATIONS CP,TCCO,2022-09-30,2022,45,4520,452010,45201020,334220,3663,33,334,36,3663
010382,TECHNOLOGY RESEARCH CORP,TRCI,2010-03-31,2009,20,2010,201040,20104010,335313,3613,33,335,36,3613
010386,TECUMSEH PRODUCTS CO,TECU,2014-12-31,2014,20,2010,201060,20106020,333415,3585,33,333,35,3585
010405,ATI INC -NEW,ATI,2025-12-31,2025,20,2010,201010,20101010,331491,3350,33,331,33,3350
010420,TELLABS INC,TLAB,2012-12-31,2012,45,4520,452010,45201020,334210,3661,33,334,36,3661
010443,TENNECO INC,TEN.2,2021-12-31,2021,25,2510,251010,25101010,336390,3714,33,336,37,3714
010453,TERADYNE INC,TER,2025-12-31,2025,45,4530,453010,45301010,334515,3825,33,334,38,3825
010466,ANDEAVOR,ANDV,2017-12-31,2017,10,1010,101020,10102030,324110,2911,32,324,29,2911
010484,UNITED AIRLINES INC,UAL2,2025-12-31,2025,20,2030,203020,20302010,048111,4512,04,048,45,4512
010499,TEXAS INSTRUMENTS INC,TXN,2025-12-31,2025,45,4530,453010,45301020,334413,3674,33,334,36,3674
010504,TEXAS PACIFIC LAND CORP,TPL,2025-12-31,2025,10,1010,101020,10102020,533110,6792,53,533,67,6792
010519,TEXTRON INC,TXT,2025-12-31,2025,20,2010,201010,20101010,336411,3721,33,336,37,3721
010530,THERMO FISHER SCIENTIFIC INC,TMO,2025-12-31,2025,35,3520,352030,35203010,334516,3826,33,334,38,3826
010549,THOR INDUSTRIES INC,THO,2025-07-31,2025,25,2510,251020,25102010,336213,3716,33,336,37,3716
010564,TIDELANDS ROYALTY TRUST B,TIRTZ,2017-12-31,2017,10,1010,101020,10102020,533110,6792,53,533,67,6792
010565,TIDEWATER INC,TDW,2025-12-31,2025,10,1010,101010,10101020,488390,4400,48,488,44,4400
010609,TOOTSIE ROLL INDUSTRIES INC,TR,2025-12-31,2025,30,3020,302020,30202030,311340,2060,31,311,20,2060
010629,TOWER PROPERTIES CO,TPRP,2011-12-31,2011,60,6020,602010,60201010,531120,6512,53,531,65,6512
010631,TOTAL SYSTEM SERVICES INC,TSS,2018-12-31,2018,45,4510,451020,45102020,522320,7389,52,522,73,7389
010678,TRANSCONTINENTAL GAS PIPE LN,E1,2025-12-31,2025,10,1010,101020,10102040,486210,4922,48,486,49,4922
010735,TRINITY INDUSTRIES INC,TRN,2025-12-31,2025,20,2010,201060,20106010,336510,3743,33,336,37,3743
010757,UNS ENERGY CORP,UNS,2013-12-31,2013,55,5510,551010,55101010,002211,4911,00,002,49,4911
010787,TYCO INTERNATIONAL PLC,TYC,2015-09-30,2015,20,2020,202010,20201080,334290,3669,33,334,36,3669
010793,TYSON FOODS INC  -CL A,TSN,2025-09-30,2025,30,3020,302020,30202030,311611,2011,31,311,20,2011
010813,URS CORP,URS,2013-12-31,2013,20,2010,201030,20103010,541330,8711,54,541,87,8711
010816,USG CORP,USG.1,2018-12-31,2018,20,2010,201020,20102010,327420,3270,32,327,32,3270
010832,UNICO AMERICAN CORP,UNAM,2021-12-31,2021,40,4030,403010,40301040,524126,6331,52,524,63,6331
010839,UNIFI INC,UFI,2025-06-30,2025,25,2520,252030,25203030,313110,2200,31,313,22,2200
010846,UNILEVER PLC,UL,2025-12-31,2025,30,3030,303020,30302010,003256,2840,00,003,28,2840
010860,AMEREN CORP,AEE,2025-12-31,2025,55,5510,551030,55103010,002211,4931,00,002,49,4931
010877,UNIT CORP,UNTC,2025-12-31,2025,10,1010,101020,10102010,002111,1311,00,002,13,1311
010902,UNITED-GUARDIAN INC,UG,2025-12-31,2025,30,3030,303020,30302010,325412,2834,32,325,28,2834
010903,UNITEDHEALTH GROUP INC,UNH,2025-12-31,2025,35,3510,351020,35102030,524114,6324,52,524,63,6324
010920,UNITED PARCEL SERVICE INC,UPS,2025-12-31,2025,20,2030,203010,20301010,492210,4210,49,492,42,4210
010930,U S ANTIMONY CORP,UAMY,2025-12-31,2025,15,1510,151040,15104020,331410,3330,33,331,33,3330
010938,US ENERGY CORP,USEG,2025-12-31,2025,10,1010,101020,10102020,211120,1311,21,211,13,1311
010981,ESSENDANT INC,ESND,2017-12-31,2017,20,2020,202010,20201060,423430,5045,42,423,50,5045
010983,RTX CORP,RTX,2025-12-31,2025,20,2010,201010,20101010,336412,3724,33,336,37,3724
010984,SPRINT CORP,S.4,2019-03-31,2018,50,5010,501020,50102010,517312,4812,51,517,48,4812
010991,LIGHT & WONDER INC,LNWO,2025-12-31,2025,25,2530,253010,25301010,334118,3570,33,334,35,3570
011017,UNIVERSAL CORP/VA,UVV,2025-03-31,2024,30,3020,302030,30203010,424590,5150,42,424,51,5150
011027,UNIVERSAL SAFETY PRDUCTS INC,UUU,2025-03-31,2024,45,4520,452030,45203010,334290,3669,33,334,36,3669
011060,VF CORP,VFC,2025-03-31,2024,25,2520,252030,25203010,000315,2300,00,000,23,2300
011065,VSE CORP,VSEC,2025-12-31,2025,20,2010,201010,20101010,488190,4581,48,488,45,4581
011115,VARIAN MEDICAL SYSTEMS INC,VAR,2020-09-30,2020,35,3510,351010,35101010,334510,3845,33,334,38,3845
011124,VEECO INSTRUMENTS INC,VECO,2025-12-31,2025,45,4530,453010,45301010,333242,3559,33,333,35,3559
011169,VIDEO DISPLAY CORP,VIDE,2024-02-29,2023,45,4520,452020,45202030,334419,3670,33,334,36,3670
011191,VISHAY INTERTECHNOLOGY INC,VSH,2025-12-31,2025,45,4520,452030,45203015,033441,3670,03,033,36,3670
011213,VOLT INFO SCIENCES INC,VOLT.3,2021-10-31,2021,20,2020,202020,20202010,561320,7363,56,561,73,7363
011220,VORNADO REALTY TRUST,VNO,2025-12-31,2025,60,6010,601040,60104010,531120,6798,53,531,67,6798
011228,VULCAN MATERIALS CO,VMC,2025-12-31,2025,15,1510,151020,15102010,212319,1400,21,212,14,1400
011234,WD-40 CO,WDFC,2025-08-31,2025,30,3030,303010,30301010,325998,2890,32,325,28,2890
011259,WALMART INC,WMT,2025-01-31,2024,30,3010,301010,30101040,455219,5331,45,455,53,5331
011264,WALGREENS BOOTS ALLIANCE INC,WBA,2024-08-31,2024,30,3010,301010,30101010,456110,5912,45,456,59,5912
011300,GRAHAM HOLDINGS CO,GHC,2025-12-31,2025,25,2530,253020,25302010,611691,8200,61,611,82,8200
011301,ELME COMMUNITIES,ELME,2025-12-31,2025,60,6010,601060,60106010,531110,6798,53,531,67,6798
011302,WSI INDUSTRIES INC,WSCI,2017-08-31,2017,20,2010,201060,20106020,003339,3560,00,003,35,3560
011340,WEINGARTEN REALTY INVST,WRI,2020-12-31,2020,60,6010,601010,60101070,531120,6798,53,531,67,6798
011343,WEIS MARKETS INC,WMK,2025-12-31,2025,30,3010,301010,30101030,445110,5411,44,445,54,5411
011399,WESTERN DIGITAL CORP,WDC,2025-06-30,2025,45,4520,452020,45202030,334112,3572,33,334,35,3572
011440,WESTMORELAND COAL CO,WLBAQ,2017-12-31,2017,10,1010,101020,10102050,212111,1220,21,212,12,1220
011446,MEADWESTVACO CORP,MWV,2014-12-31,2014,15,1510,151030,15103020,322130,2631,32,322,26,2631
011456,WEYERHAEUSER CO,WY,2025-12-31,2025,60,6010,601080,60108040,000321,2400,00,000,24,2400
011465,WHIRLPOOL CORP,WHR,2025-12-31,2025,25,2520,252010,25201040,003352,3630,00,003,36,3630
011499,WILEY (JOHN) & SONS  -CL A,WLY,2025-04-30,2024,50,5020,502010,50201040,513120,2721,51,513,27,2721
011506,WILLIAMS COS INC,WMB,2025-12-31,2025,10,1010,101020,10102040,486210,4922,48,486,49,4922
011511,WILLIAMS-SONOMA INC,WSM,2025-01-31,2024,25,2550,255040,25504060,449110,5961,44,449,59,5961
011580,WOODWARD INC,WWD,2025-09-30,2025,20,2010,201010,20101010,003364,3720,00,003,37,3720
011584,FOOT LOCKER INC,FL,2025-01-31,2024,25,2550,255040,25504010,458210,5661,45,458,56,5661
011636,XEROX HOLDINGS CORP,XRX,2025-12-31,2025,45,4520,452020,45202030,333316,3577,33,333,35,3577
011644,KEY ENERGY SERVICES INC,KEGX,2019-12-31,2019,10,1010,101010,10101010,213111,1381,21,213,13,1381
011649,YELLOW CORP,YELLQ,2022-12-31,2022,20,2030,203040,20304030,484122,4213,48,484,42,4213
011669,ZALE CORP,ZLC,2013-07-31,2013,25,2550,255040,25504040,448310,5944,44,448,59,5944
011670,SPECTRUM BRND HLDG INC,SPB,2025-09-30,2025,30,3030,303010,30301010,335210,3634,33,335,36,3634
011672,TJX COS INC (THE),TJX,2025-01-31,2024,25,2550,255040,25504010,458110,5651,45,458,56,5651
011721,OSHKOSH CORP,OSK,2025-12-31,2025,20,2010,201060,20106010,336120,3711,33,336,37,3711
011738,TRADE STREET RESIDENTIAL INC,TSRE,2014-12-31,2014,40,4040,404020,40402050,531110,6798,53,531,67,6798
011745,QUALYS INC,QLYS,2025-12-31,2025,45,4510,451030,45103020,513210,7372,51,513,73,7372
011756,ALEXANDER & BALDWIN INC,ALEX,2025-12-31,2025,60,6010,601010,60101010,005311,6798,00,005,67,6798
011796,LCI INDUSTRIES,LCII,2025-12-31,2025,25,2510,251010,25101010,336211,3711,33,336,37,3711
011856,TRUIST FINANCIAL CORP,TFC,2025-12-31,2025,40,4010,401010,40101015,522110,6020,52,522,60,6020
011910,NOVELL INC,NOVL,2010-10-31,2010,45,4510,451030,45103020,541519,7370,54,541,73,7370
011923,ANADARKO PETROLEUM CORP,APC.1,2018-12-31,2018,10,1010,101020,10102020,002111,1311,00,002,13,1311
011925,NOBLE CORP PLC,NE,2025-12-31,2025,10,1010,101010,10101010,213111,1381,21,213,13,1381
011929,ACURA PHARMACEUTICALS INC,ACUR,2021-12-31,2021,35,3520,352020,35202010,325412,2834,32,325,28,2834
011930,CCA INDUSTRIES INC,CAWW,2024-11-30,2024,30,3030,303020,30302010,325620,2844,32,325,28,2844
011944,TUESDAY MORNING CORP,TUEMQ,2022-06-30,2022,25,2550,255030,25503030,455219,5331,45,455,53,5331
012053,EMC CORP/MA,EMC.2,2015-12-31,2015,45,4520,452020,45202030,334112,3572,33,334,35,3572
012081,GLADSTONE LAND CORP,LAND,2025-12-31,2025,60,6010,601080,60108010,531190,6798,53,531,67,6798
012096,ENVELA CORP,ELA,2025-12-31,2025,25,2550,255040,25504040,458310,5990,45,458,59,5990
012123,BIG LOTS INC,BIGGQ,2024-01-31,2023,25,2550,255030,25503030,455219,5331,45,455,53,5331
012124,MORGAN STANLEY,MS,2025-12-31,2025,40,4020,402030,40203020,523110,6211,52,523,62,6211
012138,PRICE (T. ROWE) GROUP,TROW,2025-12-31,2025,40,4020,402030,40203010,523940,6282,52,523,62,6282
012140,NNN REIT INC,NNN,2025-12-31,2025,60,6010,601070,60107010,531120,6798,53,531,67,6798
012141,MICROSOFT CORP,MSFT,2025-06-30,2025,45,4510,451030,45103020,513210,7372,51,513,73,7372
012142,ORACLE CORP,ORCL,2025-05-31,2024,45,4510,451030,45103020,513210,7372,51,513,73,7372
012151,COTY INC,COTY,2025-06-30,2025,30,3030,303020,30302010,325620,2844,32,325,28,2844
012171,TECH DATA CORP,TECD,2020-01-31,2019,45,4520,452030,45203030,423430,5045,42,423,50,5045
012181,REPLIGEN CORP,RGEN,2025-12-31,2025,35,3520,352030,35203010,325414,2836,32,325,28,2836
012206,DIRECTV,DTV.2,2014-12-31,2014,25,2540,254010,25401025,515210,4841,51,515,48,4841
012212,TEKELEC,TKLC,2010-12-31,2010,45,4520,452010,45201020,334220,3663,33,334,36,3663
012215,CYPRESS SEMICONDUCTOR CORP,CY,2019-12-31,2019,45,4530,453010,45301020,334413,3674,33,334,36,3674
012216,LINEAR TECHNOLOGY CORP,LLTC,2016-06-30,2016,45,4530,453010,45301020,334413,3674,33,334,36,3674
012233,GENZYME CORP,GENZ.1,2010-12-31,2010,35,3520,352010,35201010,325414,2836,32,325,28,2836
012234,SIGMA DESIGNS INC,SIGM,2018-01-31,2017,45,4530,453010,45301020,334413,3674,33,334,36,3674
012250,AMAG PHARMACEUTICALS INC,AMAG,2019-12-31,2019,35,3520,352020,35202010,325412,2834,32,325,28,2834
012252,XOMA ROYALTY CORP,XOMA,2025-12-31,2025,35,3520,352010,35201010,325414,2836,32,325,28,2836
012256,STEEL EXCEL INC,SXCL,2015-12-31,2015,10,1010,101010,10101020,213112,1389,21,213,13,1389
012257,GLOBEIMMUNE INC,GBIM,2015-12-31,2015,35,3520,352010,35201010,325414,2836,32,325,28,2836
012294,MPLX LP,MPLX,2025-12-31,2025,10,1010,101020,10102040,486110,4610,48,486,46,4610
012338,HEALTH MANAGEMENT ASSOC,HMA.2,2012-12-31,2012,35,3510,351020,35102020,622110,8062,62,622,80,8062
012378,CHAUS (BERNARD) INC,3CHBD,2011-06-30,2011,25,2520,252030,25203010,031523,2330,03,031,23,2330
012379,AMERICAN WOODMARK CORP,AMWD,2025-04-30,2024,20,2010,201020,20102010,337110,2430,33,337,24,2430
012384,SHELL PLC,SHEL,2025-12-31,2025,10,1010,101020,10102010,324110,2911,32,324,29,2911
012389,HARLEY-DAVIDSON INC,HOG,2025-12-31,2025,25,2510,251020,25102020,336991,3751,33,336,37,3751
012392,SKYWEST INC,SKYW,2025-12-31,2025,20,2030,203020,20302010,481111,4512,48,481,45,4512
012407,U S GLOBAL INVESTORS INC,GROW,2025-06-30,2025,40,4020,402030,40203010,523920,6282,52,523,62,6282
012421,KASPIEN HOLDINGS INC,KSPN,2023-01-31,2022,45,4510,451030,45103010,000455,5961,00,000,59,5961
012432,HI-CRUSH INC,HCRSQ,2019-12-31,2019,10,1010,101010,10101020,212399,1400,21,212,14,1400
012433,MERIDIAN BIOSCIENCE INC,VIVO.1,2022-09-30,2022,35,3510,351010,35101020,325413,2835,32,325,28,2835
012441,GARTNER INC,IT,2025-12-31,2025,45,4510,451020,45102010,541910,8700,54,541,87,8700
012458,PRO-DEX INC/CO,PDEX,2025-06-30,2025,35,3510,351010,35101010,339112,3841,33,339,38,3841
012482,CLEARFIELD INC,CLFD,2025-09-30,2025,45,4520,452010,45201020,334419,3679,33,334,36,3679
012485,OPTIMUM COMMUNICATIONS INC,OPTU,2025-12-31,2025,50,5020,502010,50201030,516120,4841,51,516,48,4841
012522,RADA ELECTRONIC INDUSTRIES,RADA,2021-12-31,2021,20,2010,201010,20101010,334511,3812,33,334,38,3812
012540,ADOBE INC,ADBE,2025-11-30,2025,45,4510,451030,45103010,518210,7370,51,518,73,7370
012544,ST JOE CO,JOE,2025-12-31,2025,60,6020,602010,60201010,721110,7011,72,721,70,7011
012578,VALHI INC,VHI,2025-12-31,2025,15,1510,151010,15101050,325130,2810,32,325,28,2810
012589,ENCOMPASS HEALTH CORP,EHC,2025-12-31,2025,35,3510,351020,35102020,622310,8060,62,622,80,8060
012597,LAKELAND INDUSTRIES INC,LAKE,2025-01-31,2024,25,2520,252030,25203010,339113,3842,33,339,38,3842
012598,PAMT CORP,PAMT,2025-12-31,2025,20,2030,203040,20304030,484121,4213,48,484,42,4213
012615,M/I HOMES INC,MHO,2025-12-31,2025,25,2520,252010,25201030,236117,1531,23,236,15,1531
012625,MARTEN TRANSPORT LTD,MRTN,2025-12-31,2025,20,2030,203040,20304030,484230,4213,48,484,42,4213
012669,CARMIKE CINEMAS INC,CKEC,2015-12-31,2015,25,2540,254010,25401030,512131,7830,51,512,78,7830
012689,KB HOME,KBH,2025-11-30,2025,25,2520,252010,25201030,236117,1531,23,236,15,1531
012691,THERAGENICS CORP,TGX,2012-12-31,2012,35,3510,351010,35101010,339113,3842,33,339,38,3842
012708,GEOKINETICS INC,GEOKQ,2012-12-31,2012,10,1010,101010,10101020,541360,1382,54,541,13,1382
012713,ABEONA THERAPEUTICS INC,ABEO,2025-12-31,2025,35,3520,352010,35201010,325414,2836,32,325,28,2836
012719,APYX MEDICAL CORP,APYX,2025-12-31,2025,35,3510,351010,35101010,334510,3845,33,334,38,3845
012756,COCA-COLA EUROPACIFIC PARTNE,CCEP,2025-12-31,2025,30,3020,302010,30201030,312111,2086,31,312,20,2086
012761,SUNOPTA INC,STKL,2025-12-31,2025,30,3020,302020,30202030,003119,2090,00,003,20,2090
012788,HARMAN INTERNATIONAL INDS,HAR,2016-06-30,2016,25,2520,252010,25201010,334310,3651,33,334,36,3651
012796,CORELOGIC INC,CLGX,2020-12-31,2020,20,2020,202020,20202020,518210,7374,51,518,73,7374
012803,GIGAMON INC,GIMO,2016-12-31,2016,45,4510,451030,45103020,541512,7373,54,541,73,7373
012833,DELEK LOGISTICS PARTNERS LP,DKL,2025-12-31,2025,10,1010,101020,10102040,000486,4610,00,000,46,4610
012868,QUIKSILVER INC,ZQKSQ,2015-10-31,2015,25,2520,252030,25203010,315280,2320,31,315,23,2320
012892,SUNOCO LP,SUN,2025-12-31,2025,10,1010,101020,10102030,424720,5172,42,424,51,5172
012915,ORASURE TECHNOLOGIES INC,OSUR,2025-12-31,2025,35,3510,351010,35101020,325413,2835,32,325,28,2835
012926,FRP HOLDINGS INC,FRPH,2025-12-31,2025,60,6020,602010,60201020,531110,6513,53,531,65,6513
012945,PLEXUS CORP,PLXS,2025-09-30,2025,45,4520,452030,45203020,334412,3672,33,334,36,3672
013011,NETWORK EQUIPMENT TECH INC,NWK,2012-03-31,2011,45,4520,452010,45201020,334210,3576,33,334,35,3576
013124,NATIONWIDE HEALTH PPTYS INC,NHP.1,2010-12-31,2010,40,4040,404020,40402070,531110,6798,53,531,67,6798
013125,HEALTHPEAK PROPERTIES INC,DOC,2025-12-31,2025,60,6010,601050,60105010,531120,6798,53,531,67,6798
013163,PARLUX FRAGRANCES INC,PARL,2011-03-31,2010,30,3030,303020,30302010,325620,2844,32,325,28,2844
013189,CEDAR REALTY TRUST INC,CDR,2021-12-31,2021,60,6010,601010,60101070,531120,6798,53,531,67,6798
013200,PHOTRONICS INC,PLAB,2025-10-31,2025,45,4530,453010,45301010,334413,3674,33,334,36,3674
013235,IMMUCELL CORP,ICCC,2025-12-31,2025,35,3520,352010,35201010,325413,2835,32,325,28,2835
013251,MEDAMERICA PROPERTIES INC,MAMP,2019-12-31,2019,60,6010,601020,60102020,531120,6512,53,531,65,6512
013312,BHP GROUP LTD,BHP,2025-06-30,2025,15,1510,151040,15104020,000212,1000,00,000,10,1000
013323,SANDERSON FARMS INC,SAFM,2021-10-31,2021,30,3020,302020,30202030,311615,2015,31,311,20,2015
013328,C&D TECHNOLOGIES INC,CHHP.1,2011-01-31,2010,20,2010,201040,20104010,335911,3690,33,335,36,3690
013362,NAKED BRAND GROUP INC,NAKD.1,2018-01-31,2017,25,2520,252030,25203010,000315,2300,00,000,23,2300
013375,GCI LIBERTY INC -OLD,GNCMA,2017-12-31,2017,50,5010,501010,50101020,517110,4813,51,517,48,4813
013381,DESTINATION XL GROUP INC,DXLG,2025-01-31,2024,25,2550,255040,25504010,458110,5651,45,458,56,5651
013409,SOUTHWALL TECHNOLOGIES,SWTX.1,2010-12-31,2010,15,1510,151010,15101010,326113,3081,32,326,30,3081
013431,BERRY CORP,BRY,2024-12-31,2024,10,1010,101020,10102020,211120,1311,21,211,13,1311
013432,BLUE DOLPHIN ENERGY CO  -OLD,BDCO.1,2010-12-31,2010,10,1010,101020,10102040,486210,4922,48,486,49,4922
013440,LEVEL 3 COMMUNICATIONS INC,LVLT,2016-12-31,2016,50,5010,501010,50101010,517110,4813,51,517,48,4813
013498,CARNIVAL CORP LTD,CCL,2025-11-30,2025,25,2530,253010,25301020,483112,4400,48,483,44,4400
013540,WHITEWAVE FOODS CO,WWAV,2016-12-31,2016,30,3020,302020,30202030,311511,2020,31,311,20,2020
013562,BRANDYWINE REALTY TRUST,BDN,2025-12-31,2025,60,6010,601040,60104010,531120,6798,53,531,67,6798
013579,EQUITY COMMONWEALTH,EQC,2024-12-31,2024,60,6010,601040,60104010,531120,6798,53,531,67,6798
013599,CELGENE CORP,CELG,2018-12-31,2018,35,3520,352010,35201010,325412,2834,32,325,28,2834
013630,EDAC TECHNOLOGIES CORP,EDAC,2012-12-31,2012,20,2010,201010,20101010,334519,3829,33,334,38,3829
013634,EXIDE TECHNOLOGIES,XIDEQ,2014-03-31,2013,25,2510,251010,25101010,335911,3690,33,335,36,3690
013646,TIFFANY & CO,TIF,2020-01-31,2019,25,2550,255040,25504040,448310,5944,44,448,59,5944
013657,ALLIANCE HEALTHCARE SVCS INC,AIQ.1,2016-12-31,2016,35,3510,351020,35102015,621512,8071,62,621,80,8071
013683,TELEFONICA SA,TELFY,2025-12-31,2025,50,5010,501010,50101020,517112,4812,51,517,48,4812
013700,DENTSPLY SIRONA INC,XRAY,2025-12-31,2025,35,3510,351010,35101020,339114,3843,33,339,38,3843
013765,NATURAL ALTERNATIVES,NAII,2025-06-30,2025,30,3030,303020,30302010,325412,2834,32,325,28,2834
013782,MULTI-COLOR CORP,LABL,2019-03-31,2018,20,2020,202010,20201010,323111,2750,32,323,27,2750
013786,HERON THERAPEUTICS INC,HRTX,2025-12-31,2025,35,3520,352010,35201010,325414,2836,32,325,28,2836
013800,ALMOST FAMILY INC,AFAM,2017-12-31,2017,35,3510,351020,35102015,621610,8082,62,621,80,8082
013824,FAIR ISAAC CORP,FICO,2025-09-30,2025,45,4510,451030,45103010,541512,7373,54,541,73,7373
013835,REGULUS THERAPEUTICS INC,RGLS,2024-12-31,2024,35,3520,352010,35201010,325414,2836,32,325,28,2836
013839,CAMBREX CORP,CBM,2018-12-31,2018,35,3520,352030,35203010,325411,2833,32,325,28,2833
013888,MR COOPER GROUP INC,COOP,2024-12-31,2024,40,4020,402010,40201050,522292,6162,52,522,61,6162
013971,METHANEX CORP,MEOH,2025-12-31,2025,15,1510,151010,15101010,325199,2860,32,325,28,2860
013988,SCHWAB (CHARLES) CORP,SCHW,2025-12-31,2025,40,4020,402030,40203020,523940,6282,52,523,62,6282
014043,PACCAR FINANCIAL CORP,PCAR1,2025-12-31,2025,40,4020,402020,40202010,522220,6153,52,522,61,6153
014102,NORDION INC,NDZ,2013-10-31,2013,35,3520,352030,35203010,339113,3842,33,339,38,3842
014140,BANCO SANTANDER SA,SAN,2025-12-31,2025,40,4010,401010,40101010,522110,6020,52,522,60,6020
014150,IMAGE ENTERTAINMENT INC,DISK,2012-03-31,2011,25,2540,254010,25401030,334614,7819,33,334,78,7819
014155,VANTAGE DRILLING INTERNATION,VTDRF,2023-12-31,2023,10,1010,101010,10101010,213111,1381,21,213,13,1381
014182,AMCOL INTERNATIONAL CORP,ACO,2013-12-31,2013,15,1510,151040,15104020,212325,1400,21,212,14,1400
014252,WEGENER CORP,WGNR,2014-08-31,2014,45,4520,452010,45201020,334220,3663,33,334,36,3663
014256,MAXIM INTEGRATED PRODUCTS,MXIM,2021-06-30,2021,45,4530,453010,45301020,334413,3674,33,334,36,3674
014275,FIRST REPUBLIC BANK,FRCB,2022-12-31,2022,40,4010,401010,40101015,522110,6020,52,522,60,6020
014282,AMPHENOL CORP,APH,2025-12-31,2025,45,4520,452030,45203015,334417,3678,33,334,36,3678
014304,AKORN OPERATING COMPANY LLC,AKRXQ,2019-12-31,2019,35,3520,352020,35202010,325412,2834,32,325,28,2834
014309,INTERPARFUMS INC,IPAR,2025-12-31,2025,30,3030,303020,30302010,325620,2844,32,325,28,2844
014311,POLARIS INC,PII,2025-12-31,2025,25,2520,252020,25202010,336999,3790,33,336,37,3790
014316,TALISMAN ENERGY INC,TLM,2014-12-31,2014,10,1010,101020,10102020,211111,1311,21,211,13,1311
014324,ALTERA CORP,ALTR.1,2014-12-31,2014,45,4530,453010,45301020,334413,3674,33,334,36,3674
014359,PIONEER NATURAL RESOURCES CO,PXD,2023-12-31,2023,10,1010,101020,10102020,211120,1311,21,211,13,1311
014401,INVESTORS TITLE CO,ITIC,2025-12-31,2025,40,4030,403010,40301040,524127,6361,52,524,63,6361
014412,SOTHEBY'S,BID,2018-12-31,2018,25,2530,253020,25302020,561990,7389,56,561,73,7389
014417,MICRONETICS INC,NOIZ,2012-03-31,2011,45,4520,452030,45203015,334419,3679,33,334,36,3679
014477,WASTE MANAGEMENT INC,WM,2025-12-31,2025,20,2020,202010,20201050,562111,4953,56,562,49,4953
014489,DELL TECHNOLOGIES INC,DELL,2025-01-31,2024,45,4520,452020,45202030,334111,3571,33,334,35,3571
014538,TEVA PHARMACEUTICALS,TEVA,2025-12-31,2025,35,3520,352020,35202010,325412,2834,32,325,28,2834
014583,PACIFIC OFFICE PROPERTIES TR,PCFO,2017-12-31,2017,60,6010,601010,60101040,531120,6798,53,531,67,6798
014590,FREEPORT-MCMORAN INC,FCX,2025-12-31,2025,15,1510,151040,15104025,212230,1000,21,212,10,1000
014597,JUNIPER PHARMACEUTICALS INC,JNP,2017-12-31,2017,35,3520,352020,35202010,325412,2834,32,325,28,2834
014603,AVID BIOSERVICES INC,CDMO,2024-04-30,2023,35,3520,352010,35201010,325413,2835,32,325,28,2835
014605,WPP PLC,WPP,2025-12-31,2025,50,5020,502010,50201010,541810,7311,54,541,73,7311
014623,NOVELLUS SYSTEMS INC,NVLS.1,2011-12-31,2011,45,4530,453010,45301010,333295,3559,33,333,35,3559
014650,BMC SOFTWARE INC,BMC,2013-03-31,2012,45,4510,451030,45103020,511210,7372,51,511,73,7372
014729,LIBERTY ALL-STAR EQUITY,USA,2025-12-31,2025,,,,,525990,6726,52,525,67,6726
014752,WESTERN ASST INV GRD INCM FD,PAI,2025-12-31,2025,,,,,525990,6726,52,525,67,6726
014790,MERITAGE HOMES CORP,MTH,2025-12-31,2025,25,2520,252010,25201030,236117,1531,23,236,15,1531
014793,ARCH RESOURCES INC,ARCH,2023-12-31,2023,15,1510,151040,15104050,021211,1220,02,021,12,1220
014794,CORE MOLDING TECHNOLOGIES,CMT,2025-12-31,2025,15,1510,151010,15101010,326199,3089,32,326,30,3089
014824,CINCINNATI FINANCIAL CORP,CINF,2025-12-31,2025,40,4030,403010,40301040,524126,6331,52,524,63,6331
014895,MERISEL INC,MSEL,2012-12-31,2012,20,2020,202010,20201010,423430,5045,42,423,50,5045
014908,PRIDE INTERNATIONAL INC,PDE,2010-12-31,2010,10,1010,101010,10101010,213111,1381,21,213,13,1381
014924,NAM TAI PROPERTY INC,NTPIF,2024-12-31,2024,60,6020,602010,60201020,531120,6512,53,531,65,6512
014934,DEVON ENERGY CORP,DVN,2025-12-31,2025,10,1010,101020,10102020,002111,1311,00,002,13,1311
014938,LOGIC DEVICES INC,LOGC.1,2011-09-30,2011,45,4530,453010,45301020,334413,3674,33,334,36,3674
014960,LABCORP HOLDINGS INC,LH,2025-12-31,2025,35,3510,351020,35102015,621511,8071,62,621,80,8071
015027,TOR MINERALS INTL INC,TORM,2018-12-31,2018,15,1510,151010,15101050,325130,2810,32,325,28,2810
015037,GOLDCORP INC,GG,2018-12-31,2018,15,1510,151040,15104030,212221,1040,21,212,10,1040
015056,XURA INC,MESG,2016-01-31,2015,45,4510,451030,45103010,519130,7370,51,519,73,7370
015060,CALLON PETROLEUM CO/DE,CPE,2023-12-31,2023,10,1010,101020,10102020,002111,1311,00,002,13,1311
015087,LIFEWAY FOODS INC,LWAY,2025-12-31,2025,30,3020,302020,30202030,311511,2020,31,311,20,2020
015093,CVR REFINING LP,CVRR,2017-12-31,2017,10,1010,101020,10102030,324110,2911,32,324,29,2911
015101,MFA FINANCIAL INC,MFA,2025-12-31,2025,40,4020,402040,40204010,525990,6798,52,525,67,6798
015106,BECKMAN COULTER INC,BEC,2010-12-31,2010,35,3510,351010,35101010,334516,3826,33,334,38,3826
015111,RPT REALTY,RPT.1,2022-12-31,2022,60,6010,601070,60107010,531120,6798,53,531,67,6798
015129,LKA GOLD INC,LKAI,2018-12-31,2018,15,1510,151040,15104030,021222,1040,02,021,10,1040
015142,ISTAR INC,STAR,2022-12-31,2022,60,6010,601010,60101010,531190,6798,53,531,67,6798
015148,ARMORED AUTOGROUP INC,8552B,2014-12-31,2014,30,3030,303010,30301010,325612,2842,32,325,28,2842
015172,FIAT CHRYSLER AUTOMOBILES NV,FCAU,2020-12-31,2020,25,2510,251020,25102010,336111,3711,33,336,37,3711
015212,CROSSAMERICA PARTNERS LP,CAPL,2025-12-31,2025,10,1010,101020,10102040,424720,5172,42,424,51,5172
015247,VALERO ENERGY CORP,VLO,2025-12-31,2025,10,1010,101020,10102030,324110,2911,32,324,29,2911
015252,TRIMAS CORP,TRS,2025-12-31,2025,15,1510,151030,15103010,332119,3460,33,332,34,3460
015253,CKX INC,CKXE,2010-12-31,2010,25,2540,254010,25401030,512110,7812,51,512,78,7812
015267,IDEX CORP,IEX,2025-12-31,2025,20,2010,201060,20106020,333914,3561,33,333,35,3561
015274,WALTER ENERGY INC,WLTGQ,2014-12-31,2014,15,1510,151040,15104050,021211,1220,02,021,12,1220
015314,SOLARCITY CORP,SCTY.1,2015-12-31,2015,20,2010,201040,20104010,335999,3620,33,335,36,3620
015319,REPSOL SA,REPYY,2025-12-31,2025,10,1010,101020,10102010,324110,2911,32,324,29,2911
015327,BONSO ELECTRONICS INTL INC,BNSOF,2024-03-31,2023,45,4520,452030,45203010,333998,3590,33,333,35,3590
015396,SUNCOKE ENERGY PARTNERS LP,SXCP,2018-12-31,2018,15,1510,151040,15104050,324199,3312,32,324,33,3312
015414,BIO-TECHNE CORP,TECH,2025-06-30,2025,35,3520,352030,35203010,325414,2836,32,325,28,2836
015420,AMBARELLA INC,AMBA,2025-01-31,2024,45,4530,453010,45301020,334413,3674,33,334,36,3674
015444,CRH PLC,CRH,2025-12-31,2025,15,1510,151020,15102010,327310,3241,32,327,32,3241
015459,TREDEGAR CORP,TG,2025-12-31,2025,15,1510,151040,15104010,003313,3350,00,003,33,3350
015489,HUMANIGEN INC,HGENQ,2022-12-31,2022,35,3520,352010,35201010,325414,2836,32,325,28,2836
015509,HSBC HLDGS PLC,HSBC,2025-12-31,2025,40,4010,401010,40101010,522110,6020,52,522,60,6020
015520,SIGNET JEWELERS LTD,SIG,2025-01-31,2024,25,2550,255040,25504040,458310,5944,45,458,59,5944
015521,STAPLES INC,SPLS.1,2017-01-31,2016,25,2550,255040,25504040,424120,5110,42,424,51,5110
015539,PARATEK PHARMACEUTCLS INC,PRTK,2022-12-31,2022,35,3520,352020,35202010,325412,2834,32,325,28,2834
015545,AVIVA PLC,AVVIY,2025-12-31,2025,40,4030,403010,40301030,524113,6311,52,524,63,6311
015576,DEUTSCHE BANK AG,DB,2025-12-31,2025,40,4020,402030,40203030,522110,6020,52,522,60,6020
015617,ING GROEP NV,ING,2025-12-31,2025,40,4010,401010,40101010,522110,6020,52,522,60,6020
015634,NATWEST GROUP PLC,NWG,2025-12-31,2025,40,4010,401010,40101010,522110,6020,52,522,60,6020
015704,THOMSON REUTERS CORP,TRI,2025-12-31,2025,20,2020,202020,20202020,519290,7370,51,519,73,7370
015708,ALLERGAN INC,AGN.2,2014-12-31,2014,35,3520,352020,35202010,325412,2834,32,325,28,2834
015803,NOVELION THERAPEUTICS INC,NVLNF,2018-12-31,2018,35,3520,352010,35201010,325412,2834,32,325,28,2834
015855,GEN DIGITAL INC,GEN,2025-03-31,2024,45,4510,451030,45103020,513210,7372,51,513,73,7372
016009,SPORTSMANS WAREHOUSE HLDGS,SPWH,2025-01-31,2024,25,2550,255040,25504040,459110,5940,45,459,59,5940
016026,SEADRILL PARTNERS LLC,SDLPQ,2020-12-31,2020,10,1010,101010,10101010,213111,1381,21,213,13,1381
016051,ALLIANCEBERNSTEIN LP,8622B,2025-12-31,2025,40,4020,402030,40203010,000523,6200,00,000,62,6200
016101,ABBVIE INC,ABBV,2025-12-31,2025,35,3520,352010,35201010,325414,2836,32,325,28,2836
016116,CYRUSONE INC,CONE,2021-12-31,2021,60,6010,601010,60101080,531120,6798,53,531,67,6798
016125,CHIRON REAL ESTATE INC,XRN,2025-12-31,2025,60,6010,601050,60105010,531120,6798,53,531,67,6798
016188,COGNEX CORP,CGNX,2025-12-31,2025,45,4520,452030,45203010,334513,3823,33,334,38,3823
016225,WESTERN MIDSTRM PRTNRS LP,WES,2025-12-31,2025,10,1010,101020,10102040,486210,4922,48,486,49,4922
016269,ENANTA PHARMACEUTICALS INC,ENTA,2025-09-30,2025,35,3520,352010,35201010,325414,2836,32,325,28,2836
016401,CIRRUS LOGIC INC,CRUS,2025-03-31,2024,45,4530,453010,45301020,334413,3674,33,334,36,3674
016416,RUCKUS WIRELESS INC,RKUS,2015-12-31,2015,45,4520,452010,45201020,003342,3576,00,003,35,3576
016453,NEOGEN CORP,NEOG,2025-05-31,2024,35,3510,351010,35101020,325412,2834,32,325,28,2834
016476,LEVI STRAUSS & CO,LEVI,2025-11-30,2025,25,2520,252030,25203010,000315,2300,00,000,23,2300
016477,LEAR CORP,LEA,2025-12-31,2025,25,2510,251010,25101010,336360,2531,33,336,25,2531
016478,EOG RESOURCES INC,EOG,2025-12-31,2025,10,1010,101020,10102020,002111,1311,00,002,13,1311
016486,BOISE CASCADE CO,BCC,2025-12-31,2025,20,2010,201070,20107010,423310,5031,42,423,50,5031
016582,NUTRIEN LTD,NTR,2025-12-31,2025,15,1510,151010,15101030,325311,2870,32,325,28,2870
016597,LATTICE SEMICONDUCTOR CORP,LSCC,2025-12-31,2025,45,4530,453010,45301020,334413,3674,33,334,36,3674
016653,TAYLOR MORRISON HOME CORP,TMHC,2025-12-31,2025,25,2520,252010,25201030,236117,1531,23,236,15,1531
016700,FRONT YARD RESIDENTIAL CORP,RESI.1,2019-12-31,2019,60,6010,601010,60101060,531110,6798,53,531,67,6798
016720,ACCELITRON ADN MTR CNTRL INC,AAMCF,2023-12-31,2023,60,6020,602010,60201040,522292,6162,52,522,61,6162
016721,ELECTRONIC ARTS INC,EA,2025-03-31,2024,50,5020,502020,50202020,513210,7372,51,513,73,7372
016738,HOUGHTON MIFFLIN HARCOURT CO,HMHC,2021-12-31,2021,25,2530,253020,25302010,511130,2731,51,511,27,2731
016745,PROTHENA CORPORATION PLC,PRTA,2025-12-31,2025,35,3520,352010,35201010,325414,2836,32,325,28,2836
016775,CITIZENS INC,CIA,2025-12-31,2025,40,4030,403010,40301020,524113,6311,52,524,63,6311
016878,ELAH HOLDINGS INC,ELLH,2025-12-31,2025,15,1510,151040,15104010,525990,6726,52,525,67,6726
016947,ACTINIUM PHARMACEUTICALS INC,ATNM,2025-12-31,2025,35,3520,352010,35201010,325414,2836,32,325,28,2836
017101,IMMUNOGEN INC,IMGN,2022-12-31,2022,35,3520,352010,35201010,325414,2836,32,325,28,2836
017200,BNY MELLON STRG MNPL BD FD,DSM,2025-11-30,2025,,,,,525990,6726,52,525,67,6726
017228,TALOS ENERGY INC,TALO,2025-12-31,2025,10,1010,101020,10102020,211120,1311,21,211,13,1311
017239,KINDRED HEALTHCARE INC,KND,2017-12-31,2017,35,3510,351020,35102020,623110,8051,62,623,80,8051
017266,UNIVERSAL AMERICAN CORP,UAM,2016-12-31,2016,35,3510,351020,35102030,524114,6321,52,524,63,6321
017277,NV5 GLOBAL INC,NVEE,2024-12-31,2024,20,2020,202020,20202020,541330,8711,54,541,87,8711
017287,SIBANYE-STILLWATER LIMITED,SBSW,2024-12-31,2024,15,1510,151040,15104040,212290,1090,21,212,10,1090
017350,TETRAPHASE PHARMACEUTICALS,TTPH,2019-12-31,2019,35,3520,352020,35202010,325414,2836,32,325,28,2836
017376,MARIN SOFTWARE INC,MRINQ,2023-12-31,2023,45,4510,451030,45103010,518210,7370,51,518,73,7370
017396,AMPLITECH GROUP INC,AMPG,2025-12-31,2025,45,4520,452030,45203015,334220,3663,33,334,36,3663
017408,NAVIGATOR HOLDINGS LTD,NVGS,2025-12-31,2025,10,1010,101020,10102040,483111,4412,48,483,44,4412
017454,KNOT OFFSHORE PRTNRS LP,KNOP,2025-12-31,2025,10,1010,101020,10102040,000483,4400,00,000,44,4400
017494,MAMA'S CREATIONS INC,MAMA,2025-01-31,2024,30,3020,302020,30202030,311941,2030,31,311,20,2030
017505,RALLY SOFTWARE DEV CORP,RALY,2015-01-31,2014,45,4510,451030,45103020,511210,7372,51,511,73,7372
017550,BLACKHAWK NETWORK HLDGS INC,HAWK.1,2017-12-31,2017,45,4510,451020,45102020,518210,7374,51,518,73,7374
017553,MODEL N INC,MODN,2023-09-30,2023,45,4510,451030,45103010,519290,7370,51,519,73,7370
017556,BROOKFIELD PROPERTY PRTRS LP,BPY,2020-12-31,2020,60,6010,601020,60102020,531120,6512,53,531,65,6512
017567,ARATANA THERAPEUTICS,PETX,2018-12-31,2018,35,3520,352020,35202010,325414,2836,32,325,28,2836
017626,AH REALTY TRUST INC,AHRT,2025-12-31,2025,60,6010,601010,60101010,531120,6798,53,531,67,6798
017628,EMERGE ENERGY SERVICES LP,EMESQ,2018-12-31,2018,10,1010,101020,10102030,212322,1400,21,212,14,1400
017651,REZOLUTE INC,RZLT,2025-06-30,2025,35,3520,352010,35201010,325414,2836,32,325,28,2836
017653,ADMA BIOLOGICS INC,ADMA,2025-12-31,2025,35,3520,352010,35201010,325414,2836,32,325,28,2836
017699,CST BRANDS INC,CST,2016-12-31,2016,25,2550,255040,25504050,447110,5500,44,447,55,5500
017808,EPIZYME INC,EPZM,2021-12-31,2021,35,3520,352010,35201010,325414,2836,32,325,28,2836
017812,HD SUPPLY HOLDINGS INC,HDS,2020-01-31,2019,20,2010,201070,20107010,000042,5000,00,000,50,5000
017874,T-MOBILE US INC,TMUS,2025-12-31,2025,50,5010,501020,50102010,517112,4812,51,517,48,4812
017878,RITHM CAPITAL CORP,RITM,2025-12-31,2025,40,4020,402040,40204010,525990,6798,52,525,67,6798
017910,SCORPIUS HOLDINGS INC,SCPX,2024-12-31,2024,35,3520,352010,35201010,325414,2836,32,325,28,2836
017928,IQVIA HOLDINGS INC,IQV,2025-12-31,2025,35,3520,352030,35203010,054171,8731,05,054,87,8731
017931,PORTOLA PHARMACEUTICALS INC,PTLA,2019-12-31,2019,35,3520,352010,35201010,325414,2836,32,325,28,2836
017934,SPROUTS FARMERS MARKET,SFM,2025-12-31,2025,30,3010,301010,30101030,445110,5411,44,445,54,5411
017941,QEP MIDSTREAM PARTNERS LP,QEPM,2014-12-31,2014,10,1010,101020,10102040,486210,4922,48,486,49,4922
017956,FRANK'S INTL NV,FI.4,2020-12-31,2020,10,1010,101010,10101020,213112,1389,21,213,13,1389
017997,CONSTELLIUM SE,CSTM,2025-12-31,2025,15,1510,151040,15104010,331315,3350,33,331,33,3350
017998,BLUEBIRD BIO INC,BLUE,2024-12-31,2024,35,3520,352010,35201010,325414,2836,32,325,28,2836
018003,PLY GEM HOLDINGS INC,PGEM,2017-12-31,2017,20,2010,201020,20102010,321911,2430,32,321,24,2430
018005,CHAMBERS STREET PROPERTIES,CSG,2014-12-31,2014,40,4040,404020,40402010,531120,6798,53,531,67,6798
018009,NANOSTRING TECHNOLOGIES INC,NSTGQ,2022-12-31,2022,35,3520,352030,35203010,325413,2835,32,325,28,2835
018036,VISTANCE NETWORKS INC,VISN,2025-12-31,2025,45,4520,452010,45201020,334210,3661,33,334,36,3661
018043,NEWS CORP,NWSA,2025-06-30,2025,50,5020,502010,50201040,513110,2711,51,513,27,2711
018050,LUXOFT HOLDING INC,LXFT,2018-03-31,2017,45,4510,451020,45102010,541519,7370,54,541,73,7370
018071,REXFORD INDUS REALTY,REXR,2025-12-31,2025,60,6010,601025,60102510,531120,6798,53,531,67,6798
018086,MALLINCKRODT PLC,MNKTQ,2022-12-31,2022,35,3520,352020,35202010,325412,2834,32,325,28,2834
018103,CIM RL ESTATE FINANCE TR INC,CMRF,2017-12-31,2017,60,6010,601010,60101070,531120,6798,53,531,67,6798
018104,COLE CREDIT PROPERTY TR INC,9075B,2013-12-31,2013,40,4040,404020,40402060,531120,6798,53,531,67,6798
018109,JONES ENERGY INC,JONEQ,2018-12-31,2018,10,1010,101020,10102020,211120,1311,21,211,13,1311
018115,CELLULAR DYNAMICS INTL INC,ICEL,2014-12-31,2014,35,3520,352010,35201010,325414,2836,32,325,28,2836
018145,PHYSICIANS REALTY TR,DOC.5,2023-12-31,2023,60,6010,601050,60105010,531120,6798,53,531,67,6798
018159,AGIOS PHARMACEUTICALS,AGIO,2025-12-31,2025,35,3520,352010,35201010,325414,2836,32,325,28,2836
018161,CONATUS PHARMACEUTICALS INC,CNAT,2019-12-31,2019,35,3520,352010,35201010,325414,2836,32,325,28,2836
018172,TRAWS PHARMA INC,TRAW,2025-12-31,2025,35,3520,352020,35202010,325414,2836,32,325,28,2836
018179,WORLD POINT TERMINALS LP,WPT,2016-12-31,2016,10,1010,101020,10102040,424710,5171,42,424,51,5171
018204,ANI PHARMACEUTICALS INC,ANIP,2025-12-31,2025,35,3520,352020,35202010,325412,2834,32,325,28,2834
018235,SAEXPLORATION HOLDINGS INC,SAEXQ,2019-12-31,2019,10,1010,101010,10101020,541360,1382,54,541,13,1382
018240,FTE NETWORKS INC,FTNW,2019-12-31,2019,20,2010,201030,20103010,237990,1600,23,237,16,1600
018261,OWENS REALTY MORTGAGE INC,ORM,2018-12-31,2018,40,4020,402040,40204010,525990,6798,52,525,67,6798
018271,YUME INC,YUME,2016-12-31,2016,45,4510,451010,45101010,541850,7310,54,541,73,7310
018276,FIRST FINANCIAL CORP,THFF,2025-12-31,2025,40,4010,401010,40101015,522110,6020,52,522,60,6020
018289,ARDMORE SHIPPING CORP,ASC,2025-12-31,2025,10,1010,101020,10102040,483111,4412,48,483,44,4412
018293,CLEARWAY ENERGY INC,CWEN,2025-12-31,2025,55,5510,551050,55105020,002211,4911,00,002,49,4911
018306,SANTANDER CONSUMER USA HLDGS,SC,2020-12-31,2020,40,4020,402020,40202010,522291,6141,52,522,61,6141
018312,US FOODS HOLDING CORP,USFD,2025-12-31,2025,30,3010,301010,30101020,004244,5140,00,004,51,5140
018315,PRECIGEN INC,PGEN,2025-12-31,2025,35,3520,352010,35201010,325414,2836,32,325,28,2836
018320,FOX FACTORY HOLDING CP,FOXF,2025-12-31,2025,25,2510,251010,25101010,336991,3751,33,336,37,3751
018321,SISECAM RESOURCES LP,SIRE,2022-12-31,2022,15,1510,151010,15101010,212390,1400,21,212,14,1400
018339,CLUBCORP HOLDINGS INC,MYCC,2016-12-31,2016,25,2530,253010,25301030,713910,7997,71,713,79,7997
018383,BRIXMOR PROPERTY GROUP INC,BRX,2025-12-31,2025,60,6010,601070,60107010,531120,6798,53,531,67,6798
018386,STRAIGHT PATH COMMUNICATIONS,STRP,2017-07-31,2017,50,5010,501010,50101010,517210,4812,51,517,48,4812
018424,LIPOCINE INC,LPCN,2025-12-31,2025,35,3520,352020,35202010,325412,2834,32,325,28,2834
018430,FIVE PRIME THERAPEUTICS INC,FPRX,2020-12-31,2020,35,3520,352010,35201010,325414,2836,32,325,28,2836
018443,ATHLON ENERGY INC,ATHL,2013-12-31,2013,10,1010,101020,10102020,211111,1311,21,211,13,1311
018465,ANTERO RESOURCES CORP,AR,2025-12-31,2025,10,1010,101020,10102020,002111,1311,00,002,13,1311
018468,PLAINS GP HOLDINGS LP,PAGP,2025-12-31,2025,10,1010,101020,10102040,424710,5171,42,424,51,5171
018469,FOUNDATION MEDICINE INC,FMI,2017-12-31,2017,35,3520,352010,35201010,325414,2836,32,325,28,2836
018494,INDEPENDENCE REALTY TRUST,IRT,2025-12-31,2025,60,6010,601060,60106010,531110,6798,53,531,67,6798
018498,MURPHY USA INC,MUSA,2025-12-31,2025,25,2550,255040,25504050,457110,5500,45,457,55,5500
018509,IDEAL POWER INC,IPWR,2025-12-31,2025,45,4530,453010,45301020,334413,3674,33,334,36,3674
018510,ACCELERON PHARMA INC,XLRN,2020-12-31,2020,35,3520,352010,35201010,325414,2836,32,325,28,2836
018561,BENEFITFOCUS INC,BNFT,2021-12-31,2021,45,4510,451030,45103010,518210,7370,51,518,73,7370
018562,FATE THERAPEUTICS INC,FATE,2025-12-31,2025,35,3520,352010,35201010,325414,2836,32,325,28,2836
018564,APPLIED OPTOELECTRONICS INC,AAOI,2025-12-31,2025,45,4520,452010,45201020,334413,3674,33,334,36,3674
018571,COVISINT CORP,COVS,2017-03-31,2016,45,4510,451010,45101010,519130,7370,51,519,73,7370
018578,RE/MAX HOLDINGS INC,RMAX,2025-12-31,2025,60,6020,602010,60201040,531210,6531,53,531,65,6531
018623,VIOLIN MEMORY INC,VMEMQ,2016-01-31,2015,45,4520,452020,45202030,334112,3572,33,334,35,3572
018624,PREMIER INC,PINC,2025-06-30,2025,35,3510,351020,35102015,541614,8742,54,541,87,8742
018626,GLOBANT SA,GLOB,2025-12-31,2025,45,4510,451020,45102010,054151,7370,05,054,73,7370
018629,LGI HOMES INC,LGIH,2025-12-31,2025,25,2520,252010,25201030,236117,1531,23,236,15,1531
018630,RINGCENTRAL INC,RNG,2025-12-31,2025,45,4510,451030,45103010,518210,7370,51,518,73,7370
018636,DIAGEO PLC,DEO,2025-06-30,2025,30,3020,302010,30201020,312140,2085,31,312,20,2085
018658,MACROGENICS INC,MGNX,2025-12-31,2025,35,3520,352010,35201010,325414,2836,32,325,28,2836
018660,EP ENERGY CORP,EPEGQ,2019-12-31,2019,10,1010,101020,10102020,211120,1311,21,211,13,1311
018675,BURLINGTON STORES INC,BURL,2025-01-31,2024,25,2550,255040,25504010,458110,5600,45,458,56,5600
018677,PATTERN ENERGY GROUP INC,PEGI,2019-12-31,2019,55,5510,551050,55105020,221115,4991,22,221,49,4991
018679,SUNEDISON SEMICONDUCTOR LTD,SEMI.1,2015-12-31,2015,45,4530,453010,45301010,334413,3674,33,334,36,3674
018695,CB FINANCIAL SERVICES INC,CBFV,2025-12-31,2025,40,4010,401010,40101015,522110,6020,52,522,60,6020
018699,PTC INC,PTC,2025-09-30,2025,45,4510,451030,45103010,513210,7372,51,513,73,7372
018745,ESSENT GROUP LTD,ESNT,2025-12-31,2025,40,4020,402010,40201050,524126,6351,52,524,63,6351
018748,VOXELJET AG,VJTTY,2023-12-31,2023,20,2010,201060,20106020,333248,3555,33,333,35,3555
018749,AERIE PHARMACEUTICALS INC,AERI,2021-12-31,2021,35,3520,352020,35202010,325412,2834,32,325,28,2834
018841,SURGICAL CARE AFFILIATES INC,SCAI,2016-12-31,2016,35,3510,351020,35102020,621498,8090,62,621,80,8090
018850,EMPIRE STATE REALTY OP LP,ESBA,2025-12-31,2025,60,6010,601010,60101010,531120,6798,53,531,67,6798
018868,OCI PARTNERS LP,OCIP,2017-12-31,2017,15,1510,151010,15101010,325199,2860,32,325,28,2860
018872,TWITTER INC,TWTR,2021-12-31,2021,50,5020,502030,50203010,519130,7370,51,519,73,7370
018878,CRESCENT BIOPHARMA INC,CBIO,2025-12-31,2025,35,3520,352010,35201010,325414,2836,32,325,28,2836
018879,MAVENIR SYSTEMS INC,MVNR.1,2014-12-31,2014,45,4510,451030,45103020,334118,3576,33,334,35,3576
018888,AMNEAL PHARMACEUTICALS INC,AMRX,2025-12-31,2025,35,3520,352020,35202010,325412,2834,32,325,28,2834
018892,NFT LTD,MI,2024-12-31,2024,50,5020,502030,50203010,519290,7370,51,519,73,7370
018899,TANDEM DIABETES CARE INC,TNDM,2025-12-31,2025,35,3510,351010,35101010,334510,3845,33,334,38,3845
018926,DYNAGAS LNG PARTNERS LP,DLNG,2025-12-31,2025,10,1010,101020,10102040,483111,4412,48,483,44,4412
018938,XENCOR INC,XNCR,2025-12-31,2025,35,3520,352010,35201010,325414,2836,32,325,28,2836
018947,VERACYTE INC,VCYT,2025-12-31,2025,35,3520,352010,35201010,325413,2835,32,325,28,2835
018952,BROOKFLD DTLA OFFICE TR INV,DTLAP,2022-12-31,2022,60,6010,601040,60104010,531120,6798,53,531,67,6798
018975,NIMBLE STORAGE INC,NMBL.1,2017-01-31,2016,45,4520,452020,45202030,334112,3572,33,334,35,3572
018983,OXFORD IMMUNOTEC GLOBAL PLC,OXFD,2019-12-31,2019,35,3510,351010,35101010,325413,2835,32,325,28,2835
019025,SOCIETAL CDMO INC,SCTL,2023-12-31,2023,35,3520,352020,35202010,325412,2834,32,325,28,2834
019071,CAMPING WORLD HOLDINGS INC,CWH,2025-12-31,2025,25,2550,255040,25504050,441210,5500,44,441,55,5500
019104,MIDCOAST ENERGY PARTNERS LP,MEP,2016-12-31,2016,10,1010,101020,10102010,486210,4922,48,486,49,4922
019129,HALLADOR ENERGY CO,HNRG,2025-12-31,2025,55,5510,551050,55105010,022111,4911,02,022,49,4911
019143,KINDRED BIOSCIENCES INC,KIN,2020-12-31,2020,35,3520,352010,35201010,325414,2836,32,325,28,2836
019149,ULTRAGENYX PHARMACEUTICAL,RARE,2025-12-31,2025,35,3520,352010,35201010,325414,2836,32,325,28,2836
019151,TELECOM ITALIA SPA,TIIAY,2020-12-31,2020,50,5010,501010,50101020,517311,4813,51,517,48,4813
019171,RSP PERMIAN INC,RSPP,2017-12-31,2017,10,1010,101020,10102020,211111,1311,21,211,13,1311
019172,GOLD.COM INC,GOLD,2025-06-30,2025,25,2550,255010,25501010,423510,5051,42,423,50,5051
019175,VINCE HOLDING CORP,VNCE,2025-01-31,2024,25,2520,252030,25203010,000315,2300,00,000,23,2300
019184,CYPRESS ENVIRONMNTL PRTNS LP,CELPQ,2021-12-31,2021,10,1010,101010,10101020,213112,1389,21,213,13,1389
019209,NORTHERN TECH INTL,NTIC,2025-08-31,2025,15,1510,151010,15101050,325998,2890,32,325,28,2890
019349,SIEMENS AG,SIEGY,2025-09-30,2025,20,2010,201050,20105010,999977,9997,99,999,99,9997
019377,RICE ENERGY INC,RICE.,2016-12-31,2016,10,1010,101020,10102020,211111,1311,21,211,13,1311
019391,MALIBU BOATS INC,MBUU,2025-06-30,2025,25,2520,252020,25202010,336612,3730,33,336,37,3730
019394,BRIGHT MOUNTAIN MEDIA INC,BMTM,2025-12-31,2025,50,5020,502010,50201010,005418,7310,00,005,73,7310
019402,G-III APPAREL GROUP LTD,GIII,2025-01-31,2024,25,2520,252030,25203010,315250,2300,31,315,23,2300
019412,INTRA-CELLULAR THERAPIES INC,ITCI,2024-12-31,2024,35,3520,352020,35202010,325414,2836,32,325,28,2836
019433,PHX MINERALS INC,PHX,2024-12-31,2024,10,1010,101020,10102020,002111,1311,00,002,13,1311
019458,CARISMA THERAPEUTICS INC,CARM,2024-12-31,2024,35,3520,352010,35201010,325414,2836,32,325,28,2836
019470,DICERNA PHARMACEUTICALS INC,DRNA,2020-12-31,2020,35,3520,352010,35201010,325414,2836,32,325,28,2836
019471,REVANCE THERAPEUTICS INC,RVNC,2023-12-31,2023,35,3520,352020,35202010,325414,2836,32,325,28,2836
019507,OUTFRONT MEDIA INC,OUT,2025-12-31,2025,60,6010,601080,60108010,531190,6798,53,531,67,6798
019511,FLEXION THERAPEUTICS INC,FLXN.1,2020-12-31,2020,35,3520,352010,35201010,325412,2834,32,325,28,2834
019516,INSTALLED BLDG PRODUCTS INC,IBP,2025-12-31,2025,25,2520,252010,25201030,238310,1700,23,238,17,1700
019518,KNOWLES CORP,KN,2025-12-31,2025,45,4520,452030,45203015,334419,3670,33,334,36,3670
019526,FARMLAND PARTNERS INC,FPI,2025-12-31,2025,60,6010,601080,60108010,531190,6798,53,531,67,6798
019534,CONCERT PHARMACEUTICLS INC,CNCE,2021-12-31,2021,35,3520,352010,35201010,325414,2836,32,325,28,2836
019581,LANDS' END INC,LE,2025-01-31,2024,25,2550,255040,25504010,458110,5961,45,458,59,5961
019582,CARETRUST REIT INC,CTRE,2025-12-31,2025,60,6010,601050,60105010,531120,6798,53,531,67,6798
019600,CYMABAY THERAPEUTICS INC,CBAY,2023-12-31,2023,35,3520,352020,35202010,325414,2836,32,325,28,2836
019602,TURTLE BEACH CORP,TBCH,2025-12-31,2025,45,4520,452020,45202030,334118,3577,33,334,35,3577
019649,SABRE CORP,SABR,2025-12-31,2025,25,2530,253010,25301020,518210,7370,51,518,73,7370
019661,TOYOTA MOTOR CORP,TM,2025-03-31,2024,25,2510,251020,25102010,336110,3711,33,336,37,3711
019744,JD.COM INC,JD,2025-12-31,2025,25,2550,255030,25503030,449210,5961,44,449,59,5961
019784,EAGLE PHARMACEUTICALS INC,EGRX,2022-12-31,2022,35,3520,352010,35201010,325412,2834,32,325,28,2834
019800,COREPOINT LODGING INC,CPLG,2020-12-31,2020,60,6010,601010,60101030,531120,6798,53,531,67,6798
019807,U S HOME SYSTEMS INC,USHS,2011-12-31,2011,20,2010,201020,20102010,337110,2430,33,337,24,2430
019845,LUMENIS LTD,LMNS,2014-12-31,2014,35,3510,351010,35101010,334510,3845,33,334,38,3845
019849,A10 NETWORKS INC,ATEN,2025-12-31,2025,45,4510,451030,45103020,513210,7372,51,513,73,7372
019851,CITY OFFICE REIT INC,CIO,2024-12-31,2024,60,6010,601040,60104010,531120,6798,53,531,67,6798
019855,INVENTRUST PROPERTIES CORP,IVT,2025-12-31,2025,60,6010,601070,60107010,531120,6798,53,531,67,6798
019858,VERITIV CORP,VRTV,2022-12-31,2022,20,2010,201070,20107010,424110,5110,42,424,51,5110
019859,AKEBIA THERAPEUTICS INC,AKBA,2025-12-31,2025,35,3520,352010,35201010,325414,2836,32,325,28,2836
019877,Q2 HOLDINGS INC,QTWO,2025-12-31,2025,45,4510,451030,45103010,518210,7370,51,518,73,7370
019908,FIVE9 INC,FIVN,2025-12-31,2025,45,4510,451030,45103010,518210,7370,51,518,73,7370
019910,OPOWER INC,OPWR,2015-12-31,2015,45,4510,451010,45101010,519130,7370,51,519,73,7370
019911,WILLIAMS CONTROLS INC,WMCO,2012-09-30,2012,25,2510,251010,25101010,336320,3714,33,336,37,3714
019912,CORIUM INTERNATIONAL INC,CORI,2017-09-30,2017,35,3520,352020,35202010,325412,2834,32,325,28,2834
019965,POPE RESOURCES/DE  -LP,POPE,2019-12-31,2019,15,1510,151050,15105010,113110,0800,11,113,08,0800
019966,CREATIVE MEDIA & COM TR CORP,CMCT,2025-12-31,2025,60,6010,601040,60104010,531120,6798,53,531,67,6798
019967,APPLIED GENETIC TECHNOLOGIES,AGTC,2022-06-30,2022,35,3520,352010,35201010,325414,2836,32,325,28,2836
019988,MEDIWOUND LTD,MDWD,2025-12-31,2025,35,3520,352020,35202010,325414,2836,32,325,28,2836
019998,MEDPACE HOLDINGS INC,MEDP,2025-12-31,2025,35,3520,352030,35203010,054171,8731,05,054,87,8731
020010,AGILE THERAPEUTICS INC,AGRX,2023-12-31,2023,35,3520,352020,35202010,325412,2834,32,325,28,2834
020011,METALLUS INC,MTUS,2025-12-31,2025,15,1510,151040,15104050,331110,3312,33,331,33,3312
020020,CIVEO CORP,CVEO,2025-12-31,2025,20,2020,202010,20201070,000721,7011,00,000,70,7011
020033,ALDER BIOPHARMACEUTICALS INC,ALDR,2018-12-31,2018,35,3520,352010,35201010,325414,2836,32,325,28,2836
020040,SCYNEXIS INC,SCYX,2025-12-31,2025,35,3520,352020,35202010,325414,2836,32,325,28,2836
020059,FIRST REAL ESTATE TR NJ INC,FREVS,2025-10-31,2025,60,6010,601010,60101010,005311,6798,00,005,67,6798
020067,INTERCONTINENTAL HOTELS GRP,IHG,2025-12-31,2025,25,2530,253010,25301020,721110,7011,72,721,70,7011
020088,BOX INC,BOX,2025-01-31,2024,45,4510,451030,45103010,518210,7370,51,518,73,7370
020090,TUBEMOGUL INC,TUBE,2015-12-31,2015,45,4510,451030,45103020,511210,7372,51,511,73,7372
020115,PHIBRO ANIMAL HEALTH CORP,PAHC,2025-06-30,2025,35,3520,352020,35202010,325411,2833,32,325,28,2833
020126,ADVANCED DRAINAGE SYSTEMS,WMS,2025-03-31,2024,20,2010,201020,20102010,326122,3080,32,326,30,3080
020128,CHEETAH MOBILE INC  -ADR,CMCM,2024-12-31,2024,45,4510,451030,45103010,513210,7372,51,513,73,7372
020129,MATERIALISE NV,MTLS,2025-12-31,2025,45,4510,451030,45103010,513210,7372,51,513,73,7372
020136,AMERICAN REALTY CAP HLTHCR,HCT,2013-12-31,2013,40,4040,404020,40402045,531120,6798,53,531,67,6798
020147,SUPERIOR DRILLING PRODUCTS,SDPI,2023-12-31,2023,10,1010,101010,10101020,333132,3533,33,333,35,3533
020168,MEMORIAL RESOURCE DEV CORP,MRD,2015-12-31,2015,10,1010,101020,10102020,211111,1311,21,211,13,1311
020179,GASLOG PARTNERS LP,GLOP,2022-12-31,2022,10,1010,101020,10102040,483111,4412,48,483,44,4412
020185,SCOTTS MIRACLE-GRO CO,SMG,2025-09-30,2025,15,1510,151010,15101030,003253,2870,00,003,28,2870
020196,LUXOTTICA GROUP SPA,LUXTY,2017-12-31,2017,25,2520,252030,25203010,339115,3851,33,339,38,3851
020202,TRANSCEND SERVICES INC,TRCR,2011-12-31,2011,35,3510,351030,35103010,621999,8090,62,621,80,8090
020204,ICONIX BRAND GROUP INC,ICON.1,2020-12-31,2020,25,2520,252030,25203010,533110,6794,53,533,67,6794
020217,POSTROCK ENERGY CORP,PSTRQ,2014-12-31,2014,10,1010,101020,10102020,211111,1311,21,211,13,1311
020228,CATALENT INC,CTLT,2024-06-30,2024,35,3520,352020,35202010,325412,2834,32,325,28,2834
020232,KEYSIGHT TECHNOLOGIES INC,KEYS,2025-10-31,2025,45,4520,452030,45203010,334515,3825,33,334,38,3825
020233,THERAVANCE BIOPHARMA INC,TBPH,2025-12-31,2025,35,3520,352020,35202010,325412,2834,32,325,28,2834
020245,CASCADIAN THERAPEUTICS INC,CASC,2017-12-31,2017,35,3520,352010,35201010,325414,2836,32,325,28,2836
020259,CHC GROUP LTD,HELIQ,2016-04-30,2015,10,1010,101010,10101020,481211,4522,48,481,45,4522
020280,NEW YORK REIT INC,NYRT,2018-12-31,2018,60,6010,601010,60101040,531120,6798,53,531,67,6798
020298,PARSLEY ENERGY INC,PE,2019-12-31,2019,10,1010,101020,10102020,211120,1311,21,211,13,1311
020344,WASHINGTON PRIME GROUP INC,WPGGQ,2020-12-31,2020,60,6010,601010,60101070,531120,6798,53,531,67,6798
020412,ARES MANAGEMENT CORP,ARES,2025-12-31,2025,40,4020,402030,40203010,523940,6282,52,523,62,6282
020420,ORION SA,OEC,2025-12-31,2025,15,1510,151010,15101010,325180,2890,32,325,28,2890
020423,CAESARS ENTERTAINMENT CORP,CZR.3,2019-12-31,2019,25,2530,253010,25301010,721120,7990,72,721,79,7990
020477,METROPOLITAN LIFE INSURANCE,MET1,2025-12-31,2025,40,4030,403010,40301020,524113,6311,52,524,63,6311
020496,ATENTO SA,ATTOF,2022-12-31,2022,20,2020,202020,20202030,518210,7374,51,518,73,7374
020502,RAYONIER ADVANCED MATERIALS,RYAM,2025-12-31,2025,15,1510,151010,15101050,003252,2820,00,003,28,2820
020513,MONTAGE RESOURCES CORP,MR,2019-12-31,2019,10,1010,101020,10102020,211130,1311,21,211,13,1311
020534,VIPER ENERGY INC,VNOM,2025-12-31,2025,10,1010,101020,10102020,533110,6792,53,533,67,6792
020537,JP ENERGY PARTNERS LP,JPEP,2016-12-31,2016,10,1010,101020,10102040,486110,4610,48,486,46,4610
020548,COTERRA ENERGY INC,CTRA,2025-12-31,2025,10,1010,101020,10102020,002111,1311,00,002,13,1311
020554,ENVUE MEDICAL INC,FEED,2025-12-31,2025,35,3510,351010,35101010,334510,3845,33,334,38,3845
020567,MARINUS PHARMACEUTICALS INC,MRNS,2023-12-31,2023,35,3520,352020,35202010,325414,2836,32,325,28,2836
020643,KITE PHARMA INC,KITE,2016-12-31,2016,35,3520,352010,35201010,325414,2836,32,325,28,2836
020644,GOPRO INC,GPRO,2025-12-31,2025,25,2520,252010,25201010,333310,3861,33,333,38,3861
020645,ARDELYX INC,ARDX,2025-12-31,2025,35,3520,352010,35201010,325414,2836,32,325,28,2836
020653,DENBURY INC,DEN,2022-12-31,2022,10,1010,101020,10102020,002111,1311,00,002,13,1311
020659,AMPHASTAR PHARMACEUTICLS INC,AMPH,2025-12-31,2025,35,3520,352020,35202010,325412,2834,32,325,28,2834
020672,ADEPTUS HEALTH INC,ADPTQ,2015-12-31,2015,35,3510,351020,35102015,621493,8011,62,621,80,8011
020692,KIMBALL ELECTRONICS INC,KE,2025-06-30,2025,45,4520,452030,45203020,334413,3674,33,334,36,3674
020699,LIBERTY TRIPADVISOR HOLDINGS,LTRPA,2024-12-31,2024,50,5020,502030,50203010,519290,7370,51,519,73,7370
020747,TESCO CORP,TESO,2016-12-31,2016,10,1010,101010,10101020,333132,3533,33,333,35,3533
020748,ARISTA NETWORKS INC,ANET,2025-12-31,2025,45,4520,452010,45201020,334118,3576,33,334,35,3576
020756,MATINAS BIOPHARMA HLDGS INC,MTNB,2025-12-31,2025,35,3520,352010,35201010,325414,2836,32,325,28,2836
020779,CISCO SYSTEMS INC,CSCO,2025-07-31,2025,45,4520,452010,45201020,334118,3576,33,334,35,3576
020798,PFENEX INC,PFNX,2019-12-31,2019,35,3520,352010,35201010,325414,2836,32,325,28,2836
020904,HOLOGIC INC,HOLX,2025-09-30,2025,35,3510,351010,35101010,334517,3844,33,334,38,3844
020943,SAGE THERAPEUTICS INC,SAGE,2024-12-31,2024,35,3520,352010,35201010,325414,2836,32,325,28,2836
020949,MOBILEYE NV,MBBYF,2016-12-31,2016,45,4510,451030,45103010,511210,7372,51,511,73,7372
020959,PLYMOUTH INDL REIT INC,PLYM,2024-12-31,2024,60,6010,601025,60102510,531120,6798,53,531,67,6798
020961,ANTERIX INC,ATEX,2025-03-31,2024,50,5010,501010,50101010,517810,4899,51,517,48,4899
021002,CYBERARK SOFTWARE LTD,CYBR,2025-12-31,2025,45,4510,451030,45103020,513210,7372,51,513,73,7372
021003,ZOSANO PHARMA CORP,ZSANQ,2021-12-31,2021,35,3510,351010,35101010,325412,2834,32,325,28,2834
021004,LANTHEUS HOLDINGS INC,LNTH,2025-12-31,2025,35,3510,351010,35101020,325413,2835,32,325,28,2835
021010,TRANSOCEAN PARTNERS LLC,RIGP,2015-12-31,2015,10,1010,101010,10101010,213111,1381,21,213,13,1381
021012,ATARA BIOTHERAPEUTICS INC,ATRA,2025-12-31,2025,35,3520,352010,35201010,325414,2836,32,325,28,2836
021015,OCULAR THERAPEUTIX INC,OCUL,2025-12-31,2025,35,3520,352020,35202010,325414,2836,32,325,28,2836
021016,LOXO ONCOLOGY INC,LOXO,2017-12-31,2017,35,3520,352010,35201010,325414,2836,32,325,28,2836
021020,ADVERUM BIOTECHNOLOGIES,ADVM,2024-12-31,2024,35,3520,352010,35201010,325414,2836,32,325,28,2836
021040,SURGE COMPONENTS INC,SPRS,2025-11-30,2025,45,4520,452030,45203030,423690,5065,42,423,50,5065
021047,DIPLOMAT PHARMACY INC,DPLO,2018-12-31,2018,35,3510,351020,35102015,446110,5912,44,446,59,5912
021118,ACCELERATE DIAGNOSTICS INC,AXDXQ,2024-12-31,2024,35,3510,351010,35101010,325413,2835,32,325,28,2835
021132,FIBROCELL SCIENCE INC,FCSC,2018-12-31,2018,35,3520,352010,35201010,325414,2836,32,325,28,2836
021138,RIGHTSIDE GROUP LTD,NAME,2016-12-31,2016,45,4510,451010,45101010,519130,7370,51,519,73,7370
021145,OTONOMY INC,OTIC,2021-12-31,2021,35,3520,352020,35202010,325414,2836,32,325,28,2836
021150,ASTERIAS BIOTHERAPEUTICS INC,AST,2017-12-31,2017,35,3520,352010,35201010,325414,2836,32,325,28,2836
021165,INDEPENDENCE CONTRACT DRLLNG,ICDIQ,2023-12-31,2023,10,1010,101010,10101010,213111,1381,21,213,13,1381
021186,MEDICIS PHARMACEUT CP  -CL A,MRX.3,2011-12-31,2011,35,3520,352020,35202010,325412,2834,32,325,28,2834
021232,NTN BUZZTIME INC,NTN,2020-12-31,2020,50,5020,502020,50202010,519130,7370,51,519,73,7370
021237,TETRA TECHNOLOGIES INC/DE,TTI,2025-12-31,2025,10,1010,101010,10101020,213112,1389,21,213,13,1389
021261,VIRGIN AMERICA INC,VA,2015-12-31,2015,20,2030,203020,20302010,481111,4512,48,481,45,4512
021352,AVANOS MEDICAL INC,AVNS,2025-12-31,2025,35,3510,351010,35101020,339113,3842,33,339,38,3842
021427,CRAFTMADE INTERNATIONAL INC,CRFT,2011-06-30,2011,25,2520,252010,25201040,335121,3640,33,335,36,3640
021431,CALIFORNIA RESOURCES CORP,CRC,2025-12-31,2025,10,1010,101020,10102020,211120,1311,21,211,13,1311
021487,B/E AEROSPACE INC,BEAV,2016-12-31,2016,20,2010,201010,20101010,336360,2531,33,336,25,2531
021496,ORBITAL SCIENCES CORP,ORB,2013-12-31,2013,20,2010,201010,20101010,336414,3760,33,336,37,3760
021503,KEMPER CORP/DE,KMPR,2025-12-31,2025,40,4030,403010,40301040,524126,6331,52,524,63,6331
021515,UNIVAR SOLUTIONS INC,UNVR,2022-12-31,2022,20,2010,201070,20107010,424690,5160,42,424,51,5160
021522,VYNE THERAPEUTICS INC,VYNE,2025-12-31,2025,35,3520,352020,35202010,325412,2834,32,325,28,2834
021524,PROQR THERAPEUTICS NV,PRQR,2025-12-31,2025,35,3520,352010,35201010,325414,2836,32,325,28,2836
021540,WAYFAIR INC,W,2025-12-31,2025,25,2550,255040,25504060,449129,5961,44,449,59,5961
021595,VIST FINANCIAL CORP,VIST.1,2011-12-31,2011,40,4010,401010,40101015,522110,6020,52,522,60,6020
021604,PARAMOUNT GROUP INC,PGRE,2024-12-31,2024,60,6010,601040,60104010,531120,6798,53,531,67,6798
021626,VIVINT SOLAR INC,VSLR,2019-12-31,2019,20,2010,201040,20104010,335999,3620,33,335,36,3620
021627,CALITHERA BIOSCIENCES INC,CALA,2022-12-31,2022,35,3520,352010,35201010,325414,2836,32,325,28,2836
021630,STORE CAPITAL CORP,STOR,2021-12-31,2021,60,6010,601010,60101010,531120,6798,53,531,67,6798
021635,AFFIMED NV,AFMDQ,2023-12-31,2023,35,3520,352010,35201010,325414,2836,32,325,28,2836
021652,CNX MIDSTREAM PARTNERS LP,CNXM,2019-12-31,2019,10,1010,101020,10102040,486210,4922,48,486,49,4922
021732,YUMA ENERGY INC -OLD,YUMA.1,2015-12-31,2015,10,1010,101020,10102020,211111,1311,21,211,13,1311
021744,XENON PHARMACEUTICALS INC,XENE,2025-12-31,2025,35,3520,352010,35201010,325414,2836,32,325,28,2836
021761,CDK GLOBAL INC,CDK,2021-06-30,2021,45,4510,451030,45103010,519130,7370,51,519,73,7370
021776,AVANIR PHARMACEUTICALS INC,AVNR,2014-09-30,2014,35,3520,352020,35202010,325412,2834,32,325,28,2834
021798,FRESHPET INC,FRPT,2025-12-31,2025,30,3020,302020,30202030,311111,2040,31,311,20,2040
021808,CAESARS ENTERTAINMENT INC,CZR,2025-12-31,2025,25,2530,253010,25301010,713210,7990,71,713,79,7990
021816,TRAVELPORT WORLDWIDE LTD,TVPT,2018-12-31,2018,45,4510,451020,45102020,519130,7370,51,519,73,7370
021834,MAMMOTH ENERGY SERVICES INC,TUSK,2025-12-31,2025,10,1010,101010,10101020,213112,1389,21,213,13,1389
021841,COHERUS ONCOLOGY INC,CHRS,2025-12-31,2025,35,3520,352010,35201010,325414,2836,32,325,28,2836
021845,METALDYNE PERFORMANCE GROUP,MPG.4,2016-12-31,2016,25,2510,251010,25101010,336350,3714,33,336,37,3714
021847,HUBSPOT INC,HUBS,2025-12-31,2025,45,4510,451030,45103010,518210,7370,51,518,73,7370
021867,MEDEQUITIES REALTY TRUST INC,MRT.4,2018-12-31,2018,60,6010,601010,60101050,531120,6798,53,531,67,6798
021898,BOOT BARN HOLDINGS INC,BOOT,2025-03-31,2024,25,2550,255040,25504010,458210,5661,45,458,56,5661
021901,KYNTRA BIO INC,KYNB,2025-12-31,2025,35,3520,352010,35201010,325414,2836,32,325,28,2836
022025,NEW SENIOR INVESTMENT GROUP,SNR,2020-12-31,2020,60,6010,601010,60101050,531110,6798,53,531,67,6798
022037,SIENTRA INC,SIENQ,2022-12-31,2022,35,3510,351010,35101020,339113,3842,33,339,38,3842
022039,SYNEOS HEALTH INC,SYNH,2022-12-31,2022,35,3520,352030,35203010,054171,8731,05,054,87,8731
022053,CONTANGO OIL & GAS CO,MCF,2020-12-31,2020,10,1010,101020,10102020,002111,1311,00,002,13,1311
022059,INTEGRAL SYSTEMS INC,ISYS,2010-09-30,2010,45,4510,451020,45102010,541512,7373,54,541,73,7373
022124,LANDMARK INFRAST PRTNS LP,LMRK,2020-12-31,2020,60,6010,601020,60102020,531190,6519,53,531,65,6519
022134,AXALTA COATING SYSTEMS LTD,AXTA,2025-12-31,2025,15,1510,151010,15101050,325510,2851,32,325,28,2851
022165,ON DECK CAPITAL INC,ONDK,2019-12-31,2019,40,4020,402010,40201040,522298,6159,52,522,61,6159
022168,UNIROYAL GLOBAL ENGINEERED,UNIR,2021-12-31,2021,25,2520,252030,25203030,313320,2200,31,313,22,2200
022178,HORTONWORKS INC,HDP,2017-12-31,2017,45,4510,451030,45103010,511210,7372,51,511,73,7372
022180,UNIQUE FABRICATING INC,UFABQ,2021-12-31,2021,25,2510,251010,25101010,336390,3714,33,336,37,3714
022205,K-SWISS INC  -CL A,KSWS,2012-12-31,2012,25,2520,252030,25203020,316210,3140,31,316,31,3140
022207,TRUEBLUE INC,TBI,2025-12-31,2025,20,2020,202020,20202010,561320,7363,56,561,73,7363
022229,HISTOGENICS CORP,HSGX,2018-12-31,2018,35,3520,352010,35201010,339113,3842,33,339,38,3842
022230,JUNO THERAPEUTICS INC,JUNO,2017-12-31,2017,35,3520,352010,35201010,325414,2836,32,325,28,2836
022260,HCA HEALTHCARE INC,HCA,2025-12-31,2025,35,3510,351020,35102020,622110,8062,62,622,80,8062
022284,SMART SAND INC,SND,2025-12-31,2025,10,1010,101010,10101020,212322,1400,21,212,14,1400
022318,RELIANCE GLOBAL GROUP INC,EZRA,2025-12-31,2025,40,4030,403010,40301010,524210,6411,52,524,64,6411
022325,XILINX INC,XLNX,2021-03-31,2020,45,4530,453010,45301020,334413,3674,33,334,36,3674
022362,1847 HOLDINGS LLC,LBRA,2024-12-31,2024,20,2010,201050,20105010,337110,5712,33,337,57,5712
022405,BRIXMOR OPERATING PRTNRS LP,BRX1,2025-12-31,2025,60,6010,601070,60107010,531120,6798,53,531,67,6798
022439,CURO GROUP HLDGS CORP,CUROQ,2023-12-31,2023,40,4020,402020,40202010,522291,6141,52,522,61,6141
022459,URBAN EDGE PROPERTIES,UE,2025-12-31,2025,60,6010,601070,60107010,531120,6798,53,531,67,6798
022583,GMS INC,GMS,2025-04-30,2024,20,2010,201070,20107010,004233,5030,00,004,50,5030
022590,PALVELLA THERAPEUTICS INC,PVLA,2025-12-31,2025,35,3520,352010,35201010,325414,2836,32,325,28,2836
022604,ASCENDIS PHARMA AS,ASND,2025-12-31,2025,35,3520,352010,35201010,325414,2836,32,325,28,2836
022632,LANNETT CO INC,LCINQ,2022-06-30,2022,35,3520,352020,35202010,325412,2834,32,325,28,2834
022653,VISTA OUTDOOR INC,VSTO,2024-03-31,2023,25,2520,252020,25202010,033299,3480,03,033,34,3480
022674,EASTERLY GOVERNMENT PPTYS,DEA,2025-12-31,2025,60,6010,601040,60104010,531120,6798,53,531,67,6798
022697,TRACON PHARMACEUTICALS INC,TCON,2023-12-31,2023,35,3520,352010,35201010,325414,2836,32,325,28,2836
022709,SPARK THERAPEUTICS INC,ONCE,2018-12-31,2018,35,3520,352010,35201010,325414,2836,32,325,28,2836
022731,PATRIOT TRANSPORTATION HLDG,PATI,2023-09-30,2023,20,2030,203040,20304030,484230,4213,48,484,42,4213
022734,BAXALTA INC,BXLT,2015-12-31,2015,35,3520,352010,35201010,325414,2836,32,325,28,2836
022797,COMMAND SECURITY CORP,MOC,2018-03-31,2017,20,2020,202010,20201080,561612,7381,56,561,73,7381
022829,O'CHARLEY'S INC,CHUX,2011-12-31,2011,25,2530,253010,25301040,722110,5812,72,722,58,5812
022861,CKX LANDS INC,CKX,2025-12-31,2025,60,6020,602010,60201020,531190,6519,53,531,65,6519
022962,RESERVE PETROLEUM CO,RSRV,2025-12-31,2025,10,1010,101020,10102020,211120,1311,21,211,13,1311
023002,COMSTOCK RESOURCES INC -OLD,CRK.5,2017-12-31,2017,10,1010,101020,10102020,211111,1311,21,211,13,1311
023062,JOE'S JEANS INC,JOEZ,2014-11-30,2014,25,2520,252030,25203010,000315,2300,00,000,23,2300
023077,UNITI GROUP INC,UNIT,2025-12-31,2025,50,5010,501010,50101020,517111,4813,51,517,48,4813
023084,BENCHMARK ELECTRONICS INC,BHE,2025-12-31,2025,45,4520,452030,45203020,334412,3672,33,334,36,3672
023092,VALERITAS HOLDINGS INC,VLRXQ,2018-12-31,2018,35,3510,351010,35101020,339112,3841,33,339,38,3841
023093,FORTERRA INC,FRTA,2021-12-31,2021,15,1510,151020,15102010,327332,3272,32,327,32,3272
023109,GENESIS HEALTHCARE INC,GENNQ,2020-12-31,2020,35,3510,351020,35102020,623110,8051,62,623,80,8051
023119,SOLAREDGE TECHNOLOGIES INC,SEDG,2025-12-31,2025,45,4530,453010,45301010,334413,3674,33,334,36,3674
023147,NATIONAL STORAGE AFFILIATES,NSA,2025-12-31,2025,60,6010,601080,60108020,531120,6798,53,531,67,6798
023167,BLUE BIRD CORP,BLBD,2025-09-30,2025,20,2010,201060,20106010,336211,3713,33,336,37,3713
023195,MATRIX SERVICE CO,MTRX,2025-06-30,2025,20,2010,201030,20103010,237120,1623,23,237,16,1623
023220,ORBITAL ATK INC,OA,2017-12-31,2017,20,2010,201010,20101010,332993,3480,33,332,34,3480
023224,ESCO TECHNOLOGIES INC,ESE,2025-09-30,2025,20,2010,201060,20106020,334515,3825,33,334,38,3825
023225,CABLE ONE INC,CABO,2025-12-31,2025,50,5020,502010,50201030,516210,4841,51,516,48,4841
023226,INUVO INC,INUV,2025-12-31,2025,45,4510,451030,45103010,519290,7370,51,519,73,7370
023243,KORNIT DIGITAL LTD,KRNT,2025-12-31,2025,20,2010,201060,20106020,333248,3555,33,333,35,3555
023249,LUMENTUM HOLDINGS INC,LITE,2025-06-30,2025,45,4520,452010,45201020,334210,3661,33,334,36,3661
023287,8POINT3 ENERGY PARTNERS LP,CAFD,2017-11-30,2017,55,5510,551050,55105020,221114,4991,22,221,49,4991
023291,BIOLASE INC,BIOLQ,2023-12-31,2023,35,3510,351010,35101010,339114,3843,33,339,38,3843
023335,ADURO BIOTECH INC,ADRO,2019-12-31,2019,35,3520,352010,35201010,325414,2836,32,325,28,2836
023339,ZEVRA THERAPEUTICS INC,ZVRA,2025-12-31,2025,35,3520,352020,35202010,325412,2834,32,325,28,2834
023358,CIDARA THERAPEUTICS INC,CDTX,2024-12-31,2024,35,3520,352010,35201010,325414,2836,32,325,28,2836
023363,ZAIS GROUP HLDGS INC,ZAIS,2017-12-31,2017,40,4020,402030,40203010,523920,6282,52,523,62,6282
023407,BLUEPRINT MEDICINES CORP,BPMC,2024-12-31,2024,35,3520,352010,35201010,325414,2836,32,325,28,2836
023423,APIGEE CORP,APIC,2016-07-31,2016,45,4510,451010,45101010,519130,7370,51,519,73,7370
023433,BLACK STONE MINERALS LP,BSM,2025-12-31,2025,10,1010,101020,10102020,002111,1311,00,002,13,1311
023464,OPTIMIZERX CORP,OPRX,2025-12-31,2025,35,3510,351030,35103010,518210,7370,51,518,73,7370
023494,CODE REBEL CORP,CDRBQ,2015-12-31,2015,45,4510,451030,45103010,511210,7370,51,511,73,7370
023537,CONSOL COAL RESOURCES LP,CCR,2019-12-31,2019,10,1010,101020,10102050,212112,1220,21,212,12,1220
023555,COLLEGIUM PHARMACEUTICAL INC,COLL,2025-12-31,2025,35,3520,352020,35202010,325412,2834,32,325,28,2834
023556,COMMUNITY HEALTHCARE TRUST,CHCT,2025-12-31,2025,60,6010,601050,60105010,531120,6798,53,531,67,6798
023574,ADAPTIMMUNE THERAPEUTICS PLC,ADAPY,2024-12-31,2024,35,3520,352010,35201010,325414,2836,32,325,28,2836
023577,TANDY BRANDS ACCESSORIES INC,TBACQ,2013-06-30,2013,25,2520,252030,25203010,315990,2300,31,315,23,2300
023587,HAYNES INTERNATIONAL INC,HAYN,2023-09-30,2023,15,1510,151040,15104050,331110,3310,33,331,33,3310
023698,ALTABANCORP,ALTA,2020-12-31,2020,40,4010,401010,40101015,522110,6020,52,522,60,6020
023704,INVUITY INC,IVTY,2017-12-31,2017,35,3510,351010,35101010,339112,3841,33,339,38,3841
023714,COMMUNITY HEALTH SYSTEMS INC,CYH,2025-12-31,2025,35,3510,351020,35102020,622110,8062,62,622,80,8062
023753,DORMAN PRODUCTS INC,DORM,2025-12-31,2025,25,2510,251010,25101010,336390,3714,33,336,37,3714
023767,ATMEL CORP,ATML,2015-12-31,2015,45,4530,453010,45301020,334413,3674,33,334,36,3674
023793,PS BUSINESS PARKS,PSB,2021-12-31,2021,60,6010,601010,60101010,531120,6798,53,531,67,6798
023809,AUTOZONE INC,AZO,2025-08-31,2025,25,2550,255040,25504050,441330,5531,44,441,55,5531
023810,ION GEOPHYSICAL CORP,IOGPQ,2020-12-31,2020,10,1010,101010,10101020,541360,1382,54,541,13,1382
023812,REGENERON PHARMACEUTICALS,REGN,2025-12-31,2025,35,3520,352010,35201010,325412,2834,32,325,28,2834
023813,VIRACTA THERAPEUTICS INC,VIRX,2023-12-31,2023,35,3520,352010,35201010,325414,2836,32,325,28,2836
023818,EVOLENT HEALTH INC,EVH,2025-12-31,2025,35,3510,351030,35103010,513210,7372,51,513,73,7372
023856,FITBIT INC,FIT.2,2019-12-31,2019,45,4520,452030,45203010,334220,3663,33,334,36,3663
023864,EXTERRAN CORP,EXTN,2021-12-31,2021,10,1010,101010,10101020,213112,1389,21,213,13,1389
023898,RENTECH INC,RTKHQ,2016-12-31,2016,15,1510,151050,15105010,321999,2400,32,321,24,2400
023943,PMC-SIERRA INC,PMCS,2014-12-31,2014,45,4530,453010,45301020,334413,3674,33,334,36,3674
023945,CEPHALON INC,CEPH,2010-12-31,2010,35,3520,352010,35201010,325412,2834,32,325,28,2834
023978,UNITED STATES STEEL CORP,X,2024-12-31,2024,15,1510,151040,15104050,331110,3312,33,331,33,3312
023996,GLOBAL NET LEASE INC,GNL,2025-12-31,2025,60,6010,601010,60101010,531120,6798,53,531,67,6798
024021,HAEMONETICS CORP,HAE,2025-03-31,2024,35,3510,351010,35101020,339112,3841,33,339,38,3841
024032,JONES GROUP INC,JNY,2013-12-31,2013,25,2520,252030,25203010,315210,2330,31,315,23,2330
024040,IONIS PHARMACEUTICALS INC,IONS,2025-12-31,2025,35,3520,352010,35201010,325414,2836,32,325,28,2836
024076,OLLIE'S BARGAIN OUTLET HLDGS,OLLI,2025-01-31,2024,25,2550,255030,25503030,455219,5331,45,455,53,5331
024084,CONFORMIS INC,CFMS,2022-12-31,2022,35,3510,351010,35101010,339113,3842,33,339,38,3842
024096,APEX GLOBAL BRANDS INC,APEX.1,2020-01-31,2019,25,2520,252030,25203010,533110,6794,53,533,67,6794
024099,LIFETIME BRANDS INC,LCUT,2025-12-31,2025,25,2520,252010,25201050,332215,3420,33,332,34,3420
024113,PANERA BREAD CO,PNRA,2016-12-31,2016,25,2530,253010,25301040,722513,5812,72,722,58,5812
024131,SPINDLETOP OIL & GAS CO,SPND,2025-12-31,2025,10,1010,101020,10102020,211120,1311,21,211,13,1311
024171,DESIGNER BRANDS INC,DBI,2025-01-31,2024,25,2550,255040,25504010,458210,5661,45,458,56,5661
024176,NATERA INC,NTRA,2025-12-31,2025,35,3520,352010,35201010,621511,8071,62,621,80,8071
024177,SERES THERAPEUTICS INC,MCRB,2025-12-31,2025,35,3520,352010,35201010,325414,2836,32,325,28,2836
024204,BLOOMIA HOLDINGS INC,TULP,2025-06-30,2025,50,5020,502010,50201010,522299,6159,52,522,61,6159
024293,KAISER ALUMINUM CORP,KALU,2025-12-31,2025,15,1510,151040,15104010,331318,3350,33,331,33,3350
024302,ALKERMES PLC,ALKS,2025-12-31,2025,35,3520,352010,35201010,325414,2836,32,325,28,2836
024316,MONSTER BEVERAGE CORP,MNST,2025-12-31,2025,30,3020,302010,30201030,312111,2086,31,312,20,2086
024318,XL GROUP LTD,XL.1,2017-12-31,2017,40,4030,403010,40301040,524126,6351,52,524,63,6351
024330,SERITAGE GROWTH PROPERTIES,SRG,2025-12-31,2025,60,6020,602010,60201020,531120,6512,53,531,65,6512
024344,VERTEX PHARMACEUTICALS INC,VRTX,2025-12-31,2025,35,3520,352010,35201010,325414,2836,32,325,28,2836
024396,TIVITY HEALTH INC,TVTY,2021-12-31,2021,35,3510,351020,35102015,621999,8090,62,621,80,8090
024405,ZEBRA TECHNOLOGIES CP  -CL A,ZBRA,2025-12-31,2025,45,4520,452030,45203010,334118,3577,33,334,35,3577
024415,BMC STOCK HOLDINGS INC,BMCH,2019-12-31,2019,20,2010,201070,20107010,444110,5211,44,444,52,5211
024426,XPENG INC,XPEV,2025-12-31,2025,25,2510,251020,25102010,336110,3711,33,336,37,3711
024428,ADDVANTAGE TECHNOLOGIES GP,AEYGQ,2022-12-31,2022,45,4520,452030,45203030,423690,5065,42,423,50,5065
024436,THQ INC,THQIQ,2012-03-31,2011,45,4510,451030,45103030,511210,7372,51,511,73,7372
024468,BIOGEN INC,BIIB,2025-12-31,2025,35,3520,352010,35201010,325414,2836,32,325,28,2836
024481,MADISON SQUARE GARDEN SPORTS,MSGS,2025-06-30,2025,50,5020,502020,50202010,711110,7900,71,711,79,7900
024483,BON-TON STORES INC,BONTQ,2017-01-31,2016,25,2550,255030,25503030,455110,5311,45,455,53,5311
024506,PULMATRIX INC,PULM,2025-12-31,2025,35,3520,352020,35202010,325414,2836,32,325,28,2836
024533,NATIONAL HEALTH INVESTORS,NHI,2025-12-31,2025,60,6010,601050,60105010,531120,6798,53,531,67,6798
024554,NUVEEN MICH QUAL MUN INCM,NUM,2020-07-31,2020,,,,,525990,6726,52,525,67,6726
024601,CSW INDUSTRIALS INC,CSW,2025-03-31,2024,20,2010,201020,20102010,333310,3559,33,333,35,3559
024610,WIRELESS TELECOM GROUP INC,WTT,2022-12-31,2022,45,4520,452030,45203010,334220,3663,33,334,36,3663
024616,PAYPAL HOLDINGS INC,PYPL,2025-12-31,2025,40,4020,402010,40201060,522320,7389,52,522,73,7389
024625,TOTALENERGIES SE,TTE,2025-12-31,2025,10,1010,101020,10102010,324110,2911,32,324,29,2911
024638,TRANSUNION,TRU,2025-12-31,2025,20,2020,202020,20202020,561450,7323,56,561,73,7323
024678,HORACE MANN EDUCATORS CORP,HMN,2025-12-31,2025,40,4030,403010,40301030,524126,6331,52,524,63,6331
024708,ATN INTERNATIONAL INC,ATNI,2025-12-31,2025,50,5010,501010,50101020,517112,4812,51,517,48,4812
024710,BIOSPECIFICS TECHNOLOGIES CP,BSTC,2019-12-31,2019,35,3520,352010,35201010,325412,2834,32,325,28,2834
024724,LIBERTY LATIN AMERICA LTD,LILAK,2025-12-31,2025,50,5010,501010,50101010,517111,4813,51,517,48,4813
024731,KIMCO REALTY CORP,KIM,2025-12-31,2025,60,6010,601070,60107010,531120,6798,53,531,67,6798
024755,SANFILIPPO JOHN B&SON,JBSS,2025-06-30,2025,30,3020,302020,30202030,311911,2060,31,311,20,2060
024782,PERRIGO CO PLC,PRGO,2025-12-31,2025,35,3520,352020,35202010,325412,2834,32,325,28,2834
024795,AMERICAN SUPERCONDUCTOR CP,AMSC,2025-03-31,2024,20,2010,201040,20104010,335312,3621,33,335,36,3621
024800,QUALCOMM INC,QCOM,2025-09-30,2025,45,4530,453010,45301020,334413,3674,33,334,36,3674
024803,VITESSE SEMICONDUCTOR CORP,VTSS,2014-09-30,2014,45,4530,453010,45301020,334413,3674,33,334,36,3674
024810,ENBRIDGE ENERGY PRTNRS  -LP,EEP,2017-12-31,2017,10,1010,101020,10102040,000486,4610,00,000,46,4610
024825,COPT DEFENSE PROPERTIES,CDP,2025-12-31,2025,60,6010,601040,60104010,531120,6798,53,531,67,6798
024843,AMYLIN PHARMACEUTICALS INC,AMLN,2011-12-31,2011,35,3520,352010,35201010,325412,2834,32,325,28,2834
024856,GILEAD SCIENCES INC,GILD,2025-12-31,2025,35,3520,352010,35201010,325414,2836,32,325,28,2836
024861,PLANET FITNESS INC,PLNT,2025-12-31,2025,25,2530,253010,25301030,713940,7997,71,713,79,7997
024878,PDL BIOPHARMA INC,PDLI,2019-12-31,2019,35,3520,352010,35201010,325414,2836,32,325,28,2836
024888,ABAXIS INC,ABAX,2018-03-31,2017,35,3510,351010,35101010,334510,3845,33,334,38,3845
024890,MISONIX INC,MSON,2021-06-30,2021,35,3510,351010,35101010,339112,3841,33,339,38,3841
024893,WHOLE FOODS MARKET INC,WFM,2016-09-30,2016,30,3010,301010,30101030,445110,5411,44,445,54,5411
024905,SUNRUN INC,RUN,2025-12-31,2025,20,2010,201040,20104010,335999,3620,33,335,36,3620
024912,ACORN ENERGY INC,ACFN,2025-12-31,2025,45,4520,452030,45203010,334511,3812,33,334,38,3812
024922,POWERSECURE INTL INC,POWR.1,2015-12-31,2015,20,2010,201040,20104020,221118,4991,22,221,49,4991
024937,MAJESCO,MJCO,2020-03-31,2019,45,4510,451030,45103010,511210,7372,51,511,73,7372
024975,SYNOPSYS INC,SNPS,2025-10-31,2025,45,4510,451030,45103010,511210,7372,51,511,73,7372
024990,AMPLIFY SNACK BRANDS,BETR.1,2016-12-31,2016,30,3020,302020,30202030,311919,2090,31,311,20,2090
024996,LINEAGE CELL THERAPEUTICS IN,LCTX,2025-12-31,2025,35,3520,352010,35201010,325414,2836,32,325,28,2836
025021,VALASSIS COMMUNICATIONS INC,VCI,2012-12-31,2012,25,2540,254010,25401040,541870,7310,54,541,73,7310
025047,SCICLONE PHARMACEUTICALS LLC,SCLN,2016-12-31,2016,35,3520,352020,35202010,325412,2834,32,325,28,2834
025056,TIME WARNER INC,TWX,2017-12-31,2017,25,2540,254010,25401030,512110,4888,51,512,48,4888
025069,USA TRUCK INC,USAK,2021-12-31,2021,20,2030,203040,20304020,484121,4213,48,484,42,4213
025095,STEMCELLS INC,STEM.1,2015-12-31,2015,35,3520,352010,35201010,325414,2836,32,325,28,2836
025108,CHRISTOPHER & BANKS CORP,CBKCQ,2020-01-31,2019,25,2550,255040,25504010,448120,5621,44,448,56,5621
025110,ICU MEDICAL INC,ICUI,2025-12-31,2025,35,3510,351010,35101020,339112,3841,33,339,38,3841
025119,MOHAWK INDUSTRIES INC,MHK,2025-12-31,2025,25,2520,252010,25201020,314110,2273,31,314,22,2273
025157,FIRST DATA CORP,FDC,2018-12-31,2018,45,4510,451020,45102020,518210,7374,51,518,73,7374
025160,EMPRESAS ICA SAB DE CV,ICAYY,2015-12-31,2015,20,2010,201030,20103010,000237,1600,00,000,16,1600
025166,KOPIN CORP,KOPN,2025-12-31,2025,45,4530,453010,45301020,334413,3674,33,334,36,3674
025167,TAILORED BRANDS INC,TLRDQ,2020-01-31,2019,25,2550,255040,25504010,448110,5600,44,448,56,5600
025180,AGCO CORP,AGCO,2025-12-31,2025,20,2010,201060,20106015,333111,3523,33,333,35,3523
025186,STEIN MART INC,SMRTQ,2020-01-31,2019,25,2550,255040,25504010,448140,5651,44,448,56,5651
025234,BUCKLE INC,BKE,2025-01-31,2024,25,2550,255040,25504010,458110,5651,45,458,56,5651
025274,UNIVERSAL DISPLAY CORP,OLED,2025-12-31,2025,45,4530,453010,45301020,334413,3674,33,334,36,3674
025279,BOSTON SCIENTIFIC CORP,BSX,2025-12-31,2025,35,3510,351010,35101010,334510,3845,33,334,38,3845
025283,KOHL'S CORP,KSS,2025-01-31,2024,25,2550,255030,25503030,455110,5311,45,455,53,5311
025320,DATAWATCH CORP,DWCH,2018-09-30,2018,45,4510,451030,45103010,511210,7372,51,511,73,7372
025340,D R HORTON INC,DHI,2025-09-30,2025,25,2520,252010,25201030,236117,1531,23,236,15,1531
025349,GLOBAL BLOOD THERAPEUTICS,GBT,2021-12-31,2021,35,3520,352010,35201010,325414,2836,32,325,28,2836
025356,EXPRESS SCRIPTS HOLDING CO,ESRX,2017-12-31,2017,35,3510,351020,35102015,446110,5912,44,446,59,5912
025357,FINISH LINE INC  -CL A,FINL,2018-02-28,2017,25,2550,255040,25504010,448210,5661,44,448,56,5661
025367,MAGIC SOFTWARE ENTERPRISES,MGIC,2024-12-31,2024,45,4510,451030,45103010,513210,7372,51,513,73,7372
025396,BIOCLINICA INC,BIOC.1,2012-12-31,2012,35,3520,352030,35203010,621511,8071,62,621,80,8071
025399,HAMPSHIRE GROUP LTD,HAMPQ,2014-12-31,2014,25,2520,252030,25203010,315190,2253,31,315,22,2253
025424,HOSTESS BRANDS INC,TWNK,2022-12-31,2022,30,3020,302020,30202030,311812,2050,31,311,20,2050
025430,FUELCELL ENERGY INC,FCEL,2025-10-31,2025,20,2010,201040,20104010,335999,3690,33,335,36,3690
025434,STARBUCKS CORP,SBUX,2025-09-30,2025,25,2530,253010,25301040,722513,5812,72,722,58,5812
025472,LIFEMD INC,LFMD,2025-12-31,2025,35,3510,351030,35103010,621999,8090,62,621,80,8090
025495,DYNEGY INC,DYN.2,2017-12-31,2017,55,5510,551050,55105010,221112,1311,22,221,13,1311
025509,SUPERIOR ENERGY SERVICES INC,SPNX,2019-12-31,2019,10,1010,101010,10101020,213112,1389,21,213,13,1389
025527,FULING GLOBAL INC,FORK,2019-12-31,2019,25,2520,252010,25201050,326199,3089,32,326,30,3089
025529,VIZIO HOLDING CORP,VZIO,2023-12-31,2023,25,2520,252010,25201010,334310,3651,33,334,36,3651
025536,CENTRAL GARDEN & PET CO,CENTA,2025-09-30,2025,30,3030,303010,30301010,424490,5140,42,424,51,5140
025538,CORE AI HOLDINGS INC,CHAI,2024-12-31,2024,45,4520,452010,45201020,334220,3663,33,334,36,3663
025539,CPI CARD GROUP INC,PMTS,2025-12-31,2025,45,4520,452020,45202030,334112,3572,33,334,35,3572
025570,ANCHOR BANCORP WISCONSIN INC,ABCW,2015-12-31,2015,40,4010,401020,40102010,522120,6035,52,522,60,6035
025600,CARE CAPITAL PPTYS INC,CCP,2016-12-31,2016,60,6010,601010,60101050,531120,6798,53,531,67,6798
025623,HI TECH PHARMACAL CO INC,HITK,2013-04-30,2012,35,3520,352020,35202010,325412,2834,32,325,28,2834
025633,OMEGA HEALTHCARE INVS INC,OHI,2025-12-31,2025,60,6010,601050,60105010,531190,6798,53,531,67,6798
025645,ALBERTSONS COS INC,ACI,2025-02-28,2024,30,3010,301010,30101030,445110,5411,44,445,54,5411
025648,ROCHE HOLDING AG,RHHBY,2025-12-31,2025,35,3520,352020,35202010,325412,2834,32,325,28,2834
025665,LTC PROPERTIES INC,LTC,2025-12-31,2025,60,6010,601050,60105010,531190,6798,53,531,67,6798
025676,PERCEPTRON INC,PRCP,2020-06-30,2020,45,4520,452030,45203010,333314,3827,33,333,38,3827
025683,PAYBOX CORP,PBOX,2016-12-31,2016,45,4510,451020,45102020,518210,7370,51,518,73,7370
025726,CPI AEROSTRUCTURES INC,CVU,2025-12-31,2025,20,2010,201010,20101010,336413,3728,33,336,37,3728
025745,CRIMSON EXPLORATION INC,CXPO,2012-12-31,2012,10,1010,101020,10102020,211111,1311,21,211,13,1311
025747,LITTELFUSE INC,LFUS,2025-12-31,2025,45,4520,452030,45203015,335313,3613,33,335,36,3613
025774,ELECTRONICS FOR IMAGING INC,EFII,2018-12-31,2018,45,4520,452020,45202030,334118,3577,33,334,35,3577
025776,SANTA FE GOLD CORP,SFEG,2019-06-30,2019,15,1510,151040,15104040,002122,1000,00,002,10,1000
025783,MCAFEE INC,MFE,2010-12-31,2010,45,4510,451030,45103020,511210,7372,51,511,73,7372
025848,KEMET CORP,KEM.2,2020-03-31,2019,45,4520,452030,45203020,334416,3670,33,334,36,3670
025874,PETROQUEST ENERGY INC,PQUEQ,2017-12-31,2017,10,1010,101020,10102020,211111,1311,21,211,13,1311
025893,SITEONE LANDSCAPE SUPPLY INC,SITE,2025-12-31,2025,20,2010,201070,20107010,423820,5080,42,423,50,5080
025895,RADIAN GROUP INC,RDN,2025-12-31,2025,40,4020,402010,40201050,524126,6351,52,524,63,6351
025904,ACLARIS THERAPEUTICS INC,ACRS,2025-12-31,2025,35,3520,352020,35202010,325412,2834,32,325,28,2834
025921,RAILAMERICA INC,RA.3,2011-12-31,2011,20,2030,203040,20304010,482112,4013,48,482,40,4013
025923,HG HOLDINGS INC,STLY,2025-12-31,2025,25,2520,252010,25201020,524127,6361,52,524,63,6361
025924,NAVIDEA BIOPHARMACEUTICALS,NAVBQ,2022-12-31,2022,35,3520,352010,35201010,325413,2835,32,325,28,2835
025929,SATCON TECHNOLOGY CORP,SATCQ,2011-12-31,2011,20,2010,201040,20104020,335312,3621,33,335,36,3621
025937,LIGAND PHARMACEUTICAL INC,LGND,2025-12-31,2025,35,3520,352020,35202010,325412,2834,32,325,28,2834
025950,TAUBMAN CENTERS INC,TCO.2,2019-12-31,2019,60,6010,601010,60101070,531120,6798,53,531,67,6798
025964,CHART INDUSTRIES INC,GTLS,2025-12-31,2025,20,2010,201060,20106020,332410,3443,33,332,34,3443
025978,MRV COMMUNICATIONS INC,MRVC,2016-12-31,2016,45,4520,452010,45201020,334210,3661,33,334,36,3661
025999,GYRE THERAPEUTICS INC,GYRE,2025-12-31,2025,35,3520,352010,35201010,325414,2836,32,325,28,2836
026011,COMPUWARE CORP,CPWR.1,2014-03-31,2013,45,4510,451030,45103010,511210,7372,51,511,73,7372
026013,SM ENERGY CO,SM,2025-12-31,2025,10,1010,101020,10102020,002111,1311,00,002,13,1311
026021,SEACOR HOLDINGS INC,CKH,2020-12-31,2020,20,2030,203030,20303010,483111,4412,48,483,44,4412
026045,ULTRALIFE CORP,ULBI,2025-12-31,2025,20,2010,201040,20104010,335910,3690,33,335,36,3690
026061,MATCH GROUP INC,MTCH,2025-12-31,2025,50,5020,502030,50203010,519290,7370,51,519,73,7370
026069,GULFPORT ENERGY CORP,GPOR,2025-12-31,2025,10,1010,101020,10102020,002111,1311,00,002,13,1311
026094,MIRNA THERAPEUTICS INC,MIRN,2016-12-31,2016,35,3520,352010,35201010,325414,2836,32,325,28,2836
026112,CYTOMX THERAPEUTICS INC,CTMX,2025-12-31,2025,35,3520,352010,35201010,325414,2836,32,325,28,2836
026123,NOVOCURE LIMITED,NVCR,2025-12-31,2025,35,3510,351010,35101010,334510,3845,33,334,38,3845
026144,AT HOME GROUP INC,HOME,2021-01-31,2020,25,2550,255040,25504060,442299,5700,44,442,57,5700
026146,REGENXBIO INC,RGNX,2025-12-31,2025,35,3520,352010,35201010,325414,2836,32,325,28,2836
026147,PENUMBRA INC,PEN,2025-12-31,2025,35,3510,351010,35101010,339112,3841,33,339,38,3841
026156,HEWLETT PACKARD ENTERPRISE,HPE,2025-10-31,2025,45,4520,452020,45202030,334111,3571,33,334,35,3571
026162,ANAPTYSBIO INC,ANAB,2025-12-31,2025,35,3520,352010,35201010,325414,2836,32,325,28,2836
026187,ADESTO TECHNOLOGIES CORP,IOTS,2019-12-31,2019,45,4530,453010,45301020,334413,3674,33,334,36,3674
026246,VISION-SCIENCES INC,VSCI,2014-03-31,2013,35,3510,351010,35101010,334510,3845,33,334,38,3845
026269,MYOKARDIA INC,MYOK,2019-12-31,2019,35,3520,352020,35202010,325414,2836,32,325,28,2836
026273,EDGE THERAPEUTICS INC,EDGE.2,2018-12-31,2018,35,3520,352010,35201010,325414,2836,32,325,28,2836
026297,LOANDEPOT INC,LDI,2025-12-31,2025,40,4020,402010,40201050,522292,6162,52,522,61,6162
026304,CSRA INC,CSRA,2017-03-31,2016,45,4510,451020,45102010,054151,7370,05,054,73,7370
026336,PLX PHARMA INC,PLXPQ,2021-12-31,2021,35,3520,352020,35202010,325412,2834,32,325,28,2834
026340,WAVE LIFE SCIENCES LTD,WVE,2025-12-31,2025,35,3520,352020,35202010,325414,2836,32,325,28,2836
026341,VOYAGER THERAPEUTICS INC,VYGR,2025-12-31,2025,35,3520,352010,35201010,325414,2836,32,325,28,2836
026351,NORTHSTAR REALTY EUROPE CORP,NRE,2018-12-31,2018,60,6010,601010,60101040,531120,6798,53,531,67,6798
026359,APELLIS PHARMACEUTICALS,APLS,2025-12-31,2025,35,3520,352010,35201010,325414,2836,32,325,28,2836
026367,BLOCK INC,XYZ,2025-12-31,2025,40,4020,402010,40201060,518210,7374,51,518,73,7374
026376,BEONE MEDICINES LTD,ONC,2025-12-31,2025,35,3520,352010,35201010,325414,2836,32,325,28,2836
026385,MERUS NV,MRUS,2024-12-31,2024,35,3520,352010,35201010,325414,2836,32,325,28,2836
026410,FOUR CORNERS PROPERTY TR INC,FCPT,2025-12-31,2025,60,6010,601080,60108010,531120,6798,53,531,67,6798
026494,ATLASSIAN CORP,TEAM,2025-06-30,2025,45,4510,451030,45103010,519290,7370,51,519,73,7370
026514,MONSTER DIGITAL INC -OLD,MSDI.2,2016-12-31,2016,45,4520,452020,45202030,334112,3572,33,334,35,3572
026543,PETROSHARE CORP,PRHRQ,2018-12-31,2018,10,1010,101020,10102020,211120,1311,21,211,13,1311
026545,RMR GROUP INC,RMR,2025-09-30,2025,60,6020,602010,60201010,561110,8741,56,561,87,8741
026658,AVANGRID INC,AGR,2023-12-31,2023,55,5510,551010,55101010,002211,4911,00,002,49,4911
026676,AZURE POWER GLOBAL LIMITED,AZREF,2025-03-31,2024,55,5510,551050,55105020,002211,4911,00,002,49,4911
026677,SECUREWORKS CORP,SCWX,2024-01-31,2023,45,4510,451030,45103020,513210,7372,51,513,73,7372
026709,VERSUM MATERIALS INC,VSM,2018-09-30,2018,45,4530,453010,45301010,325199,2860,32,325,28,2860
026722,ACACIA COMMUNICATIONS INC,ACIA,2020-12-31,2020,45,4520,452010,45201020,334220,3663,33,334,36,3663
026746,NUTANIX INC,NTNX,2025-07-31,2025,45,4510,451030,45103010,518210,7370,51,518,73,7370
026768,SSR MINING INC,SSRM,2025-12-31,2025,15,1510,151040,15104030,212220,1040,21,212,10,1040
026798,CLEARSIDE BIOMEDICAL INC,CLSDQ,2024-12-31,2024,35,3520,352020,35202010,325412,2834,32,325,28,2834
026839,PHILLIPS EDISON & CO INC,PECO,2025-12-31,2025,60,6010,601070,60107010,531120,6798,53,531,67,6798
026863,CENTRIC BRANDS INC,CTRCQ,2018-12-31,2018,25,2520,252030,25203010,000315,2300,00,000,23,2300
026864,PERMIAN RESOURCES CORP,PR,2025-12-31,2025,10,1010,101020,10102020,211120,1311,21,211,13,1311
026874,EDITAS MEDICINE INC,EDIT,2025-12-31,2025,35,3520,352010,35201010,325414,2836,32,325,28,2836
026892,REATA PHARMACEUTICALS INC,RETA,2022-12-31,2022,35,3520,352020,35202010,325414,2836,32,325,28,2836
027119,INGEVITY CORP,NGVT,2025-12-31,2025,15,1510,151010,15101050,003251,2810,00,003,28,2810
027148,ADVANCEPIERRE FOODS HOLDINGS,APFH,2016-12-31,2016,30,3020,302020,30202030,000311,2000,00,000,20,2000
027155,INTELLIA THERAPEUTICS INC,NTLA,2025-12-31,2025,35,3520,352010,35201010,325414,2836,32,325,28,2836
027198,PHASERX INC,PZRXQ,2016-12-31,2016,35,3520,352010,35201010,325414,2836,32,325,28,2836
027199,VAALCO ENERGY INC,EGY,2025-12-31,2025,10,1010,101020,10102020,002111,1311,00,002,13,1311
027201,GEMPHIRE THERAPEUTICS INC,GEMP,2018-12-31,2018,35,3520,352010,35201010,325414,2836,32,325,28,2836
027240,BALLYS CORP,BALY,2025-12-31,2025,25,2530,253010,25301010,007132,7990,00,007,79,7990
027318,ZEDGE INC,ZDGE,2025-07-31,2025,50,5020,502030,50203010,513210,7372,51,513,73,7372
027333,ADIENT PLC,ADNT,2025-09-30,2025,25,2510,251010,25101010,336360,2531,33,336,25,2531
027335,HIGHLANDS REIT INC,HHDS,2025-12-31,2025,60,6010,601010,60101010,531120,6798,53,531,67,6798
027354,CARTESIAN THERAPEUTICS INC,RNAC,2025-12-31,2025,35,3520,352010,35201010,325414,2836,32,325,28,2836
027372,AC IMMUNE SA,ACIU,2025-12-31,2025,35,3520,352010,35201010,325414,2836,32,325,28,2836
027373,VALVOLINE INC,VVV,2025-09-30,2025,25,2550,255040,25504050,457120,5500,45,457,55,5500
027386,JELD-WEN HOLDING INC,JELD,2025-12-31,2025,20,2010,201020,20102010,321911,2430,32,321,24,2430
027387,IMPINJ INC,PI,2025-12-31,2025,45,4530,453010,45301020,334413,3674,33,334,36,3674
027392,SYROS PHARMACEUTICALS INC,SYRS,2023-12-31,2023,35,3520,352010,35201010,325414,2836,32,325,28,2836
027393,HILTON GRAND VACATIONS,HGV,2025-12-31,2025,25,2530,253010,25301020,531390,6532,53,531,65,6532
027463,INLAND REAL ESTATE INCOME TR,INRE,2025-12-31,2025,60,6010,601010,60101070,531120,6798,53,531,67,6798
027476,KADMON HOLDINGS INC,KDMN,2020-12-31,2020,35,3520,352010,35201010,325414,2836,32,325,28,2836
027574,TPI COMPOSITES INC,TPICQ,2025-12-31,2025,20,2010,201040,20104020,333611,3510,33,333,35,3510
027576,SIMPLY GOOD FOODS COMPANY,SMPL,2025-08-31,2025,30,3020,302020,30202030,311340,2060,31,311,20,2060
027635,COMMERCEHUB INC,CHUBK,2017-12-31,2017,45,4510,451010,45101010,519130,7370,51,519,73,7370
027653,YETI HOLDINGS INC,YETI,2025-12-31,2025,25,2520,252020,25202010,339920,3949,33,339,39,3949
027670,PROTAGONIST THERAPEUTICS INC,PTGX,2025-12-31,2025,35,3520,352010,35201010,325414,2836,32,325,28,2836
027677,EXTRACTION OIL & GAS INC,XOG,2020-12-31,2020,10,1010,101020,10102020,211120,1311,21,211,13,1311
027760,BOWFLEX INC,BFXXQ,2024-03-31,2023,25,2520,252020,25202010,339920,3949,33,339,39,3949
027780,SITE CENTERS CORP,SITC,2025-12-31,2025,60,6010,601070,60107010,531120,6798,53,531,67,6798
027786,EXPAND ENERGY CORP,EXE,2025-12-31,2025,10,1010,101020,10102020,002111,1311,00,002,13,1311
027794,WOLFSPEED INC,WOLF,2025-06-30,2025,45,4530,453010,45301020,334413,3674,33,334,36,3674
027800,QUALITY CARE PROPERTIES INC,QCP,2017-12-31,2017,60,6010,601010,60101050,531120,6798,53,531,67,6798
027802,LSC COMMUNICATIONS INC,LKSDQ,2019-12-31,2019,20,2020,202010,20201010,323111,2750,32,323,27,2750
027816,GLOBAL INDUSTRIES LTD,GLBL.1,2010-12-31,2010,10,1010,101010,10101020,213112,1389,21,213,13,1389
027828,UNIVERSAL ELECTRONICS INC,UEIC,2025-12-31,2025,25,2520,252010,25201010,334310,3651,33,334,36,3651
027841,ALPHA METALLURGICAL RESOURCE,AMR,2025-12-31,2025,15,1510,151040,15104050,021211,1220,02,021,12,1220
027845,ALLERGAN PLC,AGN,2019-12-31,2019,35,3520,352020,35202010,325412,2834,32,325,28,2834
027875,EQUITY LIFESTYLE PPTYS INC,ELS,2025-12-31,2025,60,6010,601060,60106020,531190,6798,53,531,67,6798
027905,NVN LIQUIDATION INC,NOVNQ,2022-12-31,2022,35,3520,352020,35202010,325412,2834,32,325,28,2834
027907,E.L.F. BEAUTY INC,ELF,2025-03-31,2024,30,3030,303020,30302010,325620,2844,32,325,28,2844
027914,HUMANA INC,HUM,2025-12-31,2025,35,3510,351020,35102030,621491,6324,62,621,63,6324
027925,AVID TECHNOLOGY INC,AVID,2022-12-31,2022,45,4520,452020,45202030,333310,3861,33,333,38,3861
027928,INTUIT INC,INTU,2025-07-31,2025,45,4510,451030,45103010,513210,7372,51,513,73,7372
027965,MICROCHIP TECHNOLOGY INC,MCHP,2025-03-31,2024,45,4530,453010,45301020,334413,3674,33,334,36,3674
027980,JARDEN CORP,JAH,2015-12-31,2015,25,2520,252010,25201050,326199,3089,32,326,30,3089
027981,CHICOS FAS INC,CHS,2023-01-31,2022,25,2550,255040,25504010,458110,5621,45,458,56,5621
028004,REVLON CONSUMER PRODUCTS CP,8135A,2022-12-31,2022,30,3030,303020,30302010,325620,2844,32,325,28,2844
028027,AMARIN CORPORATION PLC,AMRN,2025-12-31,2025,35,3520,352010,35201010,325414,2836,32,325,28,2836
028071,DZS INC,DZSIQ,2023-12-31,2023,45,4520,452010,45201020,334210,3661,33,334,36,3661
028087,EVERSPIN TECHNOLOGIES INC,MRAM,2025-12-31,2025,45,4530,453010,45301020,334413,3674,33,334,36,3674
028091,POLAR POWER INC,POLA,2025-12-31,2025,20,2010,201040,20104020,335312,3621,33,335,36,3621
028113,CRISPR THERAPEUTICS AG,CRSP,2025-12-31,2025,35,3520,352010,35201010,325414,2836,32,325,28,2836
028119,BROOKFIELD PROPERTY REIT,BPYU,2020-12-31,2020,60,6010,601010,60101070,531120,6798,53,531,67,6798
028139,SANMINA CORP,SANM,2025-09-30,2025,45,4520,452030,45203020,334412,3672,33,334,36,3672
028169,AGRIUM INC,AGU,2017-12-31,2017,15,1510,151010,15101030,325311,2870,32,325,28,2870
028180,O'REILLY AUTOMOTIVE INC,ORLY,2025-12-31,2025,25,2550,255040,25504050,441330,5531,44,441,55,5531
028192,HOWMET AEROSPACE INC,HWM,2025-12-31,2025,20,2010,201010,20101010,336413,3728,33,336,37,3728
028194,AVIENT CORP,AVNT,2025-12-31,2025,15,1510,151010,15101050,325130,2810,32,325,28,2810
028195,JABIL INC,JBL,2025-08-31,2025,45,4520,452030,45203020,334412,3672,33,334,36,3672
028262,NATUZZI SPA,NTZ,2024-12-31,2024,25,2520,252010,25201020,337121,2510,33,337,25,2510
028266,OPTI INC,OPTI.,2015-03-31,2014,45,4530,453010,45301020,999990,9995,99,999,99,9995
028272,ASTRAZENECA PLC,AZN,2025-12-31,2025,35,3520,352020,35202010,325412,2834,32,325,28,2834
028295,TITAN INTERNATIONAL INC,TWI,2025-12-31,2025,20,2010,201060,20106015,333111,3523,33,333,35,3523
028303,ELLIS PERRY INTL INC,PERY,2018-01-31,2017,25,2520,252030,25203010,315220,2320,31,315,23,2320
028320,CDW CORP,CDW,2025-12-31,2025,45,4520,452030,45203030,423430,5045,42,423,50,5045
028323,ACADIA REALTY TRUST,AKR,2025-12-31,2025,60,6010,601070,60107010,531120,6798,53,531,67,6798
028338,TRANSOCEAN LTD,RIG,2025-12-31,2025,10,1010,101010,10101010,213111,1381,21,213,13,1381
028340,TANGER INC,SKT,2025-12-31,2025,60,6010,601070,60107010,531120,6798,53,531,67,6798
028349,ALLSTATE CORP,ALL,2025-12-31,2025,40,4030,403010,40301040,524126,6331,52,524,63,6331
028365,SENESTECH INC,SNES,2025-12-31,2025,35,3520,352020,35202010,325320,2870,32,325,28,2870
028378,LIONSGATE STUDIOS CORP,LION,2025-03-31,2024,50,5020,502020,50202010,512110,7812,51,512,78,7812
028383,ATTUNITY LTD,ATTU,2018-12-31,2018,45,4510,451030,45103020,511210,7372,51,511,73,7372
028386,EZCHIP SEMICONDUCTOR LTD,EZCH,2014-12-31,2014,45,4530,453010,45301020,334118,3576,33,334,35,3576
028388,ALDILA INC,ALDA.1,2011-12-31,2011,25,2520,252020,25202010,339920,3949,33,339,39,3949
028408,GENTHERM INC,THRM,2025-12-31,2025,25,2510,251010,25101010,336390,3714,33,336,37,3714
028421,MYOVANT SCIENCES LTD,MYOV,2022-03-31,2021,35,3520,352010,35201010,325412,2834,32,325,28,2834
028456,SUBSEA 7 SA,SUBCY,2025-12-31,2025,10,1010,101010,10101020,238910,1389,23,238,13,1389
028470,RA PHARMACEUTICALS INC,RARX,2019-12-31,2019,35,3520,352010,35201010,325414,2836,32,325,28,2836
028485,COLLIERS INTL GROUP INC,CIGI,2025-12-31,2025,60,6020,602010,60201040,531210,6531,53,531,65,6531
028515,GROWGENERATION CORP,GRWG,2025-12-31,2025,25,2550,255040,25504030,444240,5200,44,444,52,5200
028518,SHILOH INDUSTRIES INC,SHLOQ,2019-10-31,2019,25,2510,251010,25101010,336370,3460,33,336,34,3460
028520,YACIMIENTOS PETE FISCALES SA,YPF,2025-12-31,2025,10,1010,101020,10102010,324110,2911,32,324,29,2911
028535,GRUPO SIMEC SA DE CV,SIM,2024-12-31,2024,15,1510,151040,15104050,331110,3312,33,331,33,3312
028543,SUN HEALTHCARE GROUP INC,SUNH.1,2011-12-31,2011,35,3510,351020,35102015,623110,8051,62,623,80,8051
028564,STONE ENERGY CORP,SGY,2017-12-31,2017,10,1010,101020,10102020,211111,1311,21,211,13,1311
028641,KEY TECHNOLOGY INC,KTEC.1,2017-09-30,2017,20,2010,201060,20106020,333241,3550,33,333,35,3550
028648,PETSMART INC,PETM,2015-01-31,2014,25,2550,255040,25504040,453910,5990,45,453,59,5990
028670,INNOVATIVE INDUSTRIAL PPTYS,IIPR,2025-12-31,2025,60,6010,601025,60102510,531120,6798,53,531,67,6798
028717,INNODATA INC,INOD,2025-12-31,2025,20,2020,202020,20202020,005416,8700,00,005,87,8700
028724,BALLARD POWER SYSTEMS INC,BLDP,2025-12-31,2025,20,2010,201040,20104010,335999,3690,33,335,36,3690
028742,BORGWARNER INC,BWA,2025-12-31,2025,25,2510,251010,25101010,336310,3714,33,336,37,3714
028762,SPARTANNASH CO,SPTN,2024-12-31,2024,30,3010,301010,30101020,424410,5141,42,424,51,5141
028769,SAUL CENTERS INC,BFS,2025-12-31,2025,60,6010,601070,60107010,531120,6798,53,531,67,6798
028775,XRS CORP,XRSC,2013-09-30,2013,45,4510,451030,45103020,511210,7372,51,511,73,7372
028787,PERFORMANCE FOOD GROUP CO,PFGC,2025-06-30,2025,30,3010,301010,30101020,004244,5140,00,004,51,5140
028790,LAMB WESTON HOLDINGS INC,LW,2025-05-31,2024,30,3020,302020,30202030,311411,2030,31,311,20,2030
028806,ARROWHEAD PHARMACEUTICAL INC,ARWR,2025-09-30,2025,35,3520,352010,35201010,325414,2836,32,325,28,2836
028838,CREDIT SUISSE GROUP,CS,2022-12-31,2022,40,4020,402030,40203030,523150,6211,52,523,62,6211
028853,ARRIS INTERNATIONAL PLC,ARRS,2018-12-31,2018,45,4520,452010,45201020,334220,3663,33,334,36,3663
028877,KEURIG DR PEPPER INC,KDP,2025-12-31,2025,30,3020,302010,30201030,311930,2080,31,311,20,2080
028916,INFINITE GROUP INC,IMCI,2024-12-31,2024,45,4510,451020,45102010,541512,7373,54,541,73,7373
028919,ONEOK PARTNERS -LP,OKS,2016-12-31,2016,10,1010,101020,10102040,486210,4922,48,486,49,4922
028924,BARNES & NOBLE INC,BKS,2019-04-30,2018,25,2550,255040,25504040,451211,5940,45,451,59,5940
028930,MARRIOTT INTL INC,MAR,2025-12-31,2025,25,2530,253010,25301020,721110,7011,72,721,70,7011
028938,ULTRATECH INC,UTEK,2016-12-31,2016,45,4530,453010,45301010,333242,3559,33,333,35,3559
028940,BELDEN INC,BDC,2025-12-31,2025,45,4520,452030,45203015,033441,3670,03,033,36,3670
028998,LODGENET INTERACTIVE CORP,LNETQ,2012-12-31,2012,25,2540,254010,25401030,517410,4899,51,517,48,4899
029001,OM GROUP INC,OMG,2014-12-31,2014,15,1510,151010,15101050,331492,3341,33,331,33,3341
029004,VAREX IMAGING CORP,VREX,2025-09-30,2025,35,3510,351010,35101010,334517,3844,33,334,38,3844
029011,BOYD GAMING CORP,BYD,2025-12-31,2025,25,2530,253010,25301010,721120,7011,72,721,70,7011
029013,CHECKPOINT THERAPEUTICS INC,CKPT,2024-12-31,2024,35,3520,352010,35201010,325414,2836,32,325,28,2836
029015,DECKERS OUTDOOR CORP,DECK,2025-03-31,2024,25,2520,252030,25203020,031621,3140,03,031,31,3140
029028,COSTCO WHOLESALE CORP,COST,2025-08-31,2025,30,3010,301010,30101040,455211,5399,45,455,53,5399
029032,INSITE VISION INC,INSV,2014-12-31,2014,35,3520,352020,35202010,325412,2834,32,325,28,2834
029052,LXP INDUSTRIAL TRUST,LXP,2025-12-31,2025,60,6010,601025,60102510,531120,6798,53,531,67,6798
029082,CBL & ASSOCIATES PPTYS INC,CBL,2025-12-31,2025,60,6010,601070,60107010,531120,6798,53,531,67,6798
029086,PALATIN TECHNOLOGIES INC,PTN,2025-06-30,2025,35,3520,352010,35201010,325414,2836,32,325,28,2836
029099,REGENCY CENTERS CORP,REG,2025-12-31,2025,60,6010,601070,60107010,531120,6798,53,531,67,6798
029127,INCYTE CORP,INCY,2025-12-31,2025,35,3520,352010,35201010,325414,2836,32,325,28,2836
029133,ITRON INC,ITRI,2025-12-31,2025,45,4520,452030,45203010,334514,3824,33,334,38,3824
029150,URBAN OUTFITTERS INC,URBN,2025-01-31,2024,25,2550,255040,25504010,458110,5651,45,458,56,5651
029151,CENTURY CASINOS INC,CNTY,2025-12-31,2025,25,2530,253010,25301010,721120,7990,72,721,79,7990
029155,CARS.COM INC,CARS,2025-12-31,2025,50,5020,502030,50203010,519290,7370,51,519,73,7370
029156,UFP INDUSTRIES INC,UFPI,2025-12-31,2025,20,2010,201020,20102010,321999,2421,32,321,24,2421
029191,ICHOR HOLDINGS LTD,ICHR,2025-12-31,2025,45,4530,453010,45301010,333242,3559,33,333,35,3559
029207,BEYONDSPRING INC,BYSI,2025-12-31,2025,35,3520,352010,35201010,325414,2836,32,325,28,2836
029241,VIAVI SOLUTIONS INC,VIAV,2025-06-30,2025,45,4520,452010,45201020,334210,3661,33,334,36,3661
029274,ATMI INC,ATMI.1,2013-12-31,2013,45,4530,453010,45301010,325180,2810,32,325,28,2810
029278,MARTEK BIOSCIENCES CORP,MATK,2010-10-31,2010,35,3520,352010,35201010,325411,2833,32,325,28,2833
029312,HUMAN GENOME SCIENCES INC,HGSI,2011-12-31,2011,35,3520,352010,35201010,325413,2835,32,325,28,2835
029375,CASA SYSTEMS INC,CASSQ,2022-12-31,2022,45,4520,452010,45201020,334118,3576,33,334,35,3576
029382,MADDEN STEVEN LTD,SHOO,2025-12-31,2025,25,2520,252030,25203020,316210,3140,31,316,31,3140
029386,TRIQUINT SEMICONDUCTOR INC,TQNT,2013-12-31,2013,45,4530,453010,45301020,334413,3674,33,334,36,3674
029392,EASTMAN CHEMICAL CO,EMN,2025-12-31,2025,15,1510,151010,15101050,000325,2800,00,000,28,2800
029433,SPEED COMMERCE INC,SPDC,2015-03-31,2014,45,4520,452030,45203030,519130,7370,51,519,73,7370
029435,PLANAR SYSTEMS INC,PLNR,2014-09-30,2014,45,4520,452030,45203010,334419,3679,33,334,36,3679
029449,UFP TECHNOLOGIES INC,UFPT,2025-12-31,2025,35,3510,351010,35101020,339113,3842,33,339,38,3842
029453,CHENIERE ENERGY INC,LNG,2025-12-31,2025,10,1010,101020,10102040,211130,1311,21,211,13,1311
029517,MEDIFAST INC,MED,2025-12-31,2025,30,3030,303020,30302010,311999,2090,31,311,20,2090
029524,NEXTIER OILFIELD SOLUTNS INC,NEX,2022-12-31,2022,10,1010,101010,10101020,213112,1389,21,213,13,1389
029537,TRIVAGO NV,TRVG,2025-12-31,2025,50,5020,502030,50203010,519290,7370,51,519,73,7370
029576,NI HOLDINGS INC,NODK,2025-12-31,2025,40,4030,403010,40301040,524126,6331,52,524,63,6331
029609,HAIN CELESTIAL GROUP INC,HAIN,2025-06-30,2025,30,3020,302020,30202030,000311,2000,00,000,20,2000
029621,STEEL CONNECT INC,STCN,2024-07-31,2024,20,2020,202020,20202030,561910,7389,56,561,73,7389
029627,MAD CATZ INTERACTIVE INC,MCZAF,2016-03-31,2015,25,2520,252010,25201010,339930,3944,33,339,39,3944
029634,TELULAR CORP,WRLS.1,2012-09-30,2012,45,4520,452010,45201020,334220,3663,33,334,36,3663
029670,RAMACO RESOURCES INC,METC,2025-12-31,2025,15,1510,151040,15104050,212115,1220,21,212,12,1220
029684,JOUNCE THERAPEUTICS INC,JNCE,2022-12-31,2022,35,3520,352010,35201010,325414,2836,32,325,28,2836
029698,SIGMATRON INTERNATIONAL INC,SGMA,2024-04-30,2023,45,4520,452030,45203020,334412,3672,33,334,36,3672
029709,SONIC SOLUTIONS,SNIC,2010-03-31,2009,45,4510,451030,45103010,511210,7372,51,511,73,7372
029710,HEALTH NET INC,HNT,2015-12-31,2015,35,3510,351020,35102030,524114,6324,52,524,63,6324
029722,DSP GROUP INC,DSPG,2020-12-31,2020,45,4530,453010,45301020,334220,3663,33,334,36,3663
029736,TRACTOR SUPPLY CO,TSCO,2025-12-31,2025,25,2550,255040,25504040,459999,5200,45,459,52,5200
029751,ALBEMARLE CORP,ALB,2025-12-31,2025,15,1510,151010,15101050,325180,2810,32,325,28,2810
029755,BEAZER HOMES USA INC,BZH,2025-09-30,2025,25,2520,252010,25201030,236117,1531,23,236,15,1531
029760,KIMBELL ROYALTY PARTNERS LP,KRP,2025-12-31,2025,10,1010,101020,10102020,002111,1311,00,002,13,1311
029762,AROTECH CORP,ARTX,2018-12-31,2018,20,2010,201010,20101010,333318,3690,33,333,36,3690
029791,QLOGIC CORP,QLGC,2016-03-31,2015,45,4520,452030,45203020,334118,3570,33,334,35,3570
029819,BIOVERATIV INC,BIVV,2017-12-31,2017,35,3520,352010,35201010,325414,2836,32,325,28,2836
029830,WESTROCK CO,WRK,2023-09-30,2023,15,1510,151030,15103020,322211,2650,32,322,26,2650
029837,BIOCRYST PHARMACEUTICALS INC,BCRX,2025-12-31,2025,35,3520,352010,35201010,325414,2836,32,325,28,2836
029850,GRUPO TELEVISA SAB,TV,2025-12-31,2025,50,5010,501010,50101020,516210,4841,51,516,48,4841
029868,MACERICH CO,MAC,2025-12-31,2025,60,6010,601070,60107010,531120,6798,53,531,67,6798
029887,TOWERS WATSON & CO,TW.3,2015-06-30,2015,20,2020,202020,20202010,541612,8742,54,541,87,8742
029894,NN INC,NNBR,2025-12-31,2025,20,2010,201060,20106020,332991,3562,33,332,35,3562
029910,SCANSOURCE INC,SCSC,2025-06-30,2025,45,4520,452030,45203030,423430,5045,42,423,50,5045
029930,MOTORCAR PARTS OF AMER INC,MPAA,2025-03-31,2024,25,2510,251010,25101010,336320,3690,33,336,36,3690
029955,BAUSCH HEALTH COMPANIES INC,BHC,2025-12-31,2025,35,3520,352020,35202010,325412,2834,32,325,28,2834
029962,LIMONEIRA CO,LMNR,2025-10-31,2025,30,3020,302020,30202010,111320,0100,11,111,01,0100
029968,AK STEEL HOLDING CORP,AKS,2019-12-31,2019,15,1510,151040,15104050,331110,3312,33,331,33,3312
029984,PROLOGIS INC,PLD,2025-12-31,2025,60,6010,601025,60102510,531120,6798,53,531,67,6798
030007,VIVUS INC,VVUSQ,2019-12-31,2019,35,3520,352020,35202010,325412,2834,32,325,28,2834
030059,AMERN EAGLE OUTFITTERS INC,AEO,2025-01-31,2024,25,2550,255040,25504010,004481,5600,00,004,56,5600
030067,AGREE REALTY CORP,ADC,2025-12-31,2025,60,6010,601070,60107010,531120,6798,53,531,67,6798
030091,SNAP INC,SNAP,2025-12-31,2025,50,5020,502030,50203010,519290,7370,51,519,73,7370
030098,INGERSOLL RAND INC,IR,2025-12-31,2025,20,2010,201060,20106020,333912,3560,33,333,35,3560
030137,NEKTAR THERAPEUTICS,NKTR,2025-12-31,2025,35,3520,352020,35202010,325412,2834,32,325,28,2834
030145,PROPETRO HOLDING CORP,PUMP,2025-12-31,2025,10,1010,101010,10101020,213112,1389,21,213,13,1389
030169,INTERNATIONAL TEXTLE GRP INC,ITXN,2015-12-31,2015,25,2520,252030,25203030,313210,2211,31,313,22,2211
030170,FLEX LTD,FLEX,2025-03-31,2024,45,4520,452030,45203020,334412,3672,33,334,36,3672
030185,CARACO PHARMACEUTICAL LABS,CPD,2010-03-31,2009,35,3520,352020,35202010,325412,2834,32,325,28,2834
030220,SYPRIS SOLUTIONS INC,SYPR,2025-12-31,2025,25,2510,251010,25101010,336350,3714,33,336,37,3714
030232,HERZFELD CREDIT INCM FND INC,HERZ,2025-06-30,2025,,,,,525990,6726,52,525,67,6726
030234,MCMORAN EXPLORATION CO,MMR,2012-12-31,2012,10,1010,101020,10102020,211111,1311,21,211,13,1311
030255,NPS PHARMACEUTICALS INC,NPSP,2014-12-31,2014,35,3520,352010,35201010,325414,2836,32,325,28,2836
030259,PENN ENTERTAINMENT INC,PENN,2025-12-31,2025,25,2530,253010,25301010,713290,7990,71,713,79,7990
030260,SIMPSON MANUFACTURING INC,SSD,2025-12-31,2025,20,2010,201020,20102010,332510,3420,33,332,34,3420
030277,COLE KENNETH PROD INC  -CL A,KCP,2011-12-31,2011,25,2520,252030,25203010,003162,3140,00,003,31,3140
030284,LIBERTY ENERGY INC,LBRT,2025-12-31,2025,10,1010,101010,10101020,213112,1389,21,213,13,1389
030298,HIGHWOODS PROPERTIES INC,HIW,2025-12-31,2025,60,6010,601040,60104010,531120,6798,53,531,67,6798
030311,VIRIDIAN THERAPEUTICS INC,VRDN,2025-12-31,2025,35,3520,352010,35201010,325414,2836,32,325,28,2836
030354,LIBERTY PROPERTY TRUST,LPT,2018-12-31,2018,60,6010,601010,60101010,531120,6798,53,531,67,6798
030397,WARRIOR MET COAL INC,HCC,2025-12-31,2025,15,1510,151040,15104050,021211,1220,02,021,12,1220
030398,FALCONSTOR SOFTWARE INC,FALC,2025-12-31,2025,45,4510,451030,45103020,541512,7373,54,541,73,7373
030428,ALTA MESA RESOURCES INC,AMRQQ,2019-12-31,2019,10,1010,101020,10102020,211120,1311,21,211,13,1311
030443,FRESH DEL MONTE PRODUCE INC,FDP,2025-12-31,2025,30,3020,302020,30202010,111339,0100,11,111,01,0100
030463,GREENBRIER COS INC (THE),GBX,2025-08-31,2025,20,2010,201060,20106010,336510,3743,33,336,37,3743
030495,FELCOR LODGING TRUST INC,FCH,2016-12-31,2016,60,6010,601010,60101030,531110,6798,53,531,67,6798
030501,KB FINANCIAL GROUP,KB,2025-12-31,2025,40,4010,401010,40101010,522110,6020,52,522,60,6020
030547,SOLARIS ENRGY INFRASTRUCTURE,SEI,2025-12-31,2025,10,1010,101010,10101020,532412,7359,53,532,73,7359
030571,ARDAGH GROUP SA,ARD,2021-12-31,2021,15,1510,151030,15103010,332431,3411,33,332,34,3411
030576,ADTRAN HOLDINGS INC,ADTN,2025-12-31,2025,45,4520,452010,45201020,334210,3661,33,334,36,3661
030614,ENERGY FOCUS INC,EFOI,2025-12-31,2025,20,2010,201040,20104010,335132,3640,33,335,36,3640
030622,YEXT INC,YEXT,2025-01-31,2024,45,4510,451030,45103010,519290,7370,51,519,73,7370
030637,VERIS RESIDENTIAL INC,VRE,2025-12-31,2025,60,6010,601060,60106010,531110,6798,53,531,67,6798
030649,WAVE SYSTEMS CORP  -CL A,WAVXQ,2014-12-31,2014,45,4510,451030,45103020,511210,7372,51,511,73,7372
030655,ALTERYX INC,AYX,2023-12-31,2023,45,4510,451030,45103010,519290,7370,51,519,73,7370
030674,ARIAD PHARMACEUTICALS INC,ARIA,2015-12-31,2015,35,3520,352010,35201010,325414,2836,32,325,28,2836
030710,MATTSON TECHNOLOGY INC,MTSN,2015-12-31,2015,45,4530,453010,45301010,333242,3559,33,333,35,3559
030714,TESSCO TECHNOLOGIES INC,TESS,2023-03-31,2022,45,4520,452010,45201020,423690,5065,42,423,50,5065
030736,OKTA INC,OKTA,2025-01-31,2024,45,4510,451020,45102030,519290,7370,51,519,73,7370
030822,REALTY INCOME CORP,O,2025-12-31,2025,60,6010,601070,60107010,531120,6798,53,531,67,6798
030838,TRANSPORTADORA DE GAS DEL SU,TGS,2025-12-31,2025,10,1010,101020,10102040,211130,1311,21,211,13,1311
030861,KNIGHT-SWIFT TRPTN HLDGS INC,KNX,2025-12-31,2025,20,2030,203040,20304030,484121,4213,48,484,42,4213
030877,COVENANT LOGISTICS GROUP INC,CVLG,2025-12-31,2025,20,2030,203040,20304030,484121,4213,48,484,42,4213
030923,TECHNIPFMC PLC,FTI,2025-12-31,2025,10,1010,101010,10101020,213112,1389,21,213,13,1389
030990,CAPITAL ONE FINANCIAL CORP,COF,2025-12-31,2025,40,4020,402020,40202010,522210,6141,52,522,61,6141
030999,CARVANA CO,CVNA,2025-12-31,2025,25,2550,255040,25504050,441120,5500,44,441,55,5500
031059,ZYMEWORKS INC,ZYME,2025-12-31,2025,35,3520,352010,35201010,325414,2836,32,325,28,2836
031061,UROGEN PHARMA LTD,URGN,2025-12-31,2025,35,3520,352010,35201010,325414,2836,32,325,28,2836
031091,VERITONE INC,VERI,2025-12-31,2025,45,4510,451030,45103010,518210,7370,51,518,73,7370
031094,BIOHAVEN PHRMCUTCL HLD,BHVN.1,2021-12-31,2021,35,3520,352010,35201010,325412,2834,32,325,28,2834
031112,OVID THRPUTCS INC,OVID,2025-12-31,2025,35,3520,352010,35201010,325414,2836,32,325,28,2836
031142,STMICROELECTRONICS NV,STM,2025-12-31,2025,45,4530,453010,45301020,334413,3674,33,334,36,3674
031170,UNVL STAINLESS & ALLOY PRODS,USAP,2023-12-31,2023,15,1510,151040,15104050,331110,3312,33,331,33,3312
031203,STILLWATER MINING CO,SWC,2016-12-31,2016,15,1510,151040,15104040,212299,1090,21,212,10,1090
031227,NUTRISYSTEM INC,NTRI,2018-12-31,2018,25,2550,255020,25502020,454110,5961,45,454,59,5961
031252,MAGNOLIA OIL & GAS CORP,MGY,2025-12-31,2025,10,1010,101020,10102020,211120,1311,21,211,13,1311
031255,TOWER SEMICONDUCTOR LTD,TSEM,2025-12-31,2025,45,4530,453010,45301020,334413,3674,33,334,36,3674
031292,ASV HOLDINGS INC,ASV,2018-12-31,2018,20,2010,201060,20106010,333120,3531,33,333,35,3531
031343,IMAGENETIX INC,IAGX,2015-03-31,2014,30,3030,303020,30302010,325412,2834,32,325,28,2834
031384,SEACOR MARINE HLDGS INC,SMHI,2025-12-31,2025,10,1010,101010,10101020,483111,4412,48,483,44,4412
031405,ATHENEX INC,ATNXQ,2022-12-31,2022,35,3520,352010,35201010,325414,2836,32,325,28,2836
031418,PROPHASE LABS INC,PRPH,2025-12-31,2025,35,3520,352020,35202010,325412,2834,32,325,28,2834
031453,INSIGHT ENTERPRISES INC,NSIT,2025-12-31,2025,45,4520,452030,45203030,423430,5045,42,423,50,5045
031477,AZENTA INC,AZTA,2025-09-30,2025,35,3520,352030,35203010,541714,8731,54,541,87,8731
031494,PENGUIN SOLUTIONS INC,PENG,2025-08-31,2025,45,4530,453010,45301020,334413,3674,33,334,36,3674
031507,NINE ENERGY SERVICE INC,NINE,2025-12-31,2025,10,1010,101010,10101020,213112,1389,21,213,13,1389
031519,YAMANA GOLD INC,AUY,2022-12-31,2022,15,1510,151040,15104030,212220,1040,21,212,10,1040
031560,SPEEDWAY MOTORSPORTS INC,TRK,2018-12-31,2018,25,2530,253010,25301030,711212,7948,71,711,79,7948
031567,STRATTEC SECURITY CORP,STRT,2025-06-30,2025,25,2510,251010,25101010,336390,3714,33,336,37,3714
031587,DOLLAR TREE INC,DLTR,2025-01-31,2024,30,3010,301010,30101040,455219,5331,45,455,53,5331
031616,CATAMARAN CORP,CTRX,2014-12-31,2014,35,3510,351020,35102015,511210,7372,51,511,73,7372
031626,CHINA NATURAL RESOURCES INC,CHNR,2024-12-31,2024,15,1510,151040,15104020,002122,1000,00,002,10,1000
031656,REIN THERAPEUTICS INC,RNTX,2025-12-31,2025,35,3520,352010,35201010,325414,2836,32,325,28,2836
031673,CENCORA INC,COR,2025-09-30,2025,35,3510,351020,35102010,424210,5122,42,424,51,5122
031743,ANADIGICS INC,ANAD,2015-12-31,2015,45,4530,453010,45301020,334413,3674,33,334,36,3674
031748,HAUPPAUGE DIGITAL INC,HAUP,2013-09-30,2013,45,4520,452020,45202030,334118,3577,33,334,35,3577
031802,DELPHI TECHNOLOGIES PLC,DLPH,2019-12-31,2019,25,2510,251010,25101010,336310,3714,33,336,37,3714
031823,VENATOR MATERIALS PLC,VNTRF,2022-12-31,2022,15,1510,151010,15101050,325180,2810,32,325,28,2810
031825,ADOMANI INC -OLD,ADOM.1,2019-12-31,2019,25,2510,251010,25101010,336350,3714,33,336,37,3714
031843,HARMONIC INC,HLIT,2025-12-31,2025,45,4520,452010,45201020,334220,3663,33,334,36,3663
031845,RANGER ENERGY SERVICES,RNGR,2025-12-31,2025,10,1010,101010,10101020,213112,1389,21,213,13,1389
031846,DARDEN RESTAURANTS INC,DRI,2025-05-31,2024,25,2530,253010,25301040,722511,5812,72,722,58,5812
031848,AVENUE THERAPEUTICS INC,ATXI,2025-12-31,2025,35,3520,352020,35202010,325412,2834,32,325,28,2834
031881,FEI CO,FEIC,2015-12-31,2015,45,4520,452030,45203010,334516,3826,33,334,38,3826
031914,NECESSITY RET REIT INC (THE),RTL,2022-12-31,2022,60,6010,601070,60107010,531120,6798,53,531,67,6798
032106,BAKER HUGHES CO,BKR,2025-12-31,2025,10,1010,101010,10101020,213112,1389,21,213,13,1389
032154,JBG SMITH PPTYS,JBGS,2025-12-31,2025,60,6010,601040,60104010,531120,6798,53,531,67,6798
032219,PETIQ INC,PETQ,2023-12-31,2023,35,3510,351020,35102010,325412,2834,32,325,28,2834
032245,ALPINE IMMUNE SCIENCES INC,ALPN,2023-12-31,2023,35,3520,352010,35201010,325414,2836,32,325,28,2836
032247,NEUROONE MED TECHNOLOGIES CO,NMTC,2025-09-30,2025,35,3510,351010,35101010,334510,3845,33,334,38,3845
032267,MOLECULAR TEMPLATES INC,MTEMQ,2023-12-31,2023,35,3520,352010,35201010,325414,2836,32,325,28,2836
032273,TREMONT MORTGAGE TRUST,TRMT,2020-12-31,2020,40,4020,402040,40204010,525990,6798,52,525,67,6798
032280,STARZ,STRZA,2015-12-31,2015,25,2540,254010,25401025,515120,4833,51,515,48,4833
032285,ECOVYST INC,ECVT,2025-12-31,2025,15,1510,151010,15101050,325180,2810,32,325,28,2810
032303,QUINTANA ENERGY SVC INC,QES,2019-12-31,2019,10,1010,101010,10101020,213112,1389,21,213,13,1389
032315,TDH HOLDINGS INC,PETZ,2025-12-31,2025,30,3020,302020,30202030,531120,6512,53,531,65,6512
032334,ZAI LAB LTD,ZLAB,2025-12-31,2025,35,3520,352010,35201010,325414,2836,32,325,28,2836
032345,BORQS TECHNOLOGIES INC,BRQSF,2024-12-31,2024,45,4520,452020,45202030,541512,7373,54,541,73,7373
032352,HAMILTON BEACH BND HDNG,HBB,2025-12-31,2025,25,2520,252010,25201040,003352,3630,00,003,36,3630
032365,SYNLOGIC INC,SYBX,2025-12-31,2025,35,3520,352010,35201010,325414,2836,32,325,28,2836
032372,CORE NATURAL RESOURCES INC,CNR,2025-12-31,2025,10,1010,101020,10102050,212115,1220,21,212,12,1220
032382,ROKU INC,ROKU,2025-12-31,2025,50,5020,502020,50202010,517111,4841,51,517,48,4841
032383,DECIPHERA PHRMCTAL INC,DCPH,2023-12-31,2023,35,3520,352010,35201010,325414,2836,32,325,28,2836
032396,ENVVENO MEDICAL CORPORATION,NVNO,2025-12-31,2025,35,3510,351010,35101010,339112,3841,33,339,38,3841
032413,BP MIDSTREAM PARTNERS,BPMP,2021-12-31,2021,10,1010,101020,10102040,000486,4610,00,000,46,4610
032451,OPTINOSE INC,OPTN.1,2024-12-31,2024,35,3520,352020,35202010,325412,2834,32,325,28,2834
032469,SWITCH INC,SWCH,2021-12-31,2021,45,4510,451020,45102030,519130,7370,51,519,73,7370
032524,AQUANTIA CORP,AQ,2018-12-31,2018,45,4530,453010,45301020,334413,3674,33,334,36,3674
032525,SPERO THERAPEUTICS INC,SPRO,2025-12-31,2025,35,3520,352010,35201010,325414,2836,32,325,28,2836
032528,FUNKO INC,FNKO,2025-12-31,2025,25,2520,252020,25202010,339930,3942,33,339,39,3942
032574,NATIONAL VISION HOLDINGS INC,EYE,2025-12-31,2025,25,2550,255040,25504040,456130,5990,45,456,59,5990
032580,VICI PROPERTIES INC,VICI,2025-12-31,2025,60,6010,601080,60108010,531120,6798,53,531,67,6798
032638,ACM RESEARCH INC,ACMR,2025-12-31,2025,45,4530,453010,45301010,333242,3559,33,333,35,3559
032671,PEAKSTONE REALTY TRUST,PKST,2025-12-31,2025,60,6010,601040,60104010,531120,6798,53,531,67,6798
032674,CUE BIOPHARMA,CUE,2025-12-31,2025,35,3520,352010,35201010,325414,2836,32,325,28,2836
032677,SPARK NETWORKS SE,LOVLQ,2022-12-31,2022,50,5020,502030,50203010,519290,7370,51,519,73,7370
032715,ARCTURUS THERAPETCS HOLD INC,ARCT,2025-12-31,2025,35,3520,352010,35201010,325414,2836,32,325,28,2836
032748,NEWMARK GROUP INC,NMRK,2025-12-31,2025,60,6020,602010,60201040,531210,6531,53,531,65,6531
032749,ENTERA BIO LTD,ENTX,2025-12-31,2025,35,3520,352010,35201010,325414,2836,32,325,28,2836
032751,INDSTRL LGST PRPT TRST,ILPT,2025-12-31,2025,60,6010,601025,60102510,531120,6798,53,531,67,6798
032767,EQUITABLE HOLDINGS INC,EQH,2025-12-31,2025,40,4020,402010,40201020,524113,6311,52,524,63,6311
032775,DENALI THERAPEUTCS INC,DNLI,2025-12-31,2025,35,3520,352010,35201010,325414,2836,32,325,28,2836
032804,SELECT INTERIOR CONCEPTS INC,SIC,2020-12-31,2020,25,2530,253020,25302020,541410,7389,54,541,73,7389
032819,DOGNESS (INTL) CORP,DOGZ,2025-06-30,2025,25,2520,252030,25203010,339999,3990,33,339,39,3990
032843,CORPORACION AMERICA AIRPORTS,CAAP,2025-12-31,2025,20,2030,203050,20305010,004881,4581,00,004,45,4581
032846,PROCESSA PHARMACEUTICALS INC,PCSA,2025-12-31,2025,35,3520,352020,35202010,325412,2834,32,325,28,2834
032851,ONE STOP SYSTEMS INC,OSS,2025-12-31,2025,45,4520,452020,45202030,334111,3571,33,334,35,3571
032855,AVAYA HLDGS CORP,AVYAQ,2021-09-30,2021,45,4510,451030,45103010,511210,7372,51,511,73,7372
032886,GATES INDUSTRIAL CORP PLC,GTES,2025-12-31,2025,20,2010,201060,20106020,333612,3560,33,333,35,3560
032894,SOLID BIOSCIENCES INC,SLDB,2025-12-31,2025,35,3520,352010,35201010,325414,2836,32,325,28,2836
032897,SOL GEL TECHNOLOGIES LTD,SLGL,2025-12-31,2025,35,3520,352020,35202010,325412,2834,32,325,28,2834
032938,CACTUS INC,WHD,2025-12-31,2025,10,1010,101010,10101020,333132,3533,33,333,35,3533
033064,IPIC ENTERTAINMENT INC,IPIC,2018-12-31,2018,25,2530,253010,25301040,051213,7830,05,051,78,7830
033067,FTS INTERNATIONAL INC,FTSI,2020-12-31,2020,10,1010,101010,10101020,213112,1389,21,213,13,1389
033068,PURPLE INNOVATION INC,PRPL,2025-12-31,2025,25,2520,252010,25201020,337910,2510,33,337,25,2510
033133,ARCUS BIOSCIENCES INC,RCUS,2025-12-31,2025,35,3520,352010,35201010,325414,2836,32,325,28,2836
033152,DROPBOX INC,DBX,2025-12-31,2025,45,4510,451030,45103010,519290,7370,51,519,73,7370
033175,SPOTIFY TECHNOLOGY SA,SPOT,2025-12-31,2025,50,5020,502020,50202010,518210,7370,51,518,73,7370
033240,Q32 BIO INC,QTTB,2025-12-31,2025,35,3520,352010,35201010,325414,2836,32,325,28,2836
033243,WYNDHAM HOTELS & RESRTS,WH,2025-12-31,2025,25,2530,253010,25301020,721110,7011,72,721,70,7011
033274,SURFACE ONCOLOGY INC,SURF,2022-12-31,2022,35,3520,352010,35201010,325414,2836,32,325,28,2836
033275,SMARTSHEET INC,SMAR,2024-01-31,2023,45,4510,451030,45103010,518210,7370,51,518,73,7370
033279,INFRASTRUCTR & ENRGY ALT INC,IEA,2021-12-31,2021,20,2010,201030,20103010,000237,1600,00,000,16,1600
033301,DOCUSIGN INC,DOCU,2025-01-31,2024,45,4510,451030,45103010,518210,7370,51,518,73,7370
033326,CHAMPIONX CORP,CHX,2024-12-31,2024,10,1010,101010,10101020,333132,3533,33,333,35,3533
033420,NLIGHT INC,LASR,2025-12-31,2025,45,4520,452030,45203010,334413,3674,33,334,36,3674
033433,WEWORK INC,WEWKQ,2022-12-31,2022,60,6020,602010,60201020,531120,6512,53,531,65,6512
033445,SCHOLAR ROCK HOLDNG CRP,SRRK,2025-12-31,2025,35,3520,352010,35201010,325414,2836,32,325,28,2836
033476,JERASH HOLDINGS (US),JRSH,2025-03-31,2024,25,2520,252030,25203010,000315,2300,00,000,23,2300
033487,HUYA INC,HUYA,2025-12-31,2025,50,5020,502020,50202020,519290,7370,51,519,73,7370
033499,EXICURE INC,XCUR,2025-12-31,2025,35,3520,352010,35201010,325414,2836,32,325,28,2836
033531,GREENSKY INC,GSKY,2021-12-31,2021,45,4510,451020,45102020,519130,7370,51,519,73,7370
033532,CLPS INC,CLPS,2025-06-30,2025,45,4510,451020,45102010,518210,7370,51,518,73,7370
033542,SPIRIT MTA REIT,SMTA,2018-12-31,2018,60,6010,601010,60101070,531120,6798,53,531,67,6798
033595,MEIRAGTX HOLDINGS,MGTX,2025-12-31,2025,35,3520,352010,35201010,325414,2836,32,325,28,2836
033596,CHARAH SOLUTIONS,CHRA,2022-12-31,2022,20,2020,202010,20201050,000562,4950,00,000,49,4950
033598,US XPRESS ENTRPRS INC,USX,2022-12-31,2022,20,2030,203040,20304030,004841,4210,00,004,42,4210
033601,TRANSLATE BIO INC,TBIO.2,2020-12-31,2020,35,3520,352010,35201010,325414,2836,32,325,28,2836
033635,AUTOLUS THERAPEUTICS -ADR,AUTL,2025-12-31,2025,35,3520,352010,35201010,325414,2836,32,325,28,2836
033643,APTINYX INC,APTX,2022-12-31,2022,35,3520,352010,35201010,325414,2836,32,325,28,2836
033647,VEONEER INC,VNE,2021-12-31,2021,25,2510,251010,25101010,003363,3714,00,003,37,3714
033668,BLOOM ENERGY CORP,BE,2025-12-31,2025,20,2010,201040,20104020,335312,3621,33,335,36,3621
033684,ESSENTIAL PPT RLTY TST,EPRT,2025-12-31,2025,60,6010,601010,60101010,005311,6798,00,005,67,6798
033698,NEURONETICS INC,STIM,2025-12-31,2025,35,3510,351010,35101010,334510,3845,33,334,38,3845
033700,AMERICAN MIDSTREAM PTNRS LP,AMID.2,2018-12-31,2018,10,1010,101020,10102040,486210,4922,48,486,49,4922
033708,RETAIL VALUE INC,RVIC,2022-12-31,2022,60,6010,601070,60107010,531120,6798,53,531,67,6798
033725,DATAVAULT AI INC,DVLT,2025-12-31,2025,45,4530,453010,45301020,334413,3674,33,334,36,3674
033743,AQUESTIVE THERAPETC INC,AQST,2025-12-31,2025,35,3520,352020,35202010,325412,2834,32,325,28,2834
033749,BIONANO GENOMICS INC,BNGO,2025-12-31,2025,35,3520,352030,35203010,339112,3841,33,339,38,3841
033751,PROVENTION BIO INC,PRVB,2022-12-31,2022,35,3520,352020,35202010,325414,2836,32,325,28,2836
033759,TENABLE HOLDINGS INC,TENB,2025-12-31,2025,45,4510,451030,45103020,518210,7370,51,518,73,7370
033766,ARLO TECHNOLOGIES INC,ARLO,2025-12-31,2025,45,4520,452030,45203010,334290,3669,33,334,36,3669
033767,SONOS INC,SONO,2025-09-30,2025,25,2520,252010,25201010,334310,3651,33,334,36,3651
033780,VACCINEX INC,VCNX,2024-12-31,2024,35,3520,352010,35201010,325414,2836,32,325,28,2836
033809,CUSHMAN & WAKEFIELD,CWK,2025-12-31,2025,60,6020,602010,60201040,531312,6531,53,531,65,6531
033816,UROVANT SCIENCES LTD,UROV,2020-03-31,2019,35,3520,352020,35202010,325414,2836,32,325,28,2836
033850,OPERA LIMITED,OPRA,2025-12-31,2025,45,4510,451030,45103010,519290,7370,51,519,73,7370
033913,ENDAVA PLC,DAVA,2025-06-30,2025,45,4510,451020,45102010,541512,7373,54,541,73,7373
033955,ELANCO ANIMAL HLTH INC,ELAN,2025-12-31,2025,35,3520,352020,35202010,325412,2834,32,325,28,2834
033962,REPUBLIC AIRWAYS HLDINGS INC,RJET,2025-12-31,2025,20,2030,203020,20302010,481111,4512,48,481,45,4512
033997,ETON PHARMACEUTICALS,ETON,2025-12-31,2025,35,3520,352020,35202010,325412,2834,32,325,28,2834
034010,COMSTOCK RESOURCES INC,CRK,2025-12-31,2025,10,1010,101020,10102020,002111,1311,00,002,13,1311
034015,PRINCIPIA BIOPHARMA,PRNB,2019-12-31,2019,35,3520,352010,35201010,325414,2836,32,325,28,2836
034016,ENTASIS THRPTCS HLDNG,ETTX,2021-12-31,2021,35,3520,352010,35201010,325414,2836,32,325,28,2836
034034,SITIO ROYALTIES CORP,STR,2024-12-31,2024,10,1010,101020,10102020,211120,1311,21,211,13,1311
034051,GARRETT MOTION INC,GTX,2025-12-31,2025,25,2510,251010,25101010,336310,3714,33,336,37,3714
034053,RESIDEO TECHNOLOGIES,REZI,2025-12-31,2025,20,2010,201020,20102010,423690,5065,42,423,50,5065
034065,SUTRO BIOPHARMA INC,STRO,2025-12-31,2025,35,3520,352010,35201010,325414,2836,32,325,28,2836
034067,NIO INC,NIO,2024-12-31,2024,25,2510,251020,25102010,336110,3711,33,336,37,3711
034074,QUTOUTIAO INC -ADR,QTTOY,2021-12-31,2021,50,5020,502030,50203010,519130,7370,51,519,73,7370
034077,ARVINAS INC,ARVN,2025-12-31,2025,35,3520,352020,35202010,325414,2836,32,325,28,2836
034082,GRITSTONE BIO INC,GRTSQ,2023-12-31,2023,35,3520,352010,35201010,325414,2836,32,325,28,2836
034102,GUARDANT HEALTH INC,GH,2025-12-31,2025,35,3510,351020,35102015,621511,8071,62,621,80,8071
034135,Y MABS THERAPEUTICS INC,YMAB,2024-12-31,2024,35,3520,352010,35201010,325414,2836,32,325,28,2836
034160,RVL PHARMACEUTICALS PLC,RVLPQ,2022-12-31,2022,35,3520,352020,35202010,325412,2834,32,325,28,2834
034266,LOGICBIO THERAPEUTICS INC,LOGC.2,2021-12-31,2021,35,3520,352010,35201010,325412,2834,32,325,28,2834
034296,ROAN RESOURCES INC,ROAN,2018-12-31,2018,10,1010,101020,10102020,211120,1311,21,211,13,1311
034300,VERRA MOBILITY CORP,VRRM,2025-12-31,2025,20,2020,202020,20202030,518210,7374,51,518,73,7374
034361,ORCHARD THERAPEUTICS PLC,ORTX,2022-12-31,2022,35,3520,352010,35201010,325414,2836,32,325,28,2836
034410,MODERNA INC,MRNA,2025-12-31,2025,35,3520,352010,35201010,325414,2836,32,325,28,2836
034412,US WELL SERVICES INC,USWS,2021-12-31,2021,10,1010,101010,10101010,213112,1389,21,213,13,1389
034414,KINETIK HOLDINGS INC,KNTK,2025-12-31,2025,10,1010,101020,10102040,486210,4922,48,486,49,4922
034420,MEDALIST DIVERSIFIED INC,MDRR,2025-12-31,2025,60,6020,602010,60201020,531120,6798,53,531,67,6798
034443,DOW INC,DOW,2025-12-31,2025,15,1510,151010,15101010,325211,2821,32,325,28,2821
034447,BEYOND MEAT INC,BYND,2025-12-31,2025,30,3020,302020,30202030,003114,2030,00,003,20,2030
034459,LIGHTNING EMOTORS INC,ZEVY,2022-12-31,2022,20,2010,201060,20106010,336120,3711,33,336,37,3711
034467,REVOLVE GROUP INC,RVLV,2025-12-31,2025,25,2550,255040,25504010,458110,5961,45,458,59,5961
034562,ORGANOGENESIS HOLDINGS INC,ORGO,2025-12-31,2025,35,3520,352010,35201010,325414,2836,32,325,28,2836
034584,PHUNWARE INC,PHUN,2025-12-31,2025,45,4510,451030,45103010,518210,7370,51,518,73,7370
034587,HARPOON THERAPEUTICS,HARP,2022-12-31,2022,35,3520,352010,35201010,325414,2836,32,325,28,2836
034593,STEALTH BIOTHERA -ADR,MITO,2021-12-31,2021,35,3520,352010,35201010,325414,2836,32,325,28,2836
034601,RMG ACQUISITION CORP,RMG,2019-12-31,2019,,,,,999990,9995,99,999,99,9995
034616,ALECTOR INC,ALEC,2025-12-31,2025,35,3520,352010,35201010,325414,2836,32,325,28,2836
034746,CYCLERION THERAPEUTICS,CYCN,2025-12-31,2025,35,3520,352010,35201010,325414,2836,32,325,28,2836
034753,GENERATION INCOME PROPER INC,GIPR,2025-12-31,2025,60,6010,601010,60101010,531120,6798,53,531,67,6798
034765,COVETRUS INC,CVET,2021-12-31,2021,35,3510,351020,35102010,446110,5912,44,446,59,5912
034883,PRECISION BIOSCIENCES,DTIL,2025-12-31,2025,35,3520,352010,35201010,325414,2836,32,325,28,2836
034916,RUHNN HOLDING LTD -ADR,RUHN,2020-03-31,2019,25,2550,255020,25502020,454110,5961,45,454,59,5961
034919,TRADEWEB MARKETS INC,TW,2025-12-31,2025,40,4020,402030,40203040,519290,7370,51,519,73,7370
034941,TARGET HOSPITALITY CORP,TH,2025-12-31,2025,25,2530,253010,25301020,531110,6510,53,531,65,6510
034970,AMERICAN HEALTHCARE REIT INC,AHR,2025-12-31,2025,60,6010,601050,60105010,531120,6798,53,531,67,6798
035004,BRIGHAM MINERALS INC,MNRL,2021-12-31,2021,10,1010,101020,10102020,211120,1311,21,211,13,1311
035014,HOOKIPA PHARMA INC,HOOK,2024-12-31,2024,35,3520,352010,35201010,325414,2836,32,325,28,2836
035030,POSTAL REALTY TRUST INC,PSTL,2025-12-31,2025,60,6010,601040,60104010,531120,6798,53,531,67,6798
035035,KONTOOR BRANDS INC,KTB,2025-12-31,2025,25,2520,252030,25203010,000315,2300,00,000,23,2300
035053,WHOLE EARTH BRANDS INC,FREE,2023-12-31,2023,30,3020,302020,30202030,311999,2090,31,311,20,2090
035055,SCIPLAY CORP,SCPL,2022-12-31,2022,50,5020,502020,50202020,513210,7372,51,513,73,7372
035056,ALCON INC,ALC,2025-12-31,2025,35,3510,351010,35101020,339115,3851,33,339,38,3851
035077,UBER TECHNOLOGIES INC,UBER,2025-12-31,2025,20,2030,203040,20304040,485310,4100,48,485,41,4100
035090,NEXTCURE INC,NXTC,2025-12-31,2025,35,3520,352010,35201010,325414,2836,32,325,28,2836
035099,MAYVILLE ENGNERING CMPNY INC,MEC,2025-12-31,2025,20,2010,201060,20106020,033211,3460,03,033,34,3460
035137,BICYCLE THERAPEUTICS PLC,BCYC,2025-12-31,2025,35,3520,352010,35201010,325414,2836,32,325,28,2836
035154,CODIAK BIOSCIENCES IN,CDAKQ,2021-12-31,2021,35,3520,352010,35201010,325414,2836,32,325,28,2836
035160,SOLARMAX TECHNOLOGY INC,SMXT,2025-12-31,2025,20,2010,201040,20104010,541330,8711,54,541,87,8711
035168,CORTEVA INC,CTVA,2025-12-31,2025,15,1510,151010,15101030,000111,0100,00,000,01,0100
035182,CROWDSTRIKE HOLDINGS INC,CRWD,2025-01-31,2024,45,4510,451030,45103020,518210,7370,51,518,73,7370
035245,ENDEAVOR GROUP HOLDINGS,EDR,2024-12-31,2024,50,5020,502020,50202010,000711,7900,00,000,79,7900
035254,PERSONALIS INC,PSNL,2025-12-31,2025,35,3520,352030,35203010,325413,2835,32,325,28,2835
035255,STOKE THERAPEUTICS INC,STOK,2025-12-31,2025,35,3520,352010,35201010,325414,2836,32,325,28,2836
035264,BRIDGEBIO PHARMA INC,BBIO,2025-12-31,2025,35,3520,352010,35201010,325414,2836,32,325,28,2836
035270,ATRECA INC,BCEL,2022-12-31,2022,35,3520,352010,35201010,325414,2836,32,325,28,2836
035280,MORPHIC HOLDING INC,MORF,2023-12-31,2023,35,3520,352010,35201010,325414,2836,32,325,28,2836
035287,CHEWY INC,CHWY,2025-01-31,2024,25,2550,255040,25504040,459910,5961,45,459,59,5961
035290,KARUNA THERPEUTICS INC,KRTX,2023-12-31,2023,35,3520,352010,35201010,325414,2836,32,325,28,2836
035306,INHIBRX INC,INBX.1,2023-12-31,2023,35,3520,352010,35201010,325414,2836,32,325,28,2836
035345,NIXXY INC,NIXX,2025-12-31,2025,20,2020,202020,20202010,519290,7370,51,519,73,7370
035376,FULCRUM THERAPEUTICS INC,FULC,2025-12-31,2025,35,3520,352020,35202010,325414,2836,32,325,28,2836
035441,NETFIN ACQUSITION CORP,NFIN,2019-12-31,2019,,,,,999990,9995,99,999,99,9995
035451,ONEWATER MARINE INC,ONEW,2025-09-30,2025,25,2550,255040,25504050,441222,5500,44,441,55,5500
035497,ENVISTA HOLDINGS CORP,NVST,2025-12-31,2025,35,3510,351010,35101010,339114,3843,33,339,38,3843
035530,STABILIS SOLUTIONS INC,SLNG,2025-12-31,2025,10,1010,101020,10102040,211130,1311,21,211,13,1311
035600,SPRINGWORKS THERAPEUTICS INC,SWTX,2024-12-31,2024,35,3520,352010,35201010,325414,2836,32,325,28,2836
035614,CERENCE INC,CRNC,2025-09-30,2025,45,4510,451030,45103010,513210,7372,51,513,73,7372
035627,PELOTON INTERACTIVE INC,PTON,2025-06-30,2025,25,2520,252020,25202010,518210,7370,51,518,73,7370
035638,VIR BIOTECHNOLOGY INC,VIR,2025-12-31,2025,35,3520,352010,35201010,325414,2836,32,325,28,2836
035639,IGM BIOSCIENCES INC,IGMS,2024-12-31,2024,35,3520,352010,35201010,325414,2836,32,325,28,2836
035647,KORRO BIO INC,KRRO,2025-12-31,2025,35,3520,352010,35201010,325414,2836,32,325,28,2836
035649,ADC THERAPEUTICS SA,ADCT,2025-12-31,2025,35,3520,352010,35201010,325414,2836,32,325,28,2836
035653,BIONTECH SE,BNTX,2025-12-31,2025,35,3520,352010,35201010,325414,2836,32,325,28,2836
035684,BELLRING BRANDS INC,BRBR,2025-09-30,2025,30,3030,303020,30302010,312111,2000,31,312,20,2000
035708,PROGYNY INC,PGNY,2025-12-31,2025,35,3510,351020,35102030,621999,8090,62,621,80,8090
035714,BEAM THERAPEUTICS INC,BEAM,2025-12-31,2025,35,3520,352010,35201010,325414,2836,32,325,28,2836
035727,CABALETTA BIO INC,CABA,2025-12-31,2025,35,3520,352010,35201010,325414,2836,32,325,28,2836
035729,4D MOLECULAR THER INC,FDMT,2025-12-31,2025,35,3520,352010,35201010,325414,2836,32,325,28,2836
035747,OYSTER POINT PHARM INC,OYST,2021-12-31,2021,35,3520,352010,35201010,325414,2836,32,325,28,2836
035780,CENTOGENE NV,CNTGF,2023-12-31,2023,35,3510,351020,35102015,621511,8071,62,621,80,8071
035793,ALPINE INCOME PROPERTY TRUST,PINE,2025-12-31,2025,60,6010,601010,60101010,531120,6798,53,531,67,6798
035794,SITIME CORP,SITM,2025-12-31,2025,45,4530,453010,45301020,334413,3674,33,334,36,3674
035836,NOVABRIDGE BIOSCIENCES,NBP,2024-12-31,2024,35,3520,352010,35201010,325414,2836,32,325,28,2836
035852,ADAPTHEALTH CORP,AHCO,2025-12-31,2025,35,3510,351020,35102010,423450,5047,42,423,50,5047
035858,ONECONNECT FINANCIAL,OCFT,2024-12-31,2024,45,4510,451030,45103010,519290,7370,51,519,73,7370
035874,REYNOLDS CONSUMER PRODUCTS,REYN,2025-12-31,2025,30,3030,303010,30301010,003222,2673,00,003,26,2673
035909,KALEYRA INC,KLR,2022-12-31,2022,45,4510,451030,45103010,518210,7370,51,518,73,7370
035959,UCOMMUNE INTERNATIONAL LTD,UK,2025-12-31,2025,60,6020,602010,60201020,531120,6512,53,531,65,6512
035978,ARCONIC CORP,ARNC,2022-12-31,2022,15,1510,151040,15104010,003313,3350,00,003,33,3350
036025,1LIFE HEALTHCARE INC,ONEM,2022-12-31,2022,35,3510,351020,35102015,621112,8011,62,621,80,8011
036028,ARCUTIS BIOTHERAPEUTICS INC,ARQT,2025-12-31,2025,35,3520,352010,35201010,325412,2834,32,325,28,2834
036037,AMERICAN STRATEGIC INVEST CO,NYC,2025-12-31,2025,60,6020,602010,60201020,531120,6512,53,531,65,6512
036083,REVOLUTION MEDICINES INC,RVMD,2025-12-31,2025,35,3520,352010,35201010,325414,2836,32,325,28,2836
036234,SELECTQUOTE INC,SLQT,2025-06-30,2025,40,4030,403010,40301010,524210,6411,52,524,64,6411
036263,ACCOLADE INC,ACCD,2024-02-29,2023,35,3510,351020,35102015,621999,8090,62,621,80,8090
036264,ORIC PHARMACEUTICALS,ORIC,2025-12-31,2025,35,3520,352010,35201010,325414,2836,32,325,28,2836
036301,ZENTALIS PHARMACEUTICALS INC,ZNTL,2025-12-31,2025,35,3520,352010,35201010,325414,2836,32,325,28,2836
036328,KEROS THERAPEUTICS INC,KROS,2025-12-31,2025,35,3520,352010,35201010,325412,2834,32,325,28,2834
036333,LUMOS PHARMA INC,LUMO,2023-12-31,2023,35,3520,352010,35201010,325414,2836,32,325,28,2836
036404,DRAFTKINGS INC,DKNG,2025-12-31,2025,25,2530,253010,25301010,713290,7990,71,713,79,7990
036444,UCLOUDLINK GROUP INC -ADR,UCL,2025-12-31,2025,50,5010,501020,50102010,517112,4899,51,517,48,4899
036462,SCIENJOY HOLDING CORP,SJ,2025-12-31,2025,50,5020,502020,50202010,518210,7370,51,518,73,7370
036464,PLIANT THERAPEUTICS INC,PLRX,2025-12-31,2025,35,3520,352020,35202010,325412,2834,32,325,28,2834
036473,AVIDITY BIOSCIENCE INC,RNAM,2025-12-31,2025,35,3520,352010,35201010,325414,2836,32,325,28,2836
036475,AIXCRYPTO HOLDINGS INC,AIXC,2025-12-31,2025,35,3520,352010,35201010,325414,2836,32,325,28,2836
036477,DADA NEXUS LIMITED,DADA,2024-12-31,2024,30,3010,301010,30101040,000455,5960,00,000,59,5960
036500,PRESIDIO PROPERTY TRUST INC,SQFT,2025-12-31,2025,60,6010,601010,60101010,531120,6798,53,531,67,6798
036525,HISTOGEN INC,HSTOQ,2022-12-31,2022,35,3520,352010,35201010,325414,2836,32,325,28,2836
036556,REPARE THERAPEUTIC INC,RPTX,2024-12-31,2024,35,3520,352010,35201010,325414,2836,32,325,28,2836
036557,SYSTEM1 INC,SST,2025-12-31,2025,50,5020,502030,50203010,519290,7370,51,519,73,7370
036565,NIKOLA CORP,NKLAQ,2024-12-31,2024,20,2010,201060,20106010,336120,3711,33,336,37,3711
036570,AGORA INC,API,2025-12-31,2025,45,4510,451030,45103010,518210,7370,51,518,73,7370
036599,GENERATION BIO CO,GBIO,2024-12-31,2024,35,3520,352010,35201010,325414,2836,32,325,28,2836
036600,VAXCYTE INC,PCVX,2025-12-31,2025,35,3520,352010,35201010,325414,2836,32,325,28,2836
036619,BIORA THERAPEUTICS INC,BIORQ,2023-12-31,2023,35,3520,352010,35201010,325414,2836,32,325,28,2836
036635,GOHEALTH INC,GOCO,2025-12-31,2025,40,4030,403010,40301010,524210,6411,52,524,64,6411
036677,RELAY THERAPEUTICS INC,RLAY,2025-12-31,2025,35,3520,352010,35201010,325414,2836,32,325,28,2836
036691,IAC INC,IAC,2025-12-31,2025,50,5020,502030,50203010,513110,2711,51,513,27,2711
036700,IMMATICS NV,IMTX,2025-12-31,2025,35,3520,352010,35201010,325414,2836,32,325,28,2836
036717,JAMF HOLDING CORP,JAMF,2024-12-31,2024,45,4510,451030,45103010,518210,7370,51,518,73,7370
036726,VITAL FARMS INC,VITL,2025-12-31,2025,30,3020,302020,30202030,311999,2015,31,311,20,2015
036728,OAK STREET HEALTH INC,OSH,2022-12-31,2022,35,3510,351020,35102015,000621,8000,00,000,80,8000
036767,NURIX THERAPEUTICS INC,NRIX,2025-11-30,2025,35,3520,352010,35201010,325414,2836,32,325,28,2836
036777,NETSTREIT CORP,NTST,2025-12-31,2025,60,6010,601070,60107010,531120,6798,53,531,67,6798
036788,DUCK CREEK TECHNOL INC,DCT,2022-08-31,2022,45,4510,451030,45103010,518210,7370,51,518,73,7370
036819,KYMERA THERAPEUTIC INC,KYMR,2025-12-31,2025,35,3520,352010,35201010,325414,2836,32,325,28,2836
036828,CUREVAC N.V.,CVAC,2024-12-31,2024,35,3520,352010,35201010,325414,2836,32,325,28,2836
036853,MAXEON SOLAR TECHNOLOGIES,MAXNQ,2024-12-31,2024,45,4530,453010,45301020,334413,3674,33,334,36,3674
036898,UNITY SOFTWARE INC,U,2025-12-31,2025,45,4510,451030,45103010,513210,7372,51,513,73,7372
036950,AMERICAN WELL CORP,AMWL,2025-12-31,2025,35,3510,351030,35103010,518210,7370,51,518,73,7370
036967,BROADSTONE NET LEASE INC,BNL,2025-12-31,2025,60,6010,601010,60101010,531120,6798,53,531,67,6798
036985,ELUTIA INC,ELUT,2025-12-31,2025,35,3520,352010,35201010,325414,2836,32,325,28,2836
036987,ADICET BIO INC,ACET,2025-12-31,2025,35,3520,352010,35201010,325414,2836,32,325,28,2836
036989,LAIRD SUPERFOOD INC,LSF,2025-12-31,2025,30,3020,302020,30202030,000311,2000,00,000,20,2000
037013,TAYSHA GENE THERPS INC,TSHA,2025-12-31,2025,35,3520,352010,35201010,325414,2836,32,325,28,2836
037032,VIA OPTRONICS HOLDING AG,VIAOY,2022-12-31,2022,45,4520,452030,45203015,334419,3679,33,334,36,3679
037035,IMMUNOME INC,IMNM,2025-12-31,2025,35,3520,352010,35201010,325414,2836,32,325,28,2836
037081,C4 THERAPEUTICS INC,CCCC,2025-12-31,2025,35,3520,352010,35201010,325414,2836,32,325,28,2836
037090,CORSAIR GAMING INC,CRSR,2025-12-31,2025,45,4520,452020,45202030,033411,3570,03,033,35,3570
037110,SHATTUCK LABS INC,STTK,2025-12-31,2025,35,3520,352010,35201010,325414,2836,32,325,28,2836
037134,BIODESIX INC,BDSX,2025-12-31,2025,35,3510,351020,35102015,621511,8071,62,621,80,8071
037135,FOGHORN THERAPEUTICS INC,FHTX,2025-12-31,2025,35,3520,352010,35201010,325414,2836,32,325,28,2836
037153,GPGI INC,GPGI,2025-12-31,2025,45,4520,452020,45202030,334118,3577,33,334,35,3577
037168,CHINOOK THERAPEUTICS INC,KDNY,2022-12-31,2022,35,3520,352010,35201010,325414,2836,32,325,28,2836
037180,MCAFEE CORP,MCFE,2021-12-31,2021,45,4510,451030,45103020,511210,7372,51,511,73,7372
037233,LUFAX HOLDING LTD,LU,2023-12-31,2023,40,4020,402020,40202010,522291,6141,52,522,61,6141
037282,SQZ BIOTECHNOLOGIES CO,SQZB,2022-12-31,2022,35,3520,352010,35201010,325414,2836,32,325,28,2836
037292,ATEA PHARMACEUTICALS INC,AVIR,2025-12-31,2025,35,3520,352020,35202010,325412,2834,32,325,28,2834
037325,OPUS GENETICS INC,IRD,2025-12-31,2025,35,3520,352010,35201010,325412,2834,32,325,28,2834
037354,MARAVAI LIFESCIENS HLDGS INC,MRVI,2025-12-31,2025,35,3520,352030,35203010,541713,8731,54,541,87,8731
037413,AFFIRM HOLDINGS INC,AFRM,2025-06-30,2025,40,4020,402010,40201060,522291,6141,52,522,61,6141
037420,DOORDASH INC,DASH,2025-12-31,2025,25,2530,253010,25301040,519290,7370,51,519,73,7370
037460,AIRBNB INC,ABNB,2025-12-31,2025,25,2530,253010,25301020,000721,7000,00,000,70,7000
037473,PETROS PHARMACEUTICALS INC,PTPI,2025-12-31,2025,35,3520,352020,35202010,325412,2834,32,325,28,2834
037480,908 DEVICES INC,MASS,2025-12-31,2025,45,4520,452030,45203010,334516,3826,33,334,38,3826
037488,SIGILON THERAPTICS INC,SGTX,2022-12-31,2022,35,3520,352010,35201010,325414,2836,32,325,28,2836
037490,LUMINAR TECHNOLOGIES INC,LAZRQ,2025-12-31,2025,25,2510,251010,25101010,336320,3714,33,336,37,3714
037495,ARS PHARMACEUTICALS INC,SPRY,2025-12-31,2025,35,3520,352010,35201010,325414,2836,32,325,28,2836
037502,PETCO HEALTH AND WELLNESS CO,WOOF,2025-01-31,2024,25,2550,255040,25504040,459910,5990,45,459,59,5990
037510,PUBMATIC INC,PUBM,2025-12-31,2025,50,5020,502010,50201010,518210,7370,51,518,73,7370
037527,ABCELLERA BIOLOGICS INC,ABCL,2025-12-31,2025,35,3520,352030,35203010,325414,2836,32,325,28,2836
037541,BIOATLA INC,BCAB,2025-12-31,2025,35,3520,352010,35201010,325414,2836,32,325,28,2836
037559,CLEVER LEAVES HOLDINGS INC,CLVR,2023-12-31,2023,35,3520,352020,35202010,325411,2833,32,325,28,2833
037588,KINETA INC,KANT,2024-12-31,2024,35,3520,352010,35201010,325414,2836,32,325,28,2836
037593,PORCH GROUP INC,PRCH,2025-12-31,2025,45,4510,451030,45103010,524126,6331,52,524,63,6331
037610,BUZZFEED INC,BZFD,2025-12-31,2025,50,5020,502030,50203010,519290,7370,51,519,73,7370
037617,ROMEO POWER INC,RMO,2021-12-31,2021,20,2010,201040,20104010,335911,3690,33,335,36,3690
037672,MONTAUK RENEWABLES INC,MNTK,2025-12-31,2025,55,5510,551050,55105020,211120,1311,21,211,13,1311
037673,BM TECHNOLOGIES INC,BMTX,2023-12-31,2023,40,4020,402010,40201060,518210,7370,51,518,73,7370
037694,ADS TEC ENERGY PLC,ADSE,2025-12-31,2025,20,2010,201040,20104010,335910,3690,33,335,36,3690
037752,PLAYTIKA HOLDING CORP,PLTK,2025-12-31,2025,50,5020,502020,50202020,513210,7372,51,513,73,7372
037773,EVAXION A/S  -ADR,EVAX,2025-12-31,2025,35,3520,352010,35201010,325414,2836,32,325,28,2836
037775,TELUS INTERNATIONAL IN,TIXT,2024-12-31,2024,20,2020,202020,20202030,518210,7374,51,518,73,7374
037786,BOLT BIOTHRPTCS INC,BOLT,2025-12-31,2025,35,3520,352010,35201010,325414,2836,32,325,28,2836
037793,DREAM FINDERS HOMES INC,DFH,2025-12-31,2025,25,2520,252010,25201030,236117,1531,23,236,15,1531
037810,SONDER HOLDINGS INC,SONDQ,2024-12-31,2024,25,2530,253010,25301020,721310,7000,72,721,70,7000
037811,SIGNIFY HEALTH INC,SGFY,2022-12-31,2022,35,3510,351020,35102015,621610,8082,62,621,80,8082
037812,IMMUNOCORE HOLDINGS PLC,IMCR,2025-12-31,2025,35,3520,352010,35201010,325414,2836,32,325,28,2836
037839,SUNCAR TECHNOLOGY GROUP INC,SDA,2024-12-31,2024,25,2530,253020,25302020,008111,7500,00,008,75,7500
037856,LOCAL BOUNTI CORP,LOCL,2025-12-31,2025,30,3020,302020,30202010,000111,0100,00,000,01,0100
037862,ADAGENE INC,ADAG,2025-12-31,2025,35,3520,352010,35201010,325414,2836,32,325,28,2836
037871,CORE SCIENTIFIC INC,CORZ,2025-12-31,2025,45,4510,451030,45103010,518210,7370,51,518,73,7370
037925,SANA BIOTCHNOLOGY INC,SANA,2025-12-31,2025,35,3520,352010,35201010,325414,2836,32,325,28,2836
038022,SYMBOTIC INC,SYM,2025-09-30,2025,20,2010,201060,20106020,333998,3569,33,333,35,3569
038038,SUN CONTY AIR HLD INC,SNCY,2025-12-31,2025,20,2030,203020,20302010,481111,4512,48,481,45,4512
038073,QUALTEK SERVICES INC,QTEKQ,2022-12-31,2022,20,2010,201030,20103010,237130,1623,23,237,16,1623
038081,JOANN INC,JOANQ,2023-01-31,2022,25,2550,255040,25504040,459130,5940,45,459,59,5940
038107,AURORA INNOVATION INC,AUR,2025-12-31,2025,45,4510,451030,45103010,513210,7372,51,513,73,7372
038125,HAYWARD HOLDINGS INC,HAYW,2025-12-31,2025,20,2010,201020,20102010,333996,3590,33,333,35,3590
038132,TERRAN ORBITAL CORP,LLAP,2023-12-31,2023,20,2010,201010,20101010,334220,3663,33,334,36,3663
038222,LOGISTIC PRP OF THE AMERICAS,LPA,2025-12-31,2025,60,6020,602010,60201020,531120,6512,53,531,65,6512
038237,HAGERTY INC,HGTY,2025-12-31,2025,40,4030,403010,40301010,524210,6411,52,524,64,6411
038333,GAIN THERAPEUTICS INC,GANX,2025-12-31,2025,35,3520,352010,35201010,325414,2836,32,325,28,2836
038342,PROMETHEUS BIOSCNC INC,RXDX,2022-12-31,2022,35,3520,352010,35201010,325414,2836,32,325,28,2836
038389,FINCH THERA GRP INC,FNCHQ,2023-12-31,2023,35,3520,352010,35201010,325414,2836,32,325,28,2836
038465,SKYWATER TECH INC,SKYT,2025-12-31,2025,45,4530,453010,45301020,334413,3674,33,334,36,3674
038469,IMAGENEBIO INC,IMA,2025-12-31,2025,35,3520,352020,35202010,325414,2836,32,325,28,2836
038474,RECURSION PHARMA INC,RXRX,2025-12-31,2025,35,3520,352010,35201010,325414,2836,32,325,28,2836
038491,KALTURA INC,KLTR,2025-12-31,2025,45,4510,451030,45103010,518210,7370,51,518,73,7370
038513,LAVA THERAPEUTICS N V,LVTX,2024-12-31,2024,35,3520,352010,35201010,325414,2836,32,325,28,2836
038616,QDM INTERNATIONAL INC,QDMI,2025-03-31,2024,40,4030,403010,40301010,524210,6411,52,524,64,6411
038617,ARTIVA BIOTHERAPEUTICS INC,ARTV,2025-12-31,2025,35,3520,352010,35201010,325414,2836,32,325,28,2836
038621,WESTROCK COFFEE CO,WEST,2025-12-31,2025,30,3020,302020,30202030,311920,2090,31,311,20,2090
038635,HONEST CO INC (THE),HNST,2025-12-31,2025,30,3030,303020,30302010,325620,2844,32,325,28,2844
038647,TASKUS INC,TASK,2025-12-31,2025,20,2020,202020,20202030,518210,7374,51,518,73,7374
038676,OATLY GROUP AB,OTLY,2025-12-31,2025,30,3020,302020,30202030,003115,2020,00,003,20,2020
038745,TSCAN THERAPEUTICS INC,TCRX,2025-12-31,2025,35,3520,352010,35201010,325414,2836,32,325,28,2836
038762,MOBILE INFRASTRUCTURE CORP,BEEP,2025-12-31,2025,20,2020,202010,20201050,531190,6519,53,531,65,6519
038770,FIGS INC,FIGS,2025-12-31,2025,25,2520,252030,25203010,000315,2300,00,000,23,2300
038782,VERA THERAPEUTICS INC,VERA,2025-12-31,2025,35,3520,352010,35201010,325414,2836,32,325,28,2836
038805,CENTESSA PHARMACEUTICALS PLC,CNTA,2025-12-31,2025,35,3520,352010,35201010,325414,2836,32,325,28,2836
038821,ORGANON & CO,OGN,2025-12-31,2025,35,3520,352020,35202010,325412,2834,32,325,28,2834
038832,MARQETA INC,MQ,2025-12-31,2025,40,4020,402010,40201060,522320,7389,52,522,73,7389
038835,WALKME LTD,WKME,2023-12-31,2023,45,4510,451030,45103010,518210,7370,51,518,73,7370
038870,CORE & MAIN INC,CNM,2025-01-31,2024,20,2010,201070,20107010,004237,5070,00,004,50,5070
038883,LYELL IMMUNOPHARMA INC,LYEL,2025-12-31,2025,35,3520,352010,35201010,325414,2836,32,325,28,2836
038908,VERVE THERAPEUTICS INC,VERV,2024-12-31,2024,35,3520,352010,35201010,325414,2836,32,325,28,2836
038915,SPRINKLR INC,CXM,2025-01-31,2024,45,4510,451030,45103010,518210,7370,51,518,73,7370
038920,CENTURY THERAPEUTI INC,IPSC,2025-12-31,2025,35,3520,352010,35201010,325414,2836,32,325,28,2836
038923,TELESIS BIO INC,TBIO,2023-12-31,2023,35,3520,352030,35203010,334516,3826,33,334,38,3826
038936,MISTER CAR WASH INC,MCW,2025-12-31,2025,25,2530,253020,25302020,811192,7500,81,811,75,7500
038978,KATAPULT HOLDINGS INC,KPLT,2025-12-31,2025,40,4020,402020,40202010,522220,6141,52,522,61,6141
038986,ACUMEN PHARMACEUTICALS INC,ABOS,2025-12-31,2025,35,3520,352010,35201010,325414,2836,32,325,28,2836
038995,INDIE SEMICONDUCTOR INC,INDI,2025-12-31,2025,45,4530,453010,45301020,334413,3674,33,334,36,3674
039041,DT MIDSTREAM INC,DTM,2025-12-31,2025,10,1010,101020,10102040,486210,4922,48,486,49,4922
039054,PLAYSTUDIOS INC,MYPS,2025-12-31,2025,50,5020,502020,50202020,513210,7372,51,513,73,7372
039056,BLEND LABS INC,BLND,2025-12-31,2025,45,4510,451030,45103010,518210,7370,51,518,73,7370
039057,MONTE ROSA THERAPEUTICS INC,GLUE,2025-12-31,2025,35,3520,352010,35201010,325414,2836,32,325,28,2836
039061,F45 TRAINING HLDNGS INC,FXLV,2022-12-31,2022,25,2530,253010,25301030,713940,7990,71,713,79,7990
039103,PAYONEER GLBL INC,PAYO,2025-12-31,2025,40,4020,402010,40201060,522320,7389,52,522,73,7389
039121,MOBIX LABS INC,MOBX,2025-09-30,2025,45,4530,453010,45301020,334413,3674,33,334,36,3674
039122,DUOLINGO INC,DUOL,2025-12-31,2025,25,2530,253020,25302010,611630,8200,61,611,82,8200
039124,TABOOLA.COM LTD,TBLA,2025-12-31,2025,50,5020,502030,50203010,519290,7370,51,519,73,7370
039170,SERA PROGNOSTICS INC,SERA,2025-12-31,2025,35,3520,352010,35201010,325413,2835,32,325,28,2835
039190,RANI THERAPET HOLD INC,RANI,2025-12-31,2025,35,3520,352020,35202010,325412,2834,32,325,28,2834
039197,ZEVIA PBC,ZVIA,2025-12-31,2025,30,3020,302010,30201030,312111,2086,31,312,20,2086
039246,CYTEK BIOSCIENCES INC,CTKB,2025-12-31,2025,35,3520,352030,35203010,541714,8731,54,541,87,8731
039259,COLLECTIVE AUDIENCE INC,CAUD,2023-12-31,2023,50,5020,502010,50201010,005418,7310,00,005,73,7310
039276,XPONENTIAL FITNESS INC,XPOF,2025-12-31,2025,25,2530,253010,25301030,713940,7990,71,713,79,7990
039280,EVOLV TECHNOLOGIES HOLDINGS,EVLV,2025-12-31,2025,45,4520,452030,45203010,334511,3812,33,334,38,3812
039291,CARIBOU BIOSCIENCE INC,CRBU,2025-12-31,2025,35,3520,352010,35201010,325414,2836,32,325,28,2836
039301,STRYVE FOODS INC,SNAX,2023-12-31,2023,30,3020,302020,30202030,311612,2013,31,311,20,2013
039309,STAGWELL INC,STGW,2025-12-31,2025,50,5020,502010,50201010,541810,7311,54,541,73,7311
039310,VICTORIAS SECRET AND CO,VSCO,2025-01-31,2024,25,2550,255040,25504010,458110,5621,45,458,56,5621
039316,BERKSHIRE GREY INC,BGRY,2022-12-31,2022,20,2010,201060,20106020,333998,3569,33,333,35,3569
039319,GXO LOGISTIC INC,GXO,2025-12-31,2025,20,2030,203010,20301010,541614,4731,54,541,47,4731
039359,RALLYBIO CORP,RLYB,2025-12-31,2025,35,3520,352010,35201010,325414,2836,32,325,28,2836
039371,CYXTERA TECHNOLOGIES INC,CYXTQ,2022-12-31,2022,45,4510,451020,45102030,518210,7370,51,518,73,7370
039402,TANGO THERAPEUTICS INC,TNGX,2025-12-31,2025,35,3520,352010,35201010,325414,2836,32,325,28,2836
039418,ROCKLEY PHOTONICS HLDING LTD,RKLYQ,2021-12-31,2021,45,4530,453010,45301020,334413,3674,33,334,36,3674
039448,AEYE INC,LIDR,2025-12-31,2025,45,4520,452030,45203010,334519,3829,33,334,38,3829
039464,NEWLAKE CAPITAL PARTNERS INC,NLCP,2025-12-31,2025,60,6010,601025,60102510,531190,6798,53,531,67,6798
039481,ON HOLDING AG,ONON,2025-12-31,2025,25,2520,252030,25203020,316210,3140,31,316,31,3140
039503,ROCKET LAB CORP,RKLB,2025-12-31,2025,20,2010,201010,20101010,336414,3760,33,336,37,3760
039508,DICE THERAPEUTICS INC,DICE,2022-12-31,2022,35,3520,352020,35202010,325412,2834,32,325,28,2834
039528,SATIXFY COMMUNICATIONS LTD,SATX,2024-12-31,2024,45,4520,452010,45201020,334220,3663,33,334,36,3663
039542,SOVOS BRANDS INC,SOVO,2023-12-31,2023,30,3020,302020,30202030,311999,2030,31,311,20,2030
039544,OLAPLEX HOLDINGS INC,OLPX,2025-12-31,2025,30,3030,303020,30302010,325620,2844,32,325,28,2844
039556,BRILLIANT EARTH GP INC,BRLT,2025-12-31,2025,25,2550,255040,25504040,458310,5944,45,458,59,5944
039563,CUE HEALTH INC,HLTHQ,2023-12-31,2023,35,3510,351010,35101010,339112,3841,33,339,38,3841
039596,TDCX INC -ADS,TDCX,2023-12-31,2023,20,2020,202020,20202030,541613,8742,54,541,87,8742
039627,FGI INDUSTRIES LTD,FGI,2025-12-31,2025,20,2010,201070,20107010,423720,5070,42,423,50,5070
039633,CONTEXT THERAPEUTICS INC,CNTX,2025-12-31,2025,35,3520,352020,35202010,325412,2834,32,325,28,2834
039636,EXSCIENTIA PLC,EXAI,2023-12-31,2023,35,3520,352010,35201010,325414,2836,32,325,28,2836
039663,MODIV INDUSTRIAL INC,MDV,2025-12-31,2025,60,6010,601010,60101010,531120,6798,53,531,67,6798
039680,GINKGO BIOWORKS HOLDINGS INC,DNA,2025-12-31,2025,35,3520,352030,35203010,541715,8731,54,541,87,8731
039683,PYXIS ONCOLOGY INC,PYXS,2025-12-31,2025,35,3520,352010,35201010,325414,2836,32,325,28,2836
039726,ARIS WATER SOLUTIN INC,ARIS.3,2024-12-31,2024,10,1010,101010,10101020,213112,1389,21,213,13,1389
039734,PARAGON 28 INC,FNA,2024-12-31,2024,35,3510,351010,35101010,339113,3842,33,339,38,3842
039756,PORTILLO'S INC,PTLO,2025-12-31,2025,25,2530,253010,25301040,722513,5812,72,722,58,5812
039782,SOFGEN PHARMA SA,PROCF,2023-12-31,2023,35,3520,352020,35202010,325412,2834,32,325,28,2834
039805,ARTERIS INC,AIP,2025-12-31,2025,45,4510,451030,45103020,513210,7372,51,513,73,7372
039806,XILIO THERAPEUTICS INC,XLO,2025-12-31,2025,35,3520,352010,35201010,325414,2836,32,325,28,2836
039811,RIVIAN AUTOMOTIVE INC,RIVN,2025-12-31,2025,25,2510,251020,25102010,336110,3711,33,336,37,3711
039815,WALLBOX NV,WBX,2025-12-31,2025,20,2010,201040,20104010,336320,3690,33,336,36,3690
039818,UDEMY INC,UDMY,2025-12-31,2025,25,2530,253020,25302010,519290,7370,51,519,73,7370
039820,ARHAUS INC,ARHS,2025-12-31,2025,25,2550,255040,25504060,449110,5712,44,449,57,5712
039822,GLOBALFOUNDRIES INC,GFS,2025-12-31,2025,45,4530,453010,45301020,334413,3674,33,334,36,3674
039823,SOLO BRANDS INC,SBDS,2025-12-31,2025,25,2520,252020,25202010,339920,3949,33,339,39,3949
039863,ONCONETIX INC,ONCO,2025-12-31,2025,35,3520,352010,35201010,325414,2836,32,325,28,2836
039869,ENTRADA THERAPUTIS INC,TRDA,2025-12-31,2025,35,3520,352010,35201010,325414,2836,32,325,28,2836
039872,AURA BIOSCIENCES INC,AURA,2025-12-31,2025,35,3520,352010,35201010,325414,2836,32,325,28,2836
039877,THE REAL GOOD FOOD CO INC,RGFC,2022-12-31,2022,30,3020,302020,30202030,311412,2030,31,311,20,2030
039907,2SEVENTY BIO INC,TSVT,2024-12-31,2024,35,3520,352010,35201010,325414,2836,32,325,28,2836
039941,JOURNEY MEDICAL CORPO,DERM,2025-12-31,2025,35,3520,352020,35202010,325412,2834,32,325,28,2834
039954,REDBOX ENTERTAINMENT INC,RDBX,2021-12-31,2021,50,5020,502020,50202010,532282,7841,53,532,78,7841
039961,SWEETGREEN INC,SG,2025-12-31,2025,25,2530,253010,25301040,722513,5812,72,722,58,5812
039962,LOYALTY VENTURES INC,LYLTQ,2021-12-31,2021,50,5020,502010,50201010,561499,7389,56,561,73,7389
040224,DRILLING TOOLS INTERNAT CORP,DTI,2025-12-31,2025,10,1010,101010,10101020,532490,7359,53,532,73,7359
040236,TENON MEDICAL INC,TNON,2025-12-31,2025,35,3510,351010,35101010,339113,3842,33,339,38,3842
040248,ORION OFFICE REIT INC,ONL,2025-12-31,2025,60,6010,601040,60104010,531120,6798,53,531,67,6798
040285,OCEANPAL INC,SVRN,2024-12-31,2024,20,2030,203030,20303010,483111,4412,48,483,44,4412
040305,SIDUS SPACE INC,SIDU,2025-12-31,2025,20,2010,201010,20101010,336414,3760,33,336,37,3760
040306,PROFRAC HOLDING CORP,ACDC,2025-12-31,2025,10,1010,101010,10101020,213112,1389,21,213,13,1389
040383,CRESCENT ENERGY CO,CRGY,2025-12-31,2025,10,1010,101020,10102020,002111,1311,00,002,13,1311
040417,DOUGLAS ELLIMAN INC,DOUG,2025-12-31,2025,60,6020,602010,60201040,531210,6531,53,531,65,6531
040460,PERASO INC,PRSO,2025-12-31,2025,45,4530,453010,45301020,334413,3674,33,334,36,3674
040492,SMART FOR LIFE INC,SMFL,2023-12-31,2023,30,3030,303020,30302010,325412,2834,32,325,28,2834
040605,BAUSCH & LOMB CORP,BLCO,2025-12-31,2025,35,3510,351010,35101020,339115,3851,33,339,38,3851
040610,ARCELLX INC,ACLX,2025-12-31,2025,35,3520,352010,35201010,325414,2836,32,325,28,2836
040645,LASER PHOTONICS CORP,LASE,2025-12-31,2025,20,2010,201060,20106020,003335,3540,00,003,35,3540
041050,EMBECTA CORP,EMBC,2025-09-30,2025,35,3510,351010,35101020,339113,3842,33,339,38,3842
041426,TREASURE GLOBAL INC,TGL,2025-06-30,2025,50,5020,502010,50201010,541511,7371,54,541,73,7371
041502,GLOBAL ENGINE GROUP HLDG LTD,GLE,2025-06-30,2025,45,4510,451020,45102010,541512,7370,54,541,73,7370
041507,GIGACLOUD TECHNOLOGY INC,GCT,2025-12-31,2025,25,2550,255010,25501010,449110,5961,44,449,59,5961
041545,STRIVE INC,ASST,2025-12-31,2025,35,3510,351010,35101010,523940,6282,52,523,62,6282
041615,PRIME MEDICINE INC,PRME,2025-12-31,2025,35,3520,352010,35201010,325414,2836,32,325,28,2836
041640,MOBILEYE GLOBAL INC,MBLY,2025-12-31,2025,25,2510,251010,25101010,513210,7372,51,513,73,7372
041687,DEFI DEVELOPMENT CORP,DFDV,2025-12-31,2025,40,4020,402020,40202010,522310,6163,52,522,61,6163
041797,TXO ENERGY PARTNERS LP,TXO,2025-12-31,2025,10,1010,101020,10102020,002111,1311,00,002,13,1311
041818,GE HEALTHCARE TECHNOLOGI INC,GEHC,2025-12-31,2025,35,3510,351010,35101010,334510,3845,33,334,38,3845
041835,MASTERBRAND INC,MBC,2025-12-31,2025,20,2010,201020,20102010,337110,2430,33,337,24,2430
041878,COYA THERAPEUTICS INC,COYA,2025-12-31,2025,35,3520,352010,35201010,325414,2836,32,325,28,2836
041953,NEURAXIS INC,NRXS,2025-12-31,2025,35,3510,351010,35101010,339112,3841,33,339,38,3841
041995,HESAI GROUP,HSAI,2025-12-31,2025,25,2510,251010,25101010,336320,3714,33,336,37,3714
041996,NEXTPOWER INC,NXT,2025-03-31,2024,20,2010,201040,20104010,335999,3690,33,335,36,3690
042033,ATMUS FILTRATION TECHNLS INC,ATMU,2025-12-31,2025,20,2010,201060,20106010,336390,3714,33,336,37,3714
042332,VCI GLOBAL LTD,VCIG,2024-12-31,2024,20,2020,202020,20202020,541611,8742,54,541,87,8742
042895,SOLOWIN HOLDINGS,AXG,2025-03-31,2024,40,4020,402030,40203020,523940,6282,52,523,62,6282
042984,AZITRA INC,AZTR,2025-12-31,2025,35,3520,352010,35201010,325414,2836,32,325,28,2836
042987,BRANCHOUT FOOD INC,BOF,2025-12-31,2025,30,3020,302020,30202030,003119,2090,00,003,20,2090
043057,PHINIA INC,PHIN,2025-12-31,2025,25,2510,251010,25101010,003363,3714,00,003,37,3714
043113,SHARKNINJA INC,SN,2025-12-31,2025,25,2520,252010,25201040,003352,3630,00,003,36,3630
043137,TURNSTONE BIOLOGICS CORP,TSBX,2024-12-31,2024,35,3520,352010,35201010,325414,2836,32,325,28,2836
043236,WK KELLOGG CO,KLG,2024-12-31,2024,30,3020,302020,30202030,311230,2040,31,311,20,2040
043285,ARM HOLDINGS PLC,ARM,2025-03-31,2024,45,4530,453010,45301020,334413,3674,33,334,36,3674
043363,TUNGRAY TECHNOLOGIES INC,TRSG,2024-12-31,2024,45,4520,452030,45203020,333248,3559,33,333,35,3559
043385,LEXEO THERAPEUTICS INC,LXEO,2025-12-31,2025,35,3520,352010,35201010,325414,2836,32,325,28,2836
043439,FENBO HOLDINGS LTD,FEBO,2024-12-31,2024,25,2520,252010,25201040,335210,3634,33,335,36,3634
043507,MACH NATURAL RESOURCES LP,MNR,2025-12-31,2025,10,1010,101020,10102020,002111,1311,00,002,13,1311
043521,NET LEASE OFFICE PROPERTIES,NLOP,2025-12-31,2025,60,6010,601040,60104010,531120,6798,53,531,67,6798
043524,RAYTECH HOLDING LTD,RAY,2025-03-31,2024,25,2550,255010,25501010,423690,5065,42,423,50,5065
043792,METAGENOMI THERAPEUTICS INC,MGX,2025-12-31,2025,35,3520,352010,35201010,325414,2836,32,325,28,2836
043843,KYVERNA THERAPEUTICS INC,KYTX,2025-12-31,2025,35,3520,352010,35201010,325414,2836,32,325,28,2836
045081,SERVE ROBOTICS INC,SERV,2025-12-31,2025,25,2530,253010,25301040,492210,4210,49,492,42,4210
045169,GE VERNOVA INC,GEV,2025-12-31,2025,20,2010,201040,20104020,333611,3510,33,333,35,3510
045232,CENTURI HOLDINGS INC,CTRI,2025-12-31,2025,20,2010,201030,20103010,237120,1623,23,237,16,1623
045265,LOAR HOLDINGS INC,LOAR,2025-12-31,2025,20,2010,201010,20101010,336413,3728,33,336,37,3728
045319,PROFICIENT AUTO LGISTICS INC,PAL,2025-12-31,2025,20,2030,203040,20304030,000484,4210,00,000,42,4210
045351,JINXIN TECHNO HOLDNG CO -ADR,NAMI,2024-12-31,2024,25,2530,253020,25302010,000611,8200,00,000,82,8200
045388,INHIBRX BIOSCIENCES INC,INBX,2025-12-31,2025,35,3520,352010,35201010,325414,2836,32,325,28,2836
045445,LANDBRIDGE CO LLC,LB,2025-12-31,2025,60,6020,602010,60201020,533110,6792,53,533,67,6792
045461,NIP GROUP INC -ADR,NIPG,2024-12-31,2024,50,5020,502020,50202010,711211,7900,71,711,79,7900
045542,OMS ENERGY TECHNOLOGIES INC,OMSE,2025-03-31,2024,10,1010,101010,10101020,333132,3533,33,333,35,3533
045686,CALLAN JMB INC,CJMB,2025-12-31,2025,20,2030,203010,20301010,488991,4700,48,488,47,4700
045711,MAZE THERAPEUTICS INC,MAZE,2025-12-31,2025,35,3520,352020,35202010,325412,2834,32,325,28,2834
045775,SMITHFIELD FOODS INC,SFD,2025-12-31,2025,30,3020,302020,30202030,003116,2000,00,003,20,2000
045785,BETA BIONICS INC,BBNX,2025-12-31,2025,35,3510,351010,35101010,339112,3841,33,339,38,3841
045802,JFB CONSTRUCTION HOLDINGS,JFB,2025-12-31,2025,20,2010,201030,20103010,002362,1540,00,002,15,1540
050297,SAFE PRO GROUP INC,SPAI,2025-12-31,2025,20,2010,201010,20101010,339113,3842,33,339,38,3842
050389,LINEAGE INC,LINE,2025-12-31,2025,60,6010,601025,60102510,531130,6798,53,531,67,6798
050517,ZENAS BIOPHARMA INC,ZBIO,2025-12-31,2025,35,3520,352010,35201010,325414,2836,32,325,28,2836
050619,FRONTVIEW REIT INC,FVR,2025-12-31,2025,60,6010,601070,60107010,531120,6798,53,531,67,6798
050682,CAMP4 THERAPEUTICS CORP,CAMP,2025-12-31,2025,35,3520,352010,35201010,325414,2836,32,325,28,2836
050688,AMENTUM HOLDINGS INC,AMTM,2025-09-30,2025,20,2020,202020,20202020,000541,8700,00,000,87,8700
050721,CURBLINE PROPERTIES CORP,CURB,2025-12-31,2025,60,6010,601070,60107010,531120,6798,53,531,67,6798
050763,SEPTERNA INC,SEPN,2025-12-31,2025,35,3520,352020,35202010,325412,2834,32,325,28,2834
051058,RESOLUTE HOLDINGS MANAGEMENT,RHLD,2025-12-31,2025,20,2020,202020,20202020,334112,3572,33,334,35,3572
051139,COREWEAVE INC,CRWV,2025-12-31,2025,45,4510,451020,45102030,518210,7370,51,518,73,7370
051497,HINGE HEALTH INC,HNGE,2025-12-31,2025,35,3510,351020,35102015,518210,7370,51,518,73,7370
051654,ELITE EXPRESS HOLDING INC,ETS,2025-11-30,2025,20,2030,203040,20304030,004841,4210,00,004,42,4210
051747,VOYAGER TECHNOLOGIES INC,VOYG,2025-12-31,2025,20,2010,201010,20101010,033641,3760,03,033,37,3760
060707,AMBIQ MICRO INC,AMBQ,2025-12-31,2025,45,4530,453010,45301020,334413,3674,33,334,36,3674
060800,SINCLAIR INC,SBGI,2025-12-31,2025,50,5020,502010,50201020,516120,4833,51,516,48,4833
060801,SOCKET MOBILE INC,SCKT,2025-12-31,2025,45,4520,452020,45202030,334220,3663,33,334,36,3663
060839,POINDEXTER (JB) & CO INC,9101B,2011-12-31,2011,25,2510,251010,25101010,336211,3713,33,336,37,3713
060846,TRANSWITCH CORP,TXCCQ,2012-12-31,2012,45,4530,453010,45301020,999990,9995,99,999,99,9995
060900,DISH NETWORK CORP,DISH,2022-12-31,2022,50,5020,502010,50201030,516210,4841,51,516,48,4841
060923,DAVE & BUSTER'S ENTMT INC,PLAY,2025-01-31,2024,25,2530,253010,25301030,713990,7990,71,713,79,7990
060979,WABTEC CORP,WAB,2025-12-31,2025,20,2010,201060,20106010,336510,3743,33,336,37,3743
061028,CLIMB GLOBAL SOLUTIONS INC,CLMB,2025-12-31,2025,45,4520,452030,45203030,423430,5045,42,423,50,5045
061030,DESWELL INDUSTRIES INC,DSWL,2025-03-31,2024,45,4520,452030,45203020,334310,3651,33,334,36,3651
061034,TEEKAY CORPORATION LTD,TK,2025-12-31,2025,10,1010,101020,10102040,483111,4412,48,483,44,4412
061061,CONTINUCARE CORP,CNU,2011-06-30,2011,35,3510,351020,35102015,621498,8093,62,621,80,8093
061077,GSE SYSTEMS INC,GVP,2023-12-31,2023,45,4510,451030,45103010,561312,7361,56,561,73,7361
061163,SUNSTONE HOTEL INVESTORS INC,SHO,2025-12-31,2025,60,6010,601030,60103010,531120,6798,53,531,67,6798
061179,KFORCE INC,KFRC,2025-12-31,2025,20,2020,202020,20202010,561320,7363,56,561,73,7363
061188,SERVICE PROPERTIES TRUST,SVC,2025-12-31,2025,60,6010,601030,60103010,531120,6798,53,531,67,6798
061214,ASML HOLDING NV,ASML,2025-12-31,2025,45,4530,453010,45301010,333242,3559,33,333,35,3559
061236,GATEWAY ENERGY CORP,GNRG,2012-12-31,2012,10,1010,101020,10102040,221210,4923,22,221,49,4923
061285,FG NEXUS INC,FGNX,2025-12-31,2025,40,4030,403010,40301040,333310,3861,33,333,38,3861
061321,SMITH MICRO SOFTWARE INC,SMSI,2025-12-31,2025,45,4510,451030,45103010,513210,7372,51,513,73,7372
061325,PEDIATRIX MEDICAL GROUP INC,MD,2025-12-31,2025,35,3510,351020,35102015,621111,8011,62,621,80,8011
061350,CRAY INC,CRAY,2018-12-31,2018,45,4520,452020,45202030,334111,3571,33,334,35,3571
061399,MYRIAD GENETICS INC,MYGN,2025-12-31,2025,35,3520,352010,35201010,325413,2835,32,325,28,2835
061407,APAC CUSTOMER SERVICES INC,APAC.1,2010-12-31,2010,20,2020,202010,20201060,561422,7389,56,561,73,7389
061408,HANOVER INSURANCE GROUP INC,THG,2025-12-31,2025,40,4030,403010,40301040,524126,6331,52,524,63,6331
061409,DIAMOND OFFSHRE DRILLING INC,DO,2023-12-31,2023,10,1010,101010,10101010,213111,1381,21,213,13,1381
061420,POOL CORP,POOL,2025-12-31,2025,25,2550,255010,25501010,423910,5090,42,423,50,5090
061439,RADISYS CORP,RSYS,2017-12-31,2017,45,4520,452030,45203020,334118,3577,33,334,35,3577
061448,PHARMACYCLICS INC,PCYC,2014-12-31,2014,35,3520,352010,35201010,325412,2835,32,325,28,2835
061483,DAVITA INC,DVA,2025-12-31,2025,35,3510,351020,35102015,621492,8090,62,621,80,8090
061487,BANNER CORP,BANR,2025-12-31,2025,40,4010,401010,40101015,522110,6020,52,522,60,6020
061490,OPKO HEALTH INC,OPK,2025-12-31,2025,35,3510,351020,35102015,621511,8071,62,621,80,8071
061494,HENRY SCHEIN INC,HSIC,2025-12-31,2025,35,3510,351020,35102010,423450,5047,42,423,50,5047
061513,SANDISK CORP -OLD,SNDK.1,2015-12-31,2015,45,4520,452020,45202030,334112,3572,33,334,35,3572
061552,LEXMARK INTL INC  -CL A,LXK,2015-12-31,2015,45,4520,452020,45202030,334118,3577,33,334,35,3577
061562,ADVANCED ENERGY INDS INC,AEIS,2025-12-31,2025,45,4520,452030,45203010,334418,3679,33,334,36,3679
061567,ESTEE LAUDER COMPANIES INC,EL,2025-06-30,2025,30,3030,303020,30302010,325620,2844,32,325,28,2844
061572,SMART MODULAR TECHNOLOGIES,SMOD,2010-08-31,2010,45,4520,452030,45203020,334413,3674,33,334,36,3674
061584,EMERITUS CORP,ESC,2013-12-31,2013,35,3510,351020,35102020,623312,8300,62,623,83,8300
061587,INTEVAC INC,IVAC,2024-12-31,2024,45,4520,452020,45202030,333248,3559,33,333,35,3559
061591,NETAPP INC,NTAP,2025-04-30,2024,45,4520,452020,45202030,334112,3572,33,334,35,3572
061596,BUCKEYE TECHNOLOGIES INC,BKI.1,2013-06-30,2013,15,1510,151050,15105020,322110,2611,32,322,26,2611
061600,PAREXEL INTERNATIONAL CORP,PRXL,2017-06-30,2017,35,3520,352030,35203010,541712,8731,54,541,87,8731
061616,ENI SPA,E,2025-12-31,2025,10,1010,101020,10102010,211120,1311,21,211,13,1311
061646,WESTELL TECH INC  -CL A,WSTL,2025-03-31,2024,45,4520,452010,45201020,334210,3661,33,334,36,3661
061655,NOVAVAX INC,NVAX,2025-12-31,2025,35,3520,352010,35201010,325414,2836,32,325,28,2836
061676,CITRIX SYSTEMS INC,CTXS,2021-12-31,2021,45,4510,451030,45103010,511210,7372,51,511,73,7372
061685,NUANCE COMMUNICATIONS INC,NUAN,2021-09-30,2021,45,4510,451030,45103010,511210,7372,51,511,73,7372
061703,KENSEY NASH CORP,KNSY,2011-06-30,2011,35,3510,351010,35101010,339113,3842,33,339,38,3842
061711,TG THERAPEUTICS INC,TGTX,2025-12-31,2025,35,3520,352010,35201010,325412,2834,32,325,28,2834
061712,BLONDER TONGUE LABS INC,BDRLQ,2022-12-31,2022,45,4520,452010,45201020,334220,3663,33,334,36,3663
061725,TOLLGRADE COMMUNICATIONS INC,TLGD,2010-12-31,2010,45,4520,452010,45201020,334515,3825,33,334,38,3825
061739,HARTFORD INSURANCE GROUP INC,HIG,2025-12-31,2025,40,4030,403010,40301040,524126,6331,52,524,63,6331
061745,IMPAX LABORATORIES INC,IPXL,2017-12-31,2017,35,3520,352020,35202010,325412,2834,32,325,28,2834
061759,CORE LABORATORIES INC,CLB,2025-12-31,2025,10,1010,101010,10101020,213112,1389,21,213,13,1389
061880,INTEGRATED BIOPHARMA INC,INBP,2025-06-30,2025,30,3030,303020,30302010,325412,2834,32,325,28,2834
061903,PERFORMANCE TECHNOLOGIES INC,PTIX.1,2012-12-31,2012,45,4520,452010,45201020,334210,3576,33,334,35,3576
061971,ENGLOBAL CORP,ENGCQ,2023-12-31,2023,10,1010,101010,10101020,002111,1311,00,002,13,1311
062055,PROSPECT MEDICAL HLDGS INC,PZZ,2010-09-30,2010,35,3510,351020,35102020,621493,8011,62,621,80,8011
062088,NEW FRONTIER MEDIA INC,NOOF,2012-03-31,2011,25,2540,254010,25401020,515210,4841,51,515,48,4841
062168,IRIDEX CORP,IRIX,2025-12-31,2025,35,3510,351010,35101010,334510,3845,33,334,38,3845
062169,LIFECORE BIOMEDL INC,LFCR,2025-12-31,2025,35,3520,352030,35203010,325412,2834,32,325,28,2834
062217,LIGHTPATH TECHNOLOGIES INC,LPTH,2025-06-30,2025,45,4520,452030,45203010,333310,3827,33,333,38,3827
062221,COLUMBUS MCKINNON CORP,CMCO,2025-03-31,2024,20,2010,201060,20106020,333923,3530,33,333,35,3530
062263,ALEXION PHARMACEUTICALS INC,ALXN,2020-12-31,2020,35,3520,352010,35201010,325414,2836,32,325,28,2836
062266,CSG SYSTEMS INTL INC,CSGS,2025-12-31,2025,20,2020,202020,20202030,518210,7374,51,518,73,7374
062268,FLANDERS CORP,FLDR.1,2011-12-31,2011,20,2010,201060,20106020,333411,3564,33,333,35,3564
062374,IRON MOUNTAIN INC,IRM,2025-12-31,2025,60,6010,601080,60108010,531120,6798,53,531,67,6798
062382,ASTEX PHARMACEUTICALS INC,ASTX.1,2012-12-31,2012,35,3520,352010,35201010,325414,2836,32,325,28,2836
062388,VERTRO INC,VTRO.1,2010-12-31,2010,45,4510,451010,45101010,541890,7310,54,541,73,7310
062399,JDA SOFTWARE GROUP INC,JDAS,2011-12-31,2011,45,4510,451030,45103010,511210,7372,51,511,73,7372
062475,ARBUTUS BIOPHARMA CORP,ABUS,2025-12-31,2025,35,3520,352010,35201010,325414,2836,32,325,28,2836
062549,KVH INDUSTRIES INC,KVHI,2025-12-31,2025,45,4520,452010,45201020,517410,4899,51,517,48,4899
062592,PROTALIX BIOTHERAPEUTICS INC,PLX,2025-12-31,2025,35,3520,352010,35201010,325414,2836,32,325,28,2836
062597,I/O MAGIC CORP,IOMG,2010-12-31,2010,45,4520,452020,45202030,334118,3577,33,334,35,3577
062626,EVOLUTION PETROLEUM CORP,EPM,2025-06-30,2025,10,1010,101020,10102020,211120,1311,21,211,13,1311
062655,DEAN FOODS CO,DFODQ,2019-12-31,2019,30,3020,302020,30202030,311511,2020,31,311,20,2020
062686,CARBO CERAMICS INC,CRRTQ,2019-12-31,2019,10,1010,101010,10101020,327999,3290,32,327,32,3290
062723,TUCOWS INC,TCX,2025-12-31,2025,45,4510,451020,45102030,519130,7370,51,519,73,7370
062745,JAKKS PACIFIC INC,JAKK,2025-12-31,2025,25,2520,252020,25202010,336991,3944,33,336,39,3944
062823,FTI CONSULTING INC,FCN,2025-12-31,2025,20,2020,202020,20202020,541611,8742,54,541,87,8742
062826,ONYX PHARMACEUTICALS INC,ONXX,2012-12-31,2012,35,3520,352010,35201010,325412,2834,32,325,28,2834
062921,NEUROCRINE BIOSCIENCES INC,NBIX,2025-12-31,2025,35,3520,352010,35201010,325414,2836,32,325,28,2836
062967,SUNRISE SENIOR LIVING INC,SRZ,2011-12-31,2011,35,3510,351020,35102020,623312,8300,62,623,83,8300
062977,SALIX PHARMACEUTICALS LTD,SLXP,2014-12-31,2014,35,3520,352020,35202010,325412,2834,32,325,28,2834
062984,TITANIUM METALS CORP,TIE,2011-12-31,2011,15,1510,151040,15104020,331491,3350,33,331,33,3350
063000,RUSH ENTERPRISES INC,RUSHA,2025-12-31,2025,20,2010,201070,20107010,441110,5500,44,441,55,5500
063005,AVADEL PHARMACEUTICALS PLC,AVDL,2024-12-31,2024,35,3520,352020,35202010,325412,2834,32,325,28,2834
063018,DATATRAK INTERNATIONAL INC,DTRK,2021-12-31,2021,35,3510,351030,35103010,518210,7370,51,518,73,7370
063030,CASI PHARMACEUTICALS INC,CASIF,2024-12-31,2024,35,3520,352010,35201010,325412,2834,32,325,28,2834
063099,BROADVISION INC,BVSN,2018-12-31,2018,45,4510,451030,45103010,005415,7370,00,005,73,7370
063138,GLASSBRIDGE ENTERPRISES INC,GLAE,2022-12-31,2022,40,4020,402030,40203010,523940,6282,52,523,62,6282
063186,QIAGEN NV,QGEN,2025-12-31,2025,35,3520,352030,35203010,334516,3826,33,334,38,3826
063291,SRI/SURGICAL EXPRESS INC,STRC.1,2011-12-31,2011,35,3510,351020,35102015,812332,7200,81,812,72,7200
063405,GERON CORP,GERN,2025-12-31,2025,35,3520,352010,35201010,325414,2836,32,325,28,2836
063447,GUESS INC,GES,2025-01-31,2024,25,2550,255040,25504010,003152,2330,00,003,23,2330
063490,BIOSCRIP INC,BIOS.1,2018-12-31,2018,35,3510,351020,35102015,621610,8082,62,621,80,8082
063495,WILLBROS GROUP INC,WGRP,2017-12-31,2017,20,2010,201030,20103010,237120,1623,23,237,16,1623
063501,E TRADE FINANCIAL CORP,ETFC,2019-12-31,2019,40,4020,402030,40203020,523120,6211,52,523,62,6211
063520,TRANSACT TECHNOLOGIES INC,TACT,2025-12-31,2025,45,4520,452020,45202030,334118,3577,33,334,35,3577
063531,MICROVISION INC,MVIS,2025-12-31,2025,45,4520,452030,45203010,334419,3679,33,334,36,3679
063562,COSCIENS BIOPHARMA INC,CSCIF,2025-12-31,2025,35,3520,352010,35201010,325414,2836,32,325,28,2836
063605,CALPINE CORP,8356B,2019-12-31,2019,55,5510,551050,55105010,022111,4991,02,022,49,4991
063639,ONITY GROUP INC,ONIT,2025-12-31,2025,40,4020,402010,40201050,522390,6162,52,522,61,6162
063640,PEERLESS SYSTEMS CORP,PRLS,2014-01-31,2013,45,4510,451030,45103010,511210,7372,51,511,73,7372
063643,ABERCROMBIE & FITCH  -CL A,ANF,2025-01-31,2024,25,2550,255040,25504010,458110,5651,45,458,56,5651
063645,ENDO INTERNATIONAL PLC,ENDPQ,2023-12-31,2023,35,3520,352020,35202010,325412,2834,32,325,28,2834
063650,SPECTRUM PHARMACEUTICALS INC,SPPI,2022-12-31,2022,35,3520,352010,35201010,325414,2836,32,325,28,2836
063671,BEEIO HONEY LTD,ORCT,2013-12-31,2013,30,3020,302020,30202030,334210,3661,33,334,36,3661
063700,ANTARES PHARMA INC,ATRS,2021-12-31,2021,35,3520,352020,35202010,325412,2834,32,325,28,2834
063789,ARQULE INC,ARQL,2018-12-31,2018,35,3520,352010,35201010,325414,2836,32,325,28,2836
063790,MAST THERAPEUTICS,MSTX.1,2016-12-31,2016,35,3520,352010,35201010,325412,2834,32,325,28,2834
063847,PENSKE AUTOMOTIVE GROUP INC,PAG,2025-12-31,2025,25,2550,255040,25504050,441110,5500,44,441,55,5500
063866,CUBIST PHARMACEUTICALS INC,CBST,2013-12-31,2013,35,3520,352010,35201010,325412,2834,32,325,28,2834
063876,TRIUMPH GROUP INC,TGI,2025-03-31,2024,20,2010,201010,20101010,336413,3728,33,336,37,3728
063914,CNH GLOBAL NV,CNH.2,2012-12-31,2012,20,2010,201060,20106010,333111,3523,33,333,35,3523
063919,INGRAM MICRO INC,IM,2015-12-31,2015,45,4520,452030,45203030,423430,5045,42,423,50,5045
063927,UNITED NATURAL FOODS INC,UNFI,2025-07-31,2025,30,3010,301010,30101020,424490,5140,42,424,51,5140
063938,SEACHANGE INTERNATIONAL INC,SEAC,2023-01-31,2022,45,4510,451030,45103010,513210,7372,51,513,73,7372
063986,EPLUS INC,PLUS,2025-03-31,2024,45,4520,452030,45203030,423430,5045,42,423,50,5045
064004,VIROPHARMA INC,VPHM,2012-12-31,2012,35,3520,352020,35202010,325412,2834,32,325,28,2834
064021,HOPTO INC,HPTO,2022-12-31,2022,45,4510,451030,45103010,513210,7372,51,513,73,7372
064055,WEST CORP,WSTC,2016-12-31,2016,20,2020,202010,20201060,561499,7389,56,561,73,7389
064061,FORRESTER RESEARCH INC,FORR,2025-12-31,2025,20,2020,202020,20202020,541910,8700,54,541,87,8700
064063,GENESIS ENERGY  -LP,GEL,2025-12-31,2025,10,1010,101020,10102040,424720,5172,42,424,51,5172
064088,VIASAT INC,VSAT,2025-03-31,2024,45,4520,452010,45201020,517410,4899,51,517,48,4899
064102,INVENTURE FOODS INC,SNAK,2016-12-31,2016,30,3020,302020,30202030,311411,2030,31,311,20,2030
064163,HYPERSCALE DATA INC,GPUS,2025-12-31,2025,20,2010,201050,20105010,999977,9997,99,999,99,9997
064165,IGATE CORP,IGTE,2014-12-31,2014,45,4510,451020,45102010,518210,7374,51,518,73,7374
064166,QUEST DIAGNOSTICS INC,DGX,2025-12-31,2025,35,3510,351020,35102015,621511,8071,62,621,80,8071
064194,FIRST MARINER BANCORP,FMARQ,2013-12-31,2013,40,4010,401010,40101015,522110,6020,52,522,60,6020
064275,CAL-MAINE FOODS INC,CALM,2025-05-31,2024,30,3020,302020,30202030,112310,0200,11,112,02,0200
064302,INSPERITY INC,NSP,2025-12-31,2025,20,2020,202020,20202010,561320,7363,56,561,73,7363
064306,KILROY REALTY CORP,KRC,2025-12-31,2025,60,6010,601040,60104010,531120,6798,53,531,67,6798
064327,CERUS CORP,CERS,2025-12-31,2025,35,3510,351010,35101020,339113,3842,33,339,38,3842
064334,VERICEL CORP,VCEL,2025-12-31,2025,35,3520,352010,35201010,325414,2836,32,325,28,2836
064346,EPIQ SYSTEMS INC,EPIQ,2015-12-31,2015,45,4510,451030,45103010,511210,7372,51,511,73,7372
064355,GOLDEN OCEAN GROUP,GOGL,2024-12-31,2024,20,2030,203030,20303010,532411,4400,53,532,44,4400
064356,CIENA CORP,CIEN,2025-10-31,2025,45,4520,452010,45201020,334210,3661,33,334,36,3661
064410,CARMAX INC,KMX,2025-02-28,2024,25,2550,255040,25504050,441120,5500,44,441,55,5500
064480,TIVO CORP,TIVO,2019-12-31,2019,45,4510,451030,45103020,519130,7370,51,519,73,7370
064515,CTI BIOPHARMA CORP,CTIC,2022-12-31,2022,35,3520,352010,35201010,325414,2836,32,325,28,2836
064549,CHICAGO BRIDGE & IRON CO,CBI,2017-12-31,2017,20,2010,201030,20103010,237120,1600,23,237,16,1600
064552,TD AMERITRADE HOLDING CORP,AMTD.,2019-09-30,2019,40,4020,402030,40203020,523120,6211,52,523,62,6211
064568,GULF ISLAND FABRICATION INC,GIFI,2024-12-31,2024,10,1010,101010,10101020,213112,1389,21,213,13,1389
064620,VIEWCAST.COM INC,VCST,2012-12-31,2012,45,4520,452020,45202030,334220,3663,33,334,36,3663
064630,TAKE-TWO INTERACTIVE SFTWR,TTWO,2025-03-31,2024,50,5020,502020,50202020,513210,7372,51,513,73,7372
064637,EMCORE CORP,EMKR,2024-09-30,2024,45,4520,452010,45201020,334413,3674,33,334,36,3674
064690,AUTOLIV INC,ALV,2025-12-31,2025,25,2510,251010,25101010,336390,3714,33,336,37,3714
064708,SCHIFF NUTRITION INTL INC,SHF,2012-05-31,2011,30,3030,303020,30302010,325412,2834,32,325,28,2834
064766,RAMBUS INC,RMBS,2025-12-31,2025,45,4530,453010,45301020,533110,6794,53,533,67,6794
064767,VITAL IMAGES INC,VTAL,2010-12-31,2010,35,3510,351030,35103010,511210,7372,51,511,73,7372
064768,AMAZON.COM INC,AMZN,2025-12-31,2025,25,2550,255030,25503030,455219,5961,45,455,59,5961
064794,UNITED COMMUNITY BANKS INC,UCB,2025-12-31,2025,40,4010,401010,40101015,522110,6020,52,522,60,6020
064821,ALEXANDRIA R E EQUITIES INC,ARE,2025-12-31,2025,60,6010,601050,60105010,531120,6798,53,531,67,6798
064848,KMG CHEMICALS INC,KMG,2018-07-31,2018,15,1510,151010,15101050,325180,2860,32,325,28,2860
064853,QORVO INC,QRVO,2025-03-31,2024,45,4530,453010,45301020,334413,3674,33,334,36,3674
064857,SAREPTA THERAPEUTICS INC,SRPT,2025-12-31,2025,35,3520,352010,35201010,325414,2836,32,325,28,2836
064891,RALPH LAUREN CORP,RL,2025-03-31,2024,25,2520,252030,25203010,000315,2300,00,000,23,2300
064896,RC2 CORP,RCRC,2010-12-31,2010,25,2520,252020,25202010,339932,3944,33,339,39,3944
064901,MAXIMUS INC,MMS,2025-09-30,2025,20,2020,202020,20202030,518210,7389,51,518,73,7389
064915,INTEST CORP,INTT,2025-12-31,2025,45,4530,453010,45301010,334416,3825,33,334,38,3825
064925,BXP INC,BXP,2025-12-31,2025,60,6010,601040,60104010,531120,6798,53,531,67,6798
064942,STARTEK INC -OLD,SRT.2,2017-12-31,2017,45,4510,451020,45102020,561499,7389,56,561,73,7389
065006,HELIX ENERGY SOLUTIONS GROUP,HLX,2025-12-31,2025,10,1010,101010,10101020,213112,1389,21,213,13,1389
065009,ARCHROCK INC,AROC,2025-12-31,2025,10,1010,101010,10101020,333132,3533,33,333,35,3533
065011,HESKA CORP,HSKA,2022-12-31,2022,35,3510,351010,35101010,325413,2835,32,325,28,2835
065026,OUTERWALL INC,OUTR,2015-12-31,2015,25,2550,255040,25504040,333318,3578,33,333,35,3578
065036,QUICKLOGIC CORP,QUIK,2025-12-31,2025,45,4530,453010,45301020,334413,3674,33,334,36,3674
065084,CORECIVIC INC,CXW,2025-12-31,2025,20,2020,202010,20201080,531120,6512,53,531,65,6512
065105,BJ'S WHOLESALE CLUB INC,BJ.1,2011-01-31,2010,30,3010,301010,30101040,452910,5399,45,452,53,5399
065108,JONES LANG LASALLE INC,JLL,2025-12-31,2025,60,6020,602010,60201040,531390,6531,53,531,65,6531
065220,CARRIZO OIL & GAS INC,CRZO,2018-12-31,2018,10,1010,101020,10102020,002111,1311,00,002,13,1311
065248,ARCELORMITTAL,MT,2025-12-31,2025,15,1510,151040,15104050,331110,3312,33,331,33,3312
065270,SYNTEL INC,SYNT,2017-12-31,2017,45,4510,451020,45102020,541519,7370,54,541,73,7370
065286,AEHR TEST SYSTEMS,AEHR,2025-05-31,2024,45,4530,453010,45301010,334515,3825,33,334,38,3825
065290,SL GREEN REALTY CORP,SLG,2025-12-31,2025,60,6010,601040,60104010,531120,6798,53,531,67,6798
065343,PRICESMART INC,PSMT,2025-08-31,2025,30,3010,301010,30101040,455219,5331,45,455,53,5331
065378,LUNA GOLD CORP,LGCUF,2015-12-31,2015,15,1510,151040,15104030,212221,1040,21,212,10,1040
065380,ELBIT SYSTEMS LTD,ESLT,2025-12-31,2025,20,2010,201010,20101010,334511,3812,33,334,38,3812
065399,MERITOR INC,MTOR,2021-09-30,2021,20,2010,201060,20106010,336330,3714,33,336,37,3714
065413,DOT HILL SYSTEMS CORP,HILL,2014-12-31,2014,45,4520,452020,45202030,334112,3572,33,334,35,3572
065417,YUM BRANDS INC,YUM,2025-12-31,2025,25,2530,253010,25301040,722513,5812,72,722,58,5812
065421,FARO TECHNOLOGIES INC,FARO,2024-12-31,2024,45,4520,452030,45203010,334519,3829,33,334,38,3829
065430,CHILDRENS PLACE INC,PLCE,2025-01-31,2024,25,2550,255040,25504010,458110,5600,45,458,56,5600
065461,TEFRON LTD,TFRFF,2024-12-31,2024,25,2520,252030,25203010,315250,2340,31,315,23,2340
065527,HYPERCOM CORP,HYC,2010-12-31,2010,45,4520,452020,45202020,334119,3578,33,334,35,3578
065554,POWER-ONE INC,PWER.1,2012-12-31,2012,45,4520,452030,45203015,003344,3679,00,003,36,3679
065590,STONERIDGE INC,SRI,2025-12-31,2025,25,2510,251010,25101010,334419,3679,33,334,36,3679
065609,C H ROBINSON WORLDWIDE INC,CHRW,2025-12-31,2025,20,2030,203010,20301010,484121,4213,48,484,42,4213
065640,CENTRESPACE,CSR,2025-12-31,2025,60,6010,601060,60106010,531190,6798,53,531,67,6798
065662,CHINA MOBILE LTD,CHL,2021-12-31,2021,50,5010,501020,50102010,517312,4812,51,517,48,4812
065671,INNOVEX INTERNATIONAL INC,INVX,2025-12-31,2025,10,1010,101010,10101020,333132,3533,33,333,35,3533
065675,ORBITAL INFRAS GROUP INC,OIGBQ,2022-12-31,2022,20,2010,201030,20103010,237130,1623,23,237,16,1623
065676,INTERMEC INC,IN,2012-12-31,2012,45,4520,452020,45202020,334118,3577,33,334,35,3577
065697,REMY INTERNATIONAL INC,REMY,2014-12-31,2014,25,2510,251010,25101010,336320,3690,33,336,36,3690
065710,EPR PROPERTIES,EPR,2025-12-31,2025,60,6010,601080,60108010,531120,6798,53,531,67,6798
065717,OSAIC FINANCIAL SERVICES INC,LTS,2019-12-31,2019,40,4020,402030,40203020,523120,6211,52,523,62,6211
065718,GROUP 1 AUTOMOTIVE INC,GPI,2025-12-31,2025,25,2550,255040,25504050,441110,5500,44,441,55,5500
065739,PERICOM SEMICONDUCTOR CORP,PSEM,2015-06-30,2015,45,4530,453010,45301020,334413,3674,33,334,36,3674
065765,YUNHONG GREEN CTI LTD,YHGJ,2025-12-31,2025,25,2520,252010,25201050,326299,3060,32,326,30,3060
065771,YOUNG INNOVATIONS INC,YDNT,2011-12-31,2011,35,3510,351010,35101010,339114,3843,33,339,38,3843
065831,SONIC AUTOMOTIVE INC  -CL A,SAH,2025-12-31,2025,25,2550,255040,25504050,441110,5500,44,441,55,5500
065904,APPLIED MICRO CIRCUITS CORP,AMCC,2016-03-31,2015,45,4530,453010,45301020,334413,3674,33,334,36,3674
065905,INOTIV INC,NOTV,2025-09-30,2025,35,3520,352030,35203010,541714,8731,54,541,87,8731
065944,ASSERTIO HOLDINGS INC,ASRT,2025-12-31,2025,35,3520,352020,35202010,325412,2834,32,325,28,2834
065967,ENVISION HEALTHCARE CORP,EVHC,2017-12-31,2017,35,3510,351020,35102015,621493,8011,62,621,80,8011
065986,BLACKBERRY LTD,BB,2025-02-28,2024,45,4510,451030,45103020,513210,7372,51,513,73,7372
065991,MANHATTAN SCIENTIFICS INC,MHTX,2023-12-31,2023,35,3520,352010,35201010,541713,8731,54,541,87,8731
066032,POWER INTEGRATIONS INC,POWI,2025-12-31,2025,45,4530,453010,45301020,334413,3674,33,334,36,3674
066060,ANGIOTECH PHARMACEUTICALS,ANPM,2012-12-31,2012,35,3510,351010,35101020,339112,3841,33,339,38,3841
066061,DOLLAR THRIFTY AUTOMOTIVE GP,DTGF,2011-12-31,2011,20,2030,203040,20304020,532111,7510,53,532,75,7510
066228,MILLER ENERGY RESOURCES INC,MILLQ,2015-04-30,2014,10,1010,101020,10102020,211111,1311,21,211,13,1311
066354,W P CAREY INC,WPC,2025-12-31,2025,60,6010,601010,60101010,531120,6798,53,531,67,6798
066366,ROCKWELL MEDICAL INC,RMTI,2025-12-31,2025,35,3510,351010,35101020,339113,3842,33,339,38,3842
066393,MERCURY SYSTEMS INC,MRCY,2025-06-30,2025,20,2010,201010,20101010,334413,3674,33,334,36,3674
066446,QUANTA SERVICES INC,PWR,2025-12-31,2025,20,2010,201030,20103010,238210,1731,23,238,17,1731
066515,CANO PETROLEUM INC,CFW,2011-06-30,2011,10,1010,101020,10102020,211111,1311,21,211,13,1311
066588,SURMODICS INC,SRDX,2024-09-30,2024,35,3510,351010,35101010,533110,6794,53,533,67,6794
066602,COMPX INTERNATIONAL INC,CIX,2025-12-31,2025,20,2020,202010,20201060,332510,3420,33,332,34,3420
066683,CORGENIX MEDICAL CORP,CONX.1,2014-06-30,2014,35,3510,351010,35101010,325413,2835,32,325,28,2835
066686,ONESPAN INC,OSPN,2025-12-31,2025,45,4510,451030,45103020,334290,3669,33,334,36,3669
066697,INOVIO PHARMACEUTICALS INC,INO,2025-12-31,2025,35,3520,352010,35201010,325414,2836,32,325,28,2836
066708,BROADCOM CORP,BRCM,2014-12-31,2014,45,4530,453010,45301020,334413,3674,33,334,36,3674
066731,FEDERATED HERMES INC,FHI,2025-12-31,2025,40,4020,402030,40203010,523940,6282,52,523,62,6282
066871,HILLMAN SOLUTIONS CORP,HLMN,2025-12-31,2025,20,2010,201060,20106020,332722,3452,33,332,34,3452
074628,BETA TECHNOLOGIES INC,BETA,2025-12-31,2025,20,2010,201010,20101010,336411,3721,33,336,37,3721
100075,RELX NV,RENX.2,2017-12-31,2017,20,2020,202020,20202020,511120,2721,51,511,27,2721
100243,AMCOR PLC,AMCR,2025-06-30,2025,15,1510,151030,15103020,326112,2670,32,326,26,2670
100245,ADVANTEST CORP,ATEYY,2025-03-31,2024,45,4530,453010,45301010,334515,3825,33,334,38,3825
100338,RELX PLC,RELX,2025-12-31,2025,20,2020,202020,20202020,513120,2721,51,513,27,2721
100363,AMEC FOSTER WHEELER PLC,AMEZY.1,2016-12-31,2016,10,1010,101010,10101020,541330,8711,54,541,87,8711
100418,EISAI CO LTD,ESAIY,2023-03-31,2022,35,3520,352020,35202010,325412,2834,32,325,28,2834
100572,PEARSON PLC,PSO,2025-12-31,2025,25,2530,253020,25302010,000611,8200,00,000,82,8200
100644,FERGUSON ENTERPRISES INC,FERG,2025-07-31,2025,20,2010,201070,20107010,423720,5070,42,423,50,5070
100699,SHARP CORP,SHCAY,2025-03-31,2024,25,2520,252010,25201010,334310,3651,33,334,36,3651
100718,TAKEDA PHARMACEUTICAL CO LTD,TAK,2025-03-31,2024,35,3520,352020,35202010,325412,2834,32,325,28,2834
101204,SANOFI,SNY,2025-12-31,2025,35,3520,352020,35202010,325412,2834,32,325,28,2834
101276,STELLANTIS NV,STLA,2025-12-31,2025,25,2510,251020,25102010,336110,3711,33,336,37,3711
101310,NOVARTIS AG,NVS,2025-12-31,2025,35,3520,352020,35202010,325412,2834,32,325,28,2834
101317,SMITH & NEPHEW PLC,SNN,2025-12-31,2025,35,3510,351010,35101010,339113,3842,33,339,38,3842
101352,ALCATEL-LUCENT,ALU,2014-12-31,2014,45,4520,452010,45201020,334210,3661,33,334,36,3661
102422,SAPPI LTD,SPPJY,2025-09-30,2025,15,1510,151050,15105020,322220,2670,32,322,26,2670
102696,LOGITECH INTERNATIONAL SA,LOGI,2025-03-31,2024,45,4520,452020,45202030,334118,3577,33,334,35,3577
103487,SAP SE,SAP,2025-12-31,2025,45,4510,451030,45103010,513210,7372,51,513,73,7372
105346,AMBIENT CORP,AMBTQ,2013-12-31,2013,45,4520,452010,45201020,517919,4899,51,517,48,4899
105365,AMERICAN TOWER CORP,AMT,2025-12-31,2025,60,6010,601080,60108030,531120,6798,53,531,67,6798
105936,COLUMBIA SPORTSWEAR CO,COLM,2025-12-31,2025,25,2520,252030,25203010,000315,2300,00,000,23,2300
106100,CYCLO THERAPEUTICS INC,CYTH,2023-12-31,2023,35,3520,352010,35201010,325414,2836,32,325,28,2836
106418,FIELDPOINT PETROLEUM CORP,FPPP,2018-12-31,2018,10,1010,101020,10102020,211120,1311,21,211,13,1311
106574,AMERINAC HOLDING CORP,PAOS,2019-12-31,2019,15,1510,151040,15104020,331110,3312,33,331,33,3312
106687,BROWNIE'S MARINE GROUP INC,BWMG,2025-12-31,2025,25,2520,252020,25202010,339920,3949,33,339,39,3949
107446,NETSOL TECHNOLOGIES INC,NTWK,2025-06-30,2025,45,4510,451030,45103010,513210,7372,51,513,73,7372
107755,KODIAK OIL & GAS CORP,KOG,2013-12-31,2013,10,1010,101020,10102020,211111,1311,21,211,13,1311
108345,MARYGOLD COMPANIES INC (THE),MGLD,2025-06-30,2025,40,4020,402030,40203010,523940,6282,52,523,62,6282
108645,ULTRA PETROLEUM CORP,UPLCQ,2019-12-31,2019,10,1010,101020,10102020,211130,1311,21,211,13,1311
108693,JONES SODA CO,JSDA,2025-12-31,2025,30,3020,302010,30201030,312111,2086,31,312,20,2086
108831,WESTPORT FUEL SYSTEMS INC,WPRT,2025-12-31,2025,20,2010,201060,20106010,336310,3714,33,336,37,3714
110039,AMKOR TECHNOLOGY INC,AMKR,2025-12-31,2025,45,4530,453010,45301010,334413,3674,33,334,36,3674
110179,VENTAS INC,VTR,2025-12-31,2025,60,6010,601050,60105010,531110,6798,53,531,67,6798
110382,EQUITY ONE INC,EQY,2016-12-31,2016,60,6010,601010,60101070,531120,6798,53,531,67,6798
110685,L3 TECHNOLOGIES INC,LLL.1,2018-12-31,2018,20,2010,201010,20101010,334511,3812,33,334,38,3812
110728,INTERPACE BIOSCIENCES INC,IDXG,2025-12-31,2025,35,3510,351020,35102015,621511,8071,62,621,80,8071
110802,AVALON HOLDINGS CORP,AWX,2025-12-31,2025,20,2020,202010,20201050,562112,4955,56,562,49,4955
111103,MARINEMAX INC,HZO,2025-09-30,2025,25,2550,255040,25504040,441222,5500,44,441,55,5500
111873,RH,RH,2025-01-31,2024,25,2550,255040,25504060,449110,5712,44,449,57,5712
111880,AMDOCS,DOX,2025-09-30,2025,45,4510,451020,45102010,005415,7370,00,005,73,7370
112034,LMI AEROSPACE INC,LMIA,2016-12-31,2016,20,2010,201010,20101010,336413,3728,33,336,37,3728
112095,MIPS TECHNOLOGIES INC,MIPS,2012-06-30,2012,45,4530,453010,45301020,533110,6794,53,533,67,6794
112158,CELESTICA INC,CLS,2025-12-31,2025,45,4520,452030,45203020,334413,3674,33,334,36,3674
112754,DYAX CORP,DYAX,2014-12-31,2014,35,3520,352010,35201010,325414,2836,32,325,28,2836
112759,CENTRUS ENERGY CORP,LEU,2025-12-31,2025,10,1010,101020,10102050,325180,2810,32,325,28,2810
112774,ECHELON CORP,ELON.1,2017-12-31,2017,45,4520,452030,45203020,334210,3576,33,334,35,3576
112876,ENTERPRISE PRODCT PARTNRS LP,EPD,2025-12-31,2025,10,1010,101020,10102040,211120,1311,21,211,13,1311
112968,MANNATECH INC,MTEX,2025-12-31,2025,30,3030,303020,30302010,325412,2834,32,325,28,2834
113139,CONVERSION SERVICES INTL INC,CVNSQ,2010-12-31,2010,45,4510,451020,45102010,518210,7374,51,518,73,7374
113362,DIGITAL RIVER INC,DRIV.1,2013-12-31,2013,45,4510,451010,45101010,423430,5045,42,423,50,5045
113419,CONVERGYS CORP,CVG,2017-12-31,2017,45,4510,451020,45102020,561499,7389,56,561,73,7389
113490,CROWN CASTLE INC,CCI,2025-12-31,2025,60,6010,601080,60108030,531190,6798,53,531,67,6798
113530,LIME ENERGY CO,LIME,2015-12-31,2015,20,2010,201040,20104010,541330,8711,54,541,87,8711
114203,CEMTREX INC,CETX,2025-09-30,2025,45,4520,452030,45203010,334519,3829,33,334,38,3829
114209,FLEXPOINT SENSOR SYSTEMS INC,FLXT,2023-12-31,2023,45,4520,452030,45203015,334419,3679,33,334,36,3679
114484,LEAP WIRELESS INTL INC,LEAP.5,2013-12-31,2013,50,5010,501020,50102010,517210,4812,51,517,48,4812
114524,EBAY INC,EBAY,2025-12-31,2025,25,2550,255030,25503030,455219,5961,45,455,59,5961
114628,GOLDMAN SACHS GROUP INC,GS,2025-12-31,2025,40,4020,402030,40203020,523150,6211,52,523,62,6211
115044,ALGONQUIN POWER & UTIL CORP,AQN,2025-12-31,2025,55,5510,551030,55103010,002211,4991,00,002,49,4991
115831,NETWORK-1 TECHNOLOGIES INC,NTIP,2025-12-31,2025,45,4520,452010,45201020,533110,6794,53,533,67,6794
116029,PLAINS ALL AMER PIPELNE  -LP,PAA,2025-12-31,2025,10,1010,101020,10102040,424710,5171,42,424,51,5171
116166,REPOSITRAK INC,TRAK,2025-06-30,2025,45,4510,451030,45103010,518210,7370,51,518,73,7370
116772,AVANTAX INC,AVTA,2022-12-31,2022,40,4020,402030,40203010,523120,6211,52,523,62,6211
117115,US DATAWORKS INC,UDWKQ,2012-03-31,2011,45,4510,451010,45101010,519130,7370,51,519,73,7370
117116,KAZIA THERAPEUTICS LIMITED,KZIA,2025-06-30,2025,35,3520,352010,35201010,325412,2834,32,325,28,2834
117142,ORTHOVITA INC,VITA.1,2010-12-31,2010,35,3510,351010,35101010,339112,3841,33,339,38,3841
117768,NVIDIA CORP,NVDA,2025-01-31,2024,45,4530,453010,45301020,334413,3674,33,334,36,3674
117829,AURINIA PHARMACEUTICALS INC,AUPH,2025-12-31,2025,35,3520,352010,35201010,325414,2836,32,325,28,2836
117861,DAUCH CORP,DCH,2025-12-31,2025,25,2510,251010,25101010,336350,3714,33,336,37,3714
117903,EDELMAN FINANCIAL GROUP INC,EF,2011-12-31,2011,40,4020,402030,40203010,523930,6282,52,523,62,6282
118081,ALBANY MOLECULAR RESH INC,AMRI,2016-12-31,2016,35,3520,352030,35203010,325411,2833,32,325,28,2833
118122,APTIV PLC,APTV,2025-12-31,2025,25,2510,251010,25101010,336320,3714,33,336,37,3714
118795,QUICKSILVER RESOURCES INC,KWKAQ,2014-12-31,2014,10,1010,101020,10102020,211111,1311,21,211,13,1311
118941,NEXTPLAT CORP,NXPL,2025-12-31,2025,50,5010,501010,50101010,456110,5961,45,456,59,5961
119173,AUTOWEB INC,AUTO,2021-12-31,2021,50,5020,502030,50203010,519130,7370,51,519,73,7370
119275,MKS INC,MKSI,2025-12-31,2025,45,4530,453010,45301010,334513,3823,33,334,38,3823
119314,BOOKING HOLDINGS INC,BKNG,2025-12-31,2025,25,2530,253010,25301020,561510,4700,56,561,47,4700
119316,TREX CO INC,TREX,2025-12-31,2025,20,2010,201020,20102010,321219,2400,32,321,24,2400
119493,PLX TECHNOLOGY INC,PLXT,2013-12-31,2013,45,4530,453010,45301020,334413,3674,33,334,36,3674
119574,EXTREME NETWORKS INC,EXTR,2025-06-30,2025,45,4520,452010,45201020,334210,3576,33,334,35,3576
119617,APOLLO MEDICAL HLDG INC-OLD,7687B,2017-03-31,2016,35,3510,351020,35102015,621999,8090,62,621,80,8090
120093,CNX RESOURCES CORP,CNX,2025-12-31,2025,10,1010,101020,10102020,002111,1311,00,002,13,1311
120334,SIERRA WIRELESS INC,SWIR,2021-12-31,2021,45,4520,452010,45201020,334220,3663,33,334,36,3663
120359,TW TELECOM INC,TWTC,2013-12-31,2013,50,5010,501010,50101010,517110,4813,51,517,48,4813
120458,BANKRATE INC,RATE.1,2016-12-31,2016,45,4510,451010,45101010,519130,7370,51,519,73,7370
120774,BROCADE COMMUNICATIONS SYS,BRCD,2016-10-31,2016,45,4520,452010,45201020,334118,3576,33,334,35,3576
120794,TC PIPELINES LP,TCP,2020-12-31,2020,10,1010,101020,10102040,486210,6799,48,486,67,6799
120816,EDGAR ONLINE INC,EDGR,2011-12-31,2011,45,4510,451010,45101010,517919,7370,51,517,73,7370
120820,NUVEEN CA QLTY MU INCM FD,NAC,2025-08-31,2025,,,,,525990,6726,52,525,67,6726
120877,REYNOLDS AMERICAN INC,RAI,2016-12-31,2016,30,3020,302030,30203010,312230,2111,31,312,21,2111
121077,F5 INC,FFIV,2025-09-30,2025,45,4520,452010,45201020,541512,7373,54,541,73,7373
121142,SKECHERS U S A INC,SKX,2024-12-31,2024,25,2520,252030,25203020,031621,3140,03,031,31,3140
121153,DITECH NETWORKS INC,DITC,2012-04-30,2011,45,4520,452010,45201020,334220,3663,33,334,36,3663
121257,GREAT ELM GROUP INC,GEG,2025-06-30,2025,40,4020,402030,40203010,523910,6799,52,523,67,6799
121382,SBA COMMUNICATIONS CORP,SBAC,2025-12-31,2025,60,6010,601080,60108030,531190,6798,53,531,67,6798
121440,UNITED THERAPEUTICS CORP,UTHR,2025-12-31,2025,35,3520,352010,35201010,325412,2834,32,325,28,2834
121713,FINANCIAL INSTITUTIONS INC,FISI,2025-12-31,2025,40,4010,401010,40101015,522110,6020,52,522,60,6020
121718,JUNIPER NETWORKS INC,JNPR,2024-12-31,2024,45,4520,452010,45201020,334118,3576,33,334,35,3576
121759,POWERFLEET INC,AIOT,2025-03-31,2024,45,4520,452030,45203010,518210,7370,51,518,73,7370
121815,ENCORE CAPITAL GROUP INC,ECPG,2025-12-31,2025,40,4020,402020,40202010,522299,6153,52,522,61,6153
122197,DAYBREAK OIL & GAS INC,DBRM,2023-02-28,2022,10,1010,101020,10102020,211120,1311,21,211,13,1311
122211,HOOKER FURNISHINGS CORP,HOFT,2025-01-31,2024,25,2520,252010,25201020,033712,2510,03,033,25,2510
122257,BIOMARIN PHARMACEUTICAL INC,BMRN,2025-12-31,2025,35,3520,352010,35201010,325414,2836,32,325,28,2836
122266,THOMPSON CREEK METALS CO INC,TCPTF,2015-12-31,2015,15,1510,151040,15104020,212299,1000,21,212,10,1000
122536,ACTUA CORP,ACTA,2017-12-31,2017,45,4510,451010,45101010,999990,9995,99,999,99,9995
122678,ROCKFORD CORP,ROFO,2011-12-31,2011,25,2520,252010,25201010,334310,3651,33,334,36,3651
122841,RED HAT INC,RHT,2019-02-28,2018,45,4510,451030,45103020,511210,7372,51,511,73,7372
122902,NETSCOUT SYSTEMS INC,NTCT,2025-03-31,2024,45,4520,452010,45201020,541512,7373,54,541,73,7373
122915,ALLIANCE RESOURCE PTNRS  -LP,ARLP,2025-12-31,2025,10,1010,101020,10102050,212115,1220,21,212,12,1220
122916,REGENETP INC,RGTPQ,2022-12-31,2022,35,3520,352010,35201010,325414,2836,32,325,28,2836
123016,LIONBRIDGE TECHNOLOGIES INC,LIOX,2015-12-31,2015,45,4510,451020,45102010,511210,7372,51,511,73,7372
124036,EGAIN CORP,EGAN,2025-06-30,2025,45,4510,451030,45103010,513210,7372,51,513,73,7372
124046,DIVERSIFIED HEALTHCARE TRUST,DHC,2025-12-31,2025,60,6010,601050,60105010,531110,6798,53,531,67,6798
124049,TRINTECH GROUP PLC,TTPA,2010-01-31,2009,45,4510,451030,45103010,511210,7372,51,511,73,7372
124394,TIVO INC,TIVO.1,2016-01-31,2015,45,4510,451030,45103010,517110,4841,51,517,48,4841
124434,BLACKROCK INC,BLK,2025-12-31,2025,40,4020,402030,40203010,523940,6282,52,523,62,6282
124617,ULTRAPAR PARTICIPACOES SA,UGP,2024-12-31,2024,25,2550,255040,25504050,424720,5172,42,424,51,5172
125274,BSQUARE CORP,BSQR,2022-12-31,2022,45,4510,451030,45103010,423430,5045,42,423,50,5045
125360,SYCAMORE NETWORKS INC,SCMR,2016-07-31,2016,45,4520,452010,45201020,999990,9995,99,999,99,9995
125595,AKAMAI TECHNOLOGIES INC,AKAM,2025-12-31,2025,45,4510,451020,45102030,519290,7370,51,519,73,7370
125601,GAIA INC,GAIA,2025-12-31,2025,50,5020,502020,50202010,519290,7370,51,519,73,7370
125604,PLUG POWER INC,PLUG,2025-12-31,2025,20,2010,201040,20104010,334413,3674,33,334,36,3674
126020,INTELLICHECK INC,IDN,2025-12-31,2025,45,4510,451030,45103010,518210,7370,51,518,73,7370
126056,KRATOS DEFENSE & SECURITY,KTOS,2025-12-31,2025,20,2010,201010,20101010,541512,7370,54,541,73,7370
126136,CHARTER COMMUNICATIONS INC,CHTR,2025-12-31,2025,50,5020,502010,50201030,516210,4841,51,516,48,4841
126296,EXPEDIA GROUP INC,EXPE,2025-12-31,2025,25,2530,253010,25301020,561510,4700,56,561,47,4700
126318,IMMERSION CORP,IMMR,2025-04-30,2024,45,4520,452020,45202030,459210,5940,45,459,59,5940
126417,FINISAR CORP,FNSR,2019-04-30,2018,45,4520,452010,45201020,333316,3577,33,333,35,3577
126423,ONTO INNOVATION INC,ONTO,2025-12-31,2025,45,4530,453010,45301010,334513,3823,33,334,38,3823
126434,RAINMAKER SYSTEMS INC,VCTL,2013-12-31,2013,45,4510,451020,45102030,519130,7370,51,519,73,7370
127094,XO GROUP INC,XOXO,2017-12-31,2017,50,5020,502030,50203010,517110,7370,51,517,73,7370
127234,CELERA CORP,CRA,2010-12-31,2010,35,3520,352010,35201010,541711,8731,54,541,87,8731
128978,PACKAGING CORP OF AMERICA,PKG,2025-12-31,2025,15,1510,151030,15103020,322211,2650,32,322,26,2650
129466,AGENUS INC,AGEN,2025-12-31,2025,35,3520,352010,35201010,325412,2834,32,325,28,2834
129469,EON COMMUNICATIONS CORP,EONC,2013-07-31,2013,45,4520,452010,45201020,517911,4899,51,517,48,4899
130762,INTERSIL CORP  -CL A,ISIL,2016-12-31,2016,45,4530,453010,45301020,334413,3674,33,334,36,3674
132518,ASIAINFO-LINKAGE INC,ASIA.1,2012-12-31,2012,45,4510,451030,45103010,511210,7372,51,511,73,7372
132758,RADVISION LTD,RVSN.1,2011-12-31,2011,45,4510,451010,45101010,511210,7372,51,511,73,7372
133104,KT CORPORATION,KT,2024-12-31,2024,50,5010,501010,50101020,517111,4813,51,517,48,4813
133288,SILICON LABORATORIES INC,SLAB,2025-12-31,2025,45,4530,453010,45301020,334413,3674,33,334,36,3674
133304,ALVARION LTD,ALVRQ,2012-12-31,2012,45,4520,452010,45201020,334418,3661,33,334,36,3661
133346,VIASYSTEMS GROUP INC,VIAS,2014-12-31,2014,45,4520,452030,45203020,334412,3672,33,334,36,3672
133367,EDGEWELL PERSONAL CARE CO,EPC,2025-09-30,2025,30,3030,303020,30302010,332215,3420,33,332,34,3420
133432,WEBSENSE INC,WBSN,2012-12-31,2012,45,4510,451030,45103020,511210,7372,51,511,73,7372
133468,RIGEL PHARMACEUTICALS INC,RIGL,2025-12-31,2025,35,3520,352010,35201010,325412,2834,32,325,28,2834
133504,LUMINEX CORP,LMNX.1,2020-12-31,2020,35,3520,352030,35203010,325413,2835,32,325,28,2835
133547,CONVERSANT INC,CNVR,2013-12-31,2013,45,4510,451010,45101010,519130,7370,51,519,73,7370
133724,ADOLOR CORP,ADLR,2010-12-31,2010,35,3520,352020,35202010,325412,2834,32,325,28,2834
133726,CMC MATERIALS INC,CCMP,2021-09-30,2021,45,4530,453010,45301010,325998,2890,32,325,28,2890
133766,HEALTHSTREAM INC,HSTM,2025-12-31,2025,35,3510,351030,35103010,513210,7372,51,513,73,7372
133767,KRISPY KREME INC,DNUT,2025-12-31,2025,25,2530,253010,25301040,722515,5400,72,722,54,5400
133768,METLIFE INC,MET,2025-12-31,2025,40,4030,403010,40301020,524113,6311,52,524,63,6311
133825,SUPPORT.COM INC,SPRT,2020-12-31,2020,45,4510,451030,45103010,518210,7370,51,518,73,7370
133868,LEXICON PHARMACEUTICALS INC,LXRX,2025-12-31,2025,35,3520,352020,35202010,325413,2835,32,325,28,2835
133871,SANGAMO THERAPEUTICS INC,SGMO,2025-12-31,2025,35,3520,352010,35201010,325414,2836,32,325,28,2836
133885,EXELIXIS INC,EXEL,2025-12-31,2025,35,3520,352010,35201010,325414,2836,32,325,28,2836
133944,OCLARO INC,OCLR,2018-06-30,2018,45,4520,452010,45201020,334413,3674,33,334,36,3674
133945,DDI CORP,DDIC,2011-12-31,2011,45,4520,452030,45203020,334412,3672,33,334,36,3672
134044,SINA CORP,SINA,2019-12-31,2019,50,5020,502030,50203010,519130,7370,51,519,73,7370
134384,STEC INC,STEC.1,2012-12-31,2012,45,4520,452020,45202020,334112,3572,33,334,35,3572
134932,ON SEMICONDUCTOR CORP,ON,2025-12-31,2025,45,4530,453010,45301020,334413,3674,33,334,36,3674
135044,PIXELWORKS INC,PXLW,2025-12-31,2025,45,4530,453010,45301020,334413,3674,33,334,36,3674
135788,CEVA INC,CEVA,2025-12-31,2025,45,4530,453010,45301020,533110,6794,53,533,67,6794
135844,INNOVATIVE SOLTNS & SUPP INC,ISSC,2025-09-30,2025,20,2010,201010,20101010,334118,3575,33,334,35,3575
135965,RIBBON COMMUNICATIONS INC,RBBN,2025-12-31,2025,45,4520,452010,45201020,541512,7373,54,541,73,7373
135990,NRG ENERGY INC,NRG,2025-12-31,2025,55,5510,551010,55101010,022111,4911,02,022,49,4911
136648,VISTEON CORP,VC,2025-12-31,2025,25,2510,251010,25101010,336320,3714,33,336,37,3714
136725,INTUITIVE SURGICAL INC,ISRG,2025-12-31,2025,35,3510,351010,35101010,334510,3845,33,334,38,3845
136804,CEPHEID INC,CPHD,2015-12-31,2015,35,3520,352010,35201010,334516,3826,33,334,38,3826
136884,DENDREON CORP,DNDNQ,2013-12-31,2013,35,3520,352010,35201010,325414,2836,32,325,28,2836
137024,BASIC ENERGY SERVICES INC,BASXQ,2020-12-31,2020,10,1010,101010,10101020,213112,1389,21,213,13,1389
137066,CHINA UNICOM (HONG KONG) LTD,CHU,2019-12-31,2019,50,5010,501010,50101020,517312,4812,51,517,48,4812
137310,MARVELL TECHNOLOGY INC,MRVL,2025-01-31,2024,45,4530,453010,45301020,334413,3674,33,334,36,3674
137435,NETEASE INC,NTES,2025-12-31,2025,50,5020,502020,50202020,513210,7372,51,513,73,7372
137573,ENTEGRIS INC,ENTG,2025-12-31,2025,45,4530,453010,45301010,333242,3559,33,333,35,3559
137602,AXCELIS TECHNOLOGIES INC,ACLS,2025-12-31,2025,45,4530,453010,45301010,333242,3559,33,333,35,3559
137609,MAXAR TECHNOLOGIES INC,MAXR,2022-12-31,2022,20,2010,201010,20101010,334220,3663,33,334,36,3663
137641,NETWORK ENGINES INC,NEI,2011-09-30,2011,45,4520,452010,45201020,541512,7373,54,541,73,7373
137642,FILANA THERAPEUTICS INC,FLNA,2025-12-31,2025,35,3520,352020,35202010,325412,2834,32,325,28,2834
137943,ENTRAVISION COMMUNICATIONS,EVC,2025-12-31,2025,50,5020,502010,50201020,005418,7310,00,005,73,7310
138122,ARENA PHARMACEUTICALS INC,ARNA,2021-12-31,2021,35,3520,352010,35201010,325414,2836,32,325,28,2836
138126,KERYX BIOPHARMACEUTICALS INC,KERX,2017-12-31,2017,35,3520,352010,35201010,325412,2834,32,325,28,2834
138205,ILLUMINA INC,ILMN,2025-12-31,2025,35,3520,352030,35203010,334516,3826,33,334,38,3826
138466,INSPIRE PHARMACEUTICALS INC,ISPH,2010-12-31,2010,35,3520,352020,35202010,325412,2834,32,325,28,2834
138467,LANTRONIX INC,LTRX,2025-06-30,2025,45,4520,452010,45201020,334210,3576,33,334,35,3576
138501,CERAGON NETWORKS LTD,CRNT,2025-12-31,2025,45,4520,452010,45201020,334220,3663,33,334,36,3663
138601,P10 HOLDINGS INC,PIOE,2020-12-31,2020,40,4020,402030,40203010,525990,6726,52,525,67,6726
138608,MEDICINES CO (THE),MDCO,2018-12-31,2018,35,3520,352010,35201010,325412,2834,32,325,28,2834
138613,TELECOMMUNICATION SYS INC,TSYS,2014-12-31,2014,45,4510,451030,45103020,541512,7373,54,541,73,7373
138662,ISTA PHARMACEUTICALS INC,ISTA,2011-12-31,2011,35,3520,352020,35202010,325412,2834,32,325,28,2834
138707,SURGALIGN HOLDINGS INC,SRGAQ,2022-12-31,2022,35,3510,351010,35101020,339113,3842,33,339,38,3842
138743,EQUINIX INC,EQIX,2025-12-31,2025,60,6010,601080,60108050,531190,6798,53,531,67,6798
138781,COMPUGEN LTD,CGEN,2025-12-31,2025,35,3520,352010,35201010,325414,2836,32,325,28,2836
138921,AVISTAR COMMUNICATIONS CORP,AVSR,2011-12-31,2011,45,4520,452010,45201020,334210,3576,33,334,35,3576
139225,GASCO ENERGY INC,GSXN,2012-12-31,2012,10,1010,101020,10102020,211111,1311,21,211,13,1311
139665,MOODY'S CORP,MCO,2025-12-31,2025,40,4020,402030,40203040,561450,7323,56,561,73,7323
139804,TTM TECHNOLOGIES INC,TTMI,2025-12-31,2025,45,4520,452030,45203020,334412,3672,33,334,36,3672
140023,DELCATH SYSTEMS INC,DCTH,2025-12-31,2025,35,3510,351010,35101010,339112,3841,33,339,38,3841
140030,OPLINK COMMUNICATIONS INC,OPLK,2014-06-30,2014,45,4520,452010,45201020,334515,3663,33,334,36,3663
140033,GENON ENERGY INC,GEN.3,2011-12-31,2011,55,5510,551050,55105010,022111,4911,02,022,49,4911
140042,ASPIRA WOMENS HEALTH INC,AWHL,2025-12-31,2025,35,3510,351010,35101010,325413,2835,32,325,28,2835
140044,DURECT CORP,DRRX,2024-12-31,2024,35,3520,352020,35202010,325412,2834,32,325,28,2834
140045,GRUPO AEROPORTUARIO SURESTE,ASR,2025-12-31,2025,20,2030,203050,20305010,488119,4581,48,488,45,4581
140073,INTEGER HOLDINGS CORP,ITGR,2025-12-31,2025,35,3510,351010,35101010,334510,3845,33,334,38,3845
140541,TAPESTRY INC,TPR,2025-06-30,2025,25,2520,252030,25203010,316990,3100,31,316,31,3100
140672,ARALEZ PHARMACEUTICALS INC,ARLZQ,2017-12-31,2017,35,3520,352020,35202010,325412,2834,32,325,28,2834
140759,IXIA,XXIA,2016-12-31,2016,45,4520,452010,45201020,334416,3825,33,334,38,3825
140760,MONSANTO CO,MON.1,2017-08-31,2017,15,1510,151010,15101030,000111,0100,00,000,01,0100
140902,NII HOLDINGS INC,NIHD,2018-12-31,2018,50,5010,501020,50102010,517312,4812,51,517,48,4812
140905,EPL OIL & GAS INC,EPL,2013-12-31,2013,10,1010,101020,10102020,211111,1311,21,211,13,1311
141197,ARRAY BIOPHARMA INC,ARRY.1,2018-06-30,2018,35,3520,352010,35201010,325414,2836,32,325,28,2836
141277,EXACT SCIENCES CORP,EXAS,2025-12-31,2025,35,3520,352010,35201010,541714,8731,54,541,87,8731
141278,MOSYS INC,MOSY,2020-12-31,2020,45,4530,453010,45301020,334413,3674,33,334,36,3674
141359,RESOURCES CONNECTION INC,RGP,2025-05-31,2024,20,2020,202020,20202020,541611,8742,54,541,87,8742
141363,NUSTAR ENERGY LP,NS,2023-12-31,2023,10,1010,101020,10102040,486910,4610,48,486,46,4610
141389,CASCADE MICROTECH INC,CSCD,2015-12-31,2015,45,4530,453010,45301010,334515,3825,33,334,38,3825
141400,MASSEY ENERGY CO,MEE,2010-12-31,2010,10,1010,101020,10102050,212112,1220,21,212,12,1220
141459,GARMIN LTD,GRMN,2025-12-31,2025,25,2520,252010,25201010,334511,3812,33,334,38,3812
141460,SEAGEN INC,SGEN,2022-12-31,2022,35,3520,352010,35201010,325414,2836,32,325,28,2836
141496,DYNAVAX TECHNOLOGIES CORP,DVAX,2024-12-31,2024,35,3520,352010,35201010,325414,2836,32,325,28,2836
141720,ENERGY TRANSFER PARTNERS -LP,ETP,2017-12-31,2017,10,1010,101020,10102040,486210,4922,48,486,49,4922
141846,ACADIA PHARMACEUTICALS INC,ACAD,2025-12-31,2025,35,3520,352010,35201010,325414,2836,32,325,28,2836
141913,GLOBAL PAYMENTS INC,GPN,2025-12-31,2025,40,4020,402010,40201060,518210,7374,51,518,73,7374
141982,ATP OIL & GAS CORP,ATPAQ,2011-12-31,2011,10,1010,101020,10102020,211111,1311,21,211,13,1311
142248,AMERICA MOVIL SAB DE C V,AMX,2025-12-31,2025,50,5010,501020,50102010,517112,4812,51,517,48,4812
142260,OIL STATES INTL INC,OIS,2025-12-31,2025,10,1010,101010,10101020,333132,3533,33,333,35,3533
142337,NORTHERN OIL & GAS INC,NOG,2025-12-31,2025,10,1010,101020,10102020,211120,1311,21,211,13,1311
142339,GMX RESOURCES INC,GMXRQ,2012-12-31,2012,10,1010,101020,10102020,211111,1311,21,211,13,1311
142460,PEABODY ENERGY CORP,BTU,2025-12-31,2025,10,1010,101020,10102050,212114,1220,21,212,12,1220
142540,CNOOC LTD,CEO,2021-12-31,2021,10,1010,101020,10102020,211120,1311,21,211,13,1311
142811,FMC TECHNOLOGIES INC,FTI.1,2015-12-31,2015,10,1010,101010,10101020,333132,3533,33,333,35,3533
142812,SENOMYX INC,SNMX,2017-12-31,2017,15,1510,151010,15101050,311930,2080,31,311,20,2080
142814,SYNAPTICS INC,SYNA,2025-06-30,2025,45,4530,453010,45301020,334413,3674,33,334,36,3674
142933,MOUNTAINVIEW ENERGY LTD,MNVWF,2014-12-31,2014,10,1010,101020,10102020,211111,1311,21,211,13,1311
143217,ALLIANCE MEDIA HOLDINGS INC,ADTR,2018-06-30,2018,50,5020,502020,50202020,511210,7372,51,511,73,7372
143357,ACCENTURE PLC,ACN,2025-08-31,2025,45,4510,451020,45102010,541611,8742,54,541,87,8742
143689,INLAND REAL ESTATE CORP,IRC,2015-12-31,2015,40,4040,404020,40402060,531120,6798,53,531,67,6798
143710,WILLIAMS INDUSTRIAL SE G INC,WLMSQ,2022-12-31,2022,20,2010,201030,20103010,000237,1600,00,000,16,1600
143909,FENNEC PHARMACEUTICALS INC,FENC,2025-12-31,2025,35,3520,352010,35201010,325414,2836,32,325,28,2836
143974,BREAD FINANCIAL HOLDINGS INC,BFH,2025-12-31,2025,40,4020,402020,40202010,522291,6141,52,522,61,6141
144009,WILLIS TOWERS WATSON PLC,WTW,2025-12-31,2025,40,4030,403010,40301010,524210,6411,52,524,64,6411
144058,OURPETS CO,OPCO,2017-12-31,2017,25,2520,252010,25201050,326199,3089,32,326,30,3089
144066,ROCKWELL COLLINS,COL,2018-09-30,2018,20,2010,201010,20101010,336413,3728,33,336,37,3728
144115,CHIPMOS TECHNOLOGIES LTD,IMOS.1,2015-12-31,2015,45,4530,453010,45301020,334413,3674,33,334,36,3674
144435,BUNGE GLOBAL SA,BG,2025-12-31,2025,30,3020,302020,30202010,311211,2040,31,311,20,2040
144437,PDF SOLUTIONS INC,PDFS,2025-12-31,2025,45,4530,453010,45301010,513210,7370,51,513,73,7370
144496,UBS GROUP AG,UBS,2025-12-31,2025,40,4020,402030,40203030,523940,6282,52,523,62,6282
144520,AMN HEALTHCARE SERVICES INC,AMN,2025-12-31,2025,35,3510,351020,35102015,561320,7363,56,561,73,7363
144559,ZIMMER BIOMET HOLDINGS INC,ZBH,2025-12-31,2025,35,3510,351010,35101010,339113,3842,33,339,38,3842
144647,BOEING CAPITAL CORP,BA2,2012-12-31,2012,40,4020,402010,40201040,522220,6172,52,522,61,6172
144809,UNION DRILLING INC,UDRL,2011-12-31,2011,10,1010,101010,10101010,213111,1381,21,213,13,1381
145046,ELEVANCE HEALTH INC,ELV,2025-12-31,2025,35,3510,351020,35102030,524114,6324,52,524,63,6324
145049,GAMESTOP CORP,GME,2025-01-31,2024,25,2550,255040,25504020,449210,5734,44,449,57,5734
145350,CENTERPOINT ENERGY RES CORP,CNP3,2025-12-31,2025,55,5510,551020,55102010,221210,4923,22,221,49,4923
145552,CENTENE CORP,CNC,2025-12-31,2025,35,3510,351020,35102030,524114,6324,52,524,63,6324
145729,PENN VIRGINIA RES PRTNR -OLD,PVR.1,2010-12-31,2010,10,1010,101020,10102050,211111,1311,21,211,13,1311
145977,ADVANCE AUTO PARTS INC,AAP,2025-12-31,2025,25,2550,255040,25504050,441330,5531,44,441,55,5531
145979,ACCURIDE CORP,ACW,2015-12-31,2015,20,2010,201060,20106010,336390,3714,33,336,37,3714
146017,ACUITY INC,AYI,2025-08-31,2025,20,2010,201040,20104010,335132,3640,33,335,36,3640
146137,ENDEAVOUR INTERNATIONAL CORP,ENDRQ,2014-12-31,2014,10,1010,101020,10102020,211111,1311,21,211,13,1311
146140,PIEDMONT OFFICE REALTY TRUST,PDM,2025-12-31,2025,60,6010,601040,60104010,531120,6798,53,531,67,6798
146156,ALERE INC,ALR.,2016-12-31,2016,35,3510,351010,35101020,325413,2835,32,325,28,2835
146212,EL PASO NATURAL GAS CO,EP1,2025-12-31,2025,10,1010,101020,10102040,486210,4922,48,486,49,4922
146500,ALERISLIFE INC,ALR,2021-12-31,2021,35,3510,351020,35102020,623110,8051,62,623,80,8051
147208,SUNOCO LOGISTICS PARTNERS LP,SXL,2016-12-31,2016,10,1010,101020,10102040,486110,4610,48,486,46,4610
147303,GOLF ENTERTAINMENT GROUP INC,GLFE,2024-12-31,2024,25,2530,253010,25301030,007139,7990,00,007,79,7990
147305,JETBLUE AIRWAYS CORP,JBLU,2025-12-31,2025,20,2030,203020,20302010,481111,4512,48,481,45,4512
147398,TSAKOS ENERGY NAVIGATION LTD,TEN,2025-12-31,2025,10,1010,101020,10102040,483111,4412,48,483,44,4412
147453,PINNACLE AIRLINES CORP,PNCLQ,2011-12-31,2011,20,2030,203020,20302010,481111,4512,48,481,45,4512
147579,NETFLIX INC,NFLX,2025-12-31,2025,50,5020,502020,50202010,516210,7841,51,516,78,7841
147638,REGAL ENTERTAINMENT GROUP,RGC.1,2017-12-31,2017,25,2540,254010,25401030,512131,7830,51,512,78,7830
147639,REPUBLIC AIRWAYS HLDGS INC,RJETQ,2015-12-31,2015,20,2030,203020,20302010,481111,4512,48,481,45,4512
147708,CALAVO GROWERS INC,CVGW,2025-10-31,2025,30,3020,302020,30202030,424480,5140,42,424,51,5140
147868,BED BATH & BEYOND INC,BBBY,2025-12-31,2025,25,2550,255040,25504060,449110,5961,44,449,59,5961
148219,BIODELIVERY SCIENCES INTL,BDSI,2021-12-31,2021,35,3520,352020,35202010,325412,2834,32,325,28,2834
148221,GRAHAM PACKAGING CO INC,GRM,2010-12-31,2010,15,1510,151030,15103010,326199,3089,32,326,30,3089
148313,QUALITY DISTRIBUTION INC,QLTY.1,2014-12-31,2014,20,2030,203040,20304020,484230,4213,48,484,42,4213
148328,STANADYNE CORP,0118A,2013-12-31,2013,20,2010,201060,20106020,336310,3714,33,336,37,3714
148350,TRAVELCENTERS OF AMERICA INC,TA,2022-12-31,2022,25,2550,255040,25504050,457110,5500,45,457,55,5500
148390,FORMFACTOR INC,FORM,2025-12-31,2025,45,4530,453010,45301010,334515,3825,33,334,38,3825
148396,XTI AEROSPACE INC,XTIA,2025-12-31,2025,45,4510,451020,45102010,336411,3721,33,336,37,3721
148410,LEAPFROG ENTERPRISES INC,LF,2015-03-31,2014,25,2520,252020,25202010,339930,3944,33,339,39,3944
148470,RED ROBIN GOURMET BURGERS,RRGB,2025-12-31,2025,25,2530,253010,25301040,722511,5812,72,722,58,5812
148950,ENPRO INC,NPO,2025-12-31,2025,20,2010,201060,20106020,339991,3050,33,339,30,3050
149268,FREEPORT MCMRN OIL&GAS -REDH,FMOG,2014-12-31,2014,10,1010,101020,10102020,211111,1311,21,211,13,1311
149318,WYNN RESORTS LTD,WYNN,2025-12-31,2025,25,2530,253010,25301010,721120,7990,72,721,79,7990
149337,NASDAQ INC,NDAQ,2025-12-31,2025,40,4020,402030,40203040,523210,6200,52,523,62,6200
149477,QUANTUM FUEL SYS TECH WORLDW,QTWWQ,2014-12-31,2014,25,2510,251010,25101010,336310,3714,33,336,37,3714
149620,AMREIT INC,AMRE,2013-12-31,2013,40,4040,404020,40402060,531120,6798,53,531,67,6798
149683,CHINA AUTOMOTIVE SYSTEMS INC,CAAS,2025-12-31,2025,25,2510,251010,25101010,336330,3714,33,336,37,3714
149721,TRAVELZOO,TZOO,2025-12-31,2025,50,5020,502030,50203010,519290,7370,51,519,73,7370
149738,CIT GROUP INC,CIT,2020-12-31,2020,40,4010,401010,40101015,522110,6020,52,522,60,6020
149998,QUICK-MED TECHNOLOGIES INC,QMDT,2013-06-30,2013,35,3520,352030,35203010,325414,2836,32,325,28,2836
150139,DICKS SPORTING GOODS INC,DKS,2025-01-31,2024,25,2550,255040,25504040,459110,5940,45,459,59,5940
150258,HORNBECK OFFSHORE SVCS -REDH,HOS,2022-12-31,2022,10,1010,101010,10101020,488390,4400,48,488,44,4400
150277,ENLINK MIDSTREAM PARTNERS LP,ENLK,2018-12-31,2018,10,1010,101020,10102030,221210,4923,22,221,49,4923
150278,CARTER'S INC,CRI,2025-12-31,2025,25,2520,252030,25203010,000315,2300,00,000,23,2300
150477,PRA GROUP INC,PRAA,2025-12-31,2025,40,4020,402020,40202010,522299,6153,52,522,61,6153
150562,NATURAL GAS SERVICES GROUP,NGS,2025-12-31,2025,10,1010,101010,10101020,532412,7359,53,532,73,7359
150681,OCATA THERAPEUTICS INC,OCAT,2014-12-31,2014,35,3520,352010,35201010,325414,2836,32,325,28,2836
150699,CIMAREX ENERGY CO,XEC,2020-12-31,2020,10,1010,101020,10102020,002111,1311,00,002,13,1311
150837,NATURAL RESOURCE PARTNERS LP,NRP,2025-12-31,2025,10,1010,101020,10102050,523910,6795,52,523,67,6795
150937,SEAGATE TECHNOLOGY HOLDINGS,STX,2025-06-30,2025,45,4520,452020,45202030,334112,3572,33,334,35,3572
151161,OVERHILL FARMS INC,OFI,2012-09-30,2012,30,3020,302020,30202030,311412,2030,31,311,20,2030
151403,MPG OFFICE TRUST INC,MPG.3,2012-12-31,2012,40,4040,404020,40402040,531120,6798,53,531,67,6798
151576,NUVEEN MA AMT-FREE MUNI INCM,NGX,2014-05-31,2013,,,,,525990,6726,52,525,67,6726
151630,HALOZYME THERAPEUTICS INC,HALO,2025-12-31,2025,35,3520,352010,35201010,325414,2836,32,325,28,2836
151632,WARREN RESOURCES INC,WRESQ,2015-12-31,2015,10,1010,101020,10102020,211111,1311,21,211,13,1311
152149,MOLINA HEALTHCARE INC,MOH,2025-12-31,2025,35,3510,351020,35102030,524114,6324,52,524,63,6324
152809,MOD-PAC CORP,MPAC.2,2012-12-31,2012,15,1510,151030,15103020,322130,2631,32,322,26,2631
152909,ALLSPRING INCOME OPPTNY FUND,EAD,2025-04-30,2024,,,,,525990,6726,52,525,67,6726
153668,VIRGIN MEDIA INC,VMED,2012-12-31,2012,25,2540,254010,25401025,515210,4841,51,515,48,4841
154039,NETGEAR INC,NTGR,2025-12-31,2025,45,4520,452010,45201020,334210,3661,33,334,36,3661
154357,QEP RESOURCES INC,QEP,2020-12-31,2020,10,1010,101020,10102020,002111,1311,00,002,13,1311
154434,MINDSPEED TECHNOLOGIES INC,MSPD,2013-09-30,2013,45,4530,453010,45301020,334413,3674,33,334,36,3674
154605,ORAGENICS INC,OGEN,2025-12-31,2025,35,3520,352010,35201010,325414,2836,32,325,28,2836
154739,GLADSTONE COMMERCIAL CORP,GOOD,2025-12-31,2025,60,6010,601010,60101010,531120,6798,53,531,67,6798
155133,K-SEA TRANSPORTATION  -LP,KSP,2010-06-30,2010,10,1010,101020,10102040,000483,4400,00,000,44,4400
155280,AIR TRANSPORT SERVICES GROUP,ATSG,2024-12-31,2024,20,2030,203010,20301010,481112,4512,48,481,45,4512
155393,WHITING PETROLEUM CORP,WLL,2021-12-31,2021,10,1010,101020,10102020,211120,1311,21,211,13,1311
155458,GRANITE REAL ESTATE INVEST,GRTUF,2011-12-31,2011,60,6010,601025,60102510,531120,6798,53,531,67,6798
155616,CINEVERSE CORP,CNVS,2025-03-31,2024,50,5020,502020,50202010,512120,7822,51,512,78,7822
155969,CENTERPOINT ENRG HOUSTON ELE,CNP6,2025-12-31,2025,55,5510,551010,55101010,002211,4911,00,002,49,4911
155970,ONCOR ELECTRIC DELIVERY CO,TXU3,2025-12-31,2025,55,5510,551010,55101010,022112,4911,02,022,49,4911
156153,ADEIA INC,ADEA,2025-12-31,2025,45,4510,451030,45103020,513210,7372,51,513,73,7372
156155,TD SYNNEX CORP,SNX,2025-11-30,2025,45,4520,452030,45203030,423430,5045,42,423,50,5045
156614,CONN'S INC,CONNQ,2024-01-31,2023,25,2550,255040,25504020,449210,5731,44,449,57,5731
156617,ACORDA THERAPEUTICS INC,ACORQ,2023-12-31,2023,35,3520,352010,35201010,325414,2836,32,325,28,2836
156857,GTX INC,GTXI,2018-12-31,2018,35,3520,352010,35201010,325412,2834,32,325,28,2834
156861,SOMNIGROUP INTERNATIONAL INC,SGI,2025-12-31,2025,25,2520,252010,25201020,337910,2510,33,337,25,2510
157057,ASSURANT INC,AIZ,2025-12-31,2025,40,4030,403010,40301040,524126,6351,52,524,63,6351
157074,CROSSTEX ENERGY INC,XTXI,2013-12-31,2013,10,1010,101020,10102040,211111,1311,21,211,13,1311
157218,BUFFALO WILD WINGS INC,BWLD,2016-12-31,2016,25,2530,253010,25301040,722511,5812,72,722,58,5812
157373,VISTRA CORP,VST,2025-12-31,2025,55,5510,551050,55105010,002211,4911,00,002,49,4911
157415,TRW AUTOMOTIVE HOLDINGS CORP,TRW,2014-12-31,2014,25,2510,251010,25101010,336340,3714,33,336,37,3714
157493,CAPLEASE INC,LSE.1,2012-12-31,2012,40,4040,404020,40402010,531120,6798,53,531,67,6798
157635,ATHEROS COMMUNICATIONS INC,ATHR.1,2010-12-31,2010,45,4530,453010,45301020,334413,3674,33,334,36,3674
157679,SPIRIT REALTY CAPITAL INC,SRC,2022-12-31,2022,60,6010,601070,60107010,531120,6798,53,531,67,6798
157755,MARCHEX INC,MCHX,2025-12-31,2025,50,5020,502010,50201010,541890,7389,54,541,73,7389
157855,SALESFORCE INC,CRM,2025-01-31,2024,45,4510,451030,45103010,513210,7372,51,513,73,7372
157862,INTERSECTIONS INC,INTX,2017-12-31,2017,20,2020,202010,20201070,561450,7323,56,561,73,7323
157954,SANTARUS INC,SNTS,2012-12-31,2012,35,3520,352020,35202010,325412,2834,32,325,28,2834
158563,CYTOKINETICS INC,CYTK,2025-12-31,2025,35,3520,352010,35201010,325412,2834,32,325,28,2834
158743,B&G FOODS INC,BGS,2025-12-31,2025,30,3020,302020,30202030,000311,2000,00,000,20,2000
158791,PROCERA NETWORKS INC,PKT,2014-12-31,2014,45,4520,452010,45201020,334210,3576,33,334,35,3576
159194,OSAGE EXPLORATION AND DEV,OEDVQ,2014-12-31,2014,10,1010,101020,10102020,211111,1311,21,211,13,1311
160173,ARBOR REALTY TRUST INC,ABR,2025-12-31,2025,40,4020,402040,40204010,525990,6798,52,525,67,6798
160183,LIFE TIME FITNESS INC,LTM.2,2014-12-31,2014,25,2530,253010,25301030,713940,7997,71,713,79,7997
160207,STONEMOR INC,STON,2021-12-31,2021,25,2530,253020,25302020,812220,6531,81,812,65,6531
160213,GSI TECHNOLOGY INC,GSIT,2025-03-31,2024,45,4530,453010,45301020,334413,3674,33,334,36,3674
160214,SARATOGA RESOURCES INC,SARA,2021-12-31,2021,10,1010,101020,10102020,002111,1311,00,002,13,1311
160216,MULTI-FINELINE ELECTRON INC,MFLX.,2015-12-31,2015,45,4520,452030,45203020,334412,3672,33,334,36,3672
160225,MASTERCARD INC,MA,2025-12-31,2025,40,4020,402010,40201060,522320,7389,52,522,73,7389
160232,NETLOGIC MICROSYSTEMS INC,NETL.1,2011-12-31,2011,45,4530,453010,45301020,334413,3674,33,334,36,3674
160255,HOSPIRA INC,HSP,2014-12-31,2014,35,3520,352020,35202010,325412,2834,32,325,28,2834
160256,METROPCS COMMUNICATIONS INC,PCS.2,2012-12-31,2012,50,5010,501020,50102010,517212,4812,51,517,48,4812
160272,AUXILIUM PHARMA INC,AUXL,2013-12-31,2013,35,3520,352020,35202010,325412,2834,32,325,28,2834
160288,LAZARD GLOBAL TOTAL RET INCM,LGI,2025-12-31,2025,,,,,525990,6726,52,525,67,6726
160329,ALPHABET INC,GOOGL,2025-12-31,2025,50,5020,502030,50203010,518210,7370,51,518,73,7370
160340,MANNKIND CORP,MNKD,2025-12-31,2025,35,3520,352010,35201010,325414,2836,32,325,28,2836
160341,W&T OFFSHORE INC,WTI,2025-12-31,2025,10,1010,101020,10102020,211120,1311,21,211,13,1311
160367,CAREVIEW COMMUNICATIONS INC,CRVW,2025-12-31,2025,35,3510,351030,35103010,513210,7372,51,513,73,7372
160375,STEREOTAXIS INC,STXS,2025-12-31,2025,35,3510,351010,35101010,334510,3845,33,334,38,3845
160378,GRAMERCY PROPERTY TRUST,GPT.3,2017-12-31,2017,60,6010,601010,60101020,531120,6798,53,531,67,6798
160474,METALICO INC,MEA,2014-12-31,2014,20,2020,202010,20201050,331492,3341,33,331,33,3341
160479,EXTRA SPACE STORAGE INC,EXR,2025-12-31,2025,60,6010,601080,60108020,531130,6798,53,531,67,6798
160570,COMMERCIAL VEHICLE GROUP INC,CVGI,2025-12-31,2025,20,2010,201060,20106010,336390,3714,33,336,37,3714
160578,OHR PHARMACEUTICAL INC,OHRP,2018-09-30,2018,35,3520,352010,35201010,325412,2834,32,325,28,2834
160580,TPC GROUP INC,TPCG,2011-12-31,2011,15,1510,151010,15101010,325110,2860,32,325,28,2860
160598,BEACON ROOFING SUPPLY INC,BECN,2024-12-31,2024,20,2010,201070,20107010,423330,5030,42,423,50,5030
160600,SYMMETRY MEDICAL INC,SMA.2,2013-12-31,2013,35,3510,351010,35101010,339113,3842,33,339,38,3842
160621,SFL CORP LTD,SFL,2025-12-31,2025,10,1010,101020,10102040,483111,4412,48,483,44,4412
160629,XYRATEX LTD,XRTX.1,2013-11-30,2013,45,4520,452020,45202030,334112,3572,33,334,35,3572
160631,KONGZHONG CORP -ADR,KZ,2015-12-31,2015,45,4510,451030,45103010,511210,7372,51,511,73,7372
160661,POLYPORE INTERNATIONAL INC,PPO,2014-12-31,2014,20,2010,201040,20104010,339999,3990,33,339,39,3990
160668,INNOVIVA INC,INVA,2025-12-31,2025,35,3520,352020,35202010,325414,2836,32,325,28,2836
160739,LG DISPLAY CO LTD,LPL,2025-12-31,2025,45,4520,452030,45203015,334419,3679,33,334,36,3679
160770,MIRATI THERAPEUTICS INC,MRTX,2022-12-31,2022,35,3520,352010,35201010,325414,2836,32,325,28,2836
160776,SIGNATURE BANK/NY,SBNY,2022-12-31,2022,40,4010,401010,40101015,522110,6020,52,522,60,6020
160779,CENTERRA GOLD INC,CGAU,2025-12-31,2025,15,1510,151040,15104030,212220,1040,21,212,10,1040
160797,IKANOS COMMUNICATIONS INC,IKAN,2014-12-31,2014,45,4530,453010,45301020,334413,3674,33,334,36,3674
160798,LOCAL CORP,LOCM,2014-12-31,2014,50,5020,502030,50203010,519130,7370,51,519,73,7370
160809,BIO GREEN MED SOLUTION INC,BGMS,2025-12-31,2025,35,3520,352010,35201010,325414,2836,32,325,28,2836
160838,JAMES RIVER COAL CO,JRCCQ,2012-12-31,2012,10,1010,101020,10102050,212112,1220,21,212,12,1220
160902,SYNERON MEDICAL LTD,ELOS,2016-12-31,2016,35,3510,351010,35101010,334510,3845,33,334,38,3845
160912,DREAMWORKS ANIMATION SKG INC,DWA,2015-12-31,2015,25,2540,254010,25401030,512110,7812,51,512,78,7812
160913,ORMAT TECHNOLOGIES INC,ORA,2025-12-31,2025,55,5510,551050,55105020,002211,4911,00,002,49,4911
160990,CUBESMART,CUBE,2025-12-31,2025,60,6010,601080,60108020,531130,6798,53,531,67,6798
160991,DIGITAL REALTY TRUST INC,DLR,2025-12-31,2025,60,6010,601080,60108050,531120,6798,53,531,67,6798
161000,KKR FINANCIAL HOLDINGS LLC,9470B,2016-12-31,2016,40,4020,402010,40201040,523999,6799,52,523,67,6799
161013,BIOMED REALTY TRUST INC,BMR.1,2014-12-31,2014,40,4040,404020,40402040,531120,6798,53,531,67,6798
161036,MATTRESS FIRM HOLDING CORP,MFRM.1,2016-01-31,2015,25,2550,255040,25504060,442110,5712,44,442,57,5712
161056,GREAT WOLF RESORTS INC,WOLF.1,2011-12-31,2011,25,2530,253010,25301020,721110,7011,72,721,70,7011
161067,ADVANCE AMER CASH ADVANCE CT,AEA,2011-12-31,2011,40,4020,402020,40202010,522291,6141,52,522,61,6141
161069,WRIGHT INVESTORS SERVICE,IWSH,2025-12-31,2025,40,4020,402030,40203010,999990,9995,99,999,99,9995
161813,BLUELINX HOLDINGS INC,BXC,2025-12-31,2025,20,2010,201070,20107010,423310,5031,42,423,50,5031
161977,CENTRAL ENERGY PARTNERS LP,ENGY,2014-12-31,2014,10,1010,101020,10102040,424710,5171,42,424,51,5171
162160,MEDICAL PROPERTIES TRUST,MPT,2025-12-31,2025,60,6010,601050,60105010,531120,6798,53,531,67,6798
162264,NEENAH INC,NP.2,2021-12-31,2021,15,1510,151050,15105020,322121,2621,32,322,26,2621
162272,COPANO ENERGY LLC,CPNO,2012-12-31,2012,10,1010,101020,10102040,486210,4922,48,486,49,4922
162283,INTERNATIONAL COAL GROUP INC,ICO,2010-12-31,2010,10,1010,101020,10102050,212111,1221,21,212,12,1221
162329,FUSION TELECOMMUNICATIONS,FSNN.1,2017-12-31,2017,50,5010,501010,50101010,517919,4899,51,517,48,4899
162335,PRESTIGE CONSUMER HEALTHCARE,PBH,2025-03-31,2024,35,3520,352020,35202010,325412,2834,32,325,28,2834
162338,UNIVERSAL LOGISTICS HLDGS,ULH,2025-12-31,2025,20,2030,203040,20304030,004841,4210,00,004,42,4210
162346,ATLANTIC POWER CORP,AT,2020-12-31,2020,55,5510,551050,55105010,022111,4991,02,022,49,4991
162354,DOLBY LABORATORIES INC,DLB,2025-09-30,2025,45,4510,451030,45103020,533110,6794,53,533,67,6794
162387,TEEKAY LNG PARTNERS LP,TGP,2021-12-31,2021,10,1010,101020,10102040,483111,4412,48,483,44,4412
162448,ALPHA NATURAL RESOURCES INC,ANRZQ,2015-12-31,2015,10,1010,101020,10102050,002121,1220,00,002,12,1220
162449,EXLSERVICE HOLDINGS INC,EXLS,2025-12-31,2025,20,2020,202020,20202030,518210,7374,51,518,73,7374
162501,OTELCO INC,OTEL,2020-12-31,2020,50,5010,501010,50101020,517311,4813,51,517,48,4813
162559,LAZARD INC,LAZ,2025-12-31,2025,40,4020,402030,40203020,523940,6282,52,523,62,6282
162584,NTS REALTY HOLDINGS LP,NLP,2013-12-31,2013,40,4040,404030,40403020,531110,6513,53,531,65,6513
162701,NOVELIS INC,HND1,2025-03-31,2024,15,1510,151040,15104010,331315,3350,33,331,33,3350
162720,NAVIOS MARITIME HOLDINGS INC,NM,2022-12-31,2022,20,2030,203030,20303010,483111,4412,48,483,44,4412
162732,EPICEPT CORP-OLD,EPCT.1,2012-12-31,2012,35,3520,352010,35201010,325412,2834,32,325,28,2834
162733,VERIFONE SYSTEMS INC,PAY.4,2017-10-31,2017,45,4520,452030,45203010,334118,3578,33,334,35,3578
162742,FREIGHTCAR AMERICA INC,RAIL,2025-12-31,2025,20,2010,201060,20106010,336510,3743,33,336,37,3743
162809,XENOPORT INC,XNPT,2015-12-31,2015,35,3520,352020,35202010,325414,2836,32,325,28,2836
162876,CORE MARK HOLDING CO INC,CORE,2020-12-31,2020,25,2550,255010,25501010,424940,5190,42,424,51,5190
162887,DEXCOM INC,DXCM,2025-12-31,2025,35,3510,351010,35101010,334510,3845,33,334,38,3845
162894,CRESTWOOD EQUITY PARTNERS LP,CEQP,2022-12-31,2022,10,1010,101020,10102040,424720,5172,42,424,51,5172
162907,SILICON GRAPHICS INTL CORP,SGI.1,2016-06-30,2016,45,4520,452020,45202030,334111,3571,33,334,35,3571
163024,VIRTUS TOTAL RETURN FND -OLD,ZF,2019-09-30,2019,,,,,525990,6726,52,525,67,6726
163036,BUILDERS FIRSTSOURCE,BLDR,2025-12-31,2025,20,2010,201020,20102010,321992,2452,32,321,24,2452
163051,CITI TRENDS INC,CTRN,2025-01-31,2024,25,2550,255040,25504010,458110,5651,45,458,56,5651
163113,KOPPERS HOLDINGS INC,KOP,2025-12-31,2025,15,1510,151010,15101010,325194,2860,32,325,28,2860
163118,WARNER MUSIC GROUP CORP,WMG,2025-09-30,2025,50,5020,502020,50202010,512250,3652,51,512,36,3652
163124,AFFINIA GROUP INTRMDT HLDGS,0156A,2015-12-31,2015,25,2510,251010,25101010,336390,3714,33,336,37,3714
163594,TRANSMONTAIGNE PARTNERS LP,TLP,2018-12-31,2018,10,1010,101020,10102040,486910,4610,48,486,46,4610
163595,ALTO INGREDIENTS INC,ALTO,2025-12-31,2025,15,1510,151010,15101050,325193,2860,32,325,28,2860
163596,CAMBER ENERGY INC -OLD,CEI.2,2022-12-31,2022,10,1010,101020,10102020,211120,1311,21,211,13,1311
163627,DIAMOND FOODS INC,DMND,2015-07-31,2015,30,3020,302020,30202030,311919,2090,31,311,20,2090
163765,COOPER-STANDARD HOLDINGS INC,CPS,2025-12-31,2025,25,2510,251010,25101010,003363,3714,00,003,37,3714
163772,SPANSION INC,CODE,2014-12-31,2014,45,4530,453010,45301020,334413,3674,33,334,36,3674
163806,NET ELEMENT INC,NETE,2020-12-31,2020,45,4510,451030,45103010,518210,7374,51,518,73,7374
163877,PIKE CORP,PIKE,2014-06-30,2014,20,2010,201030,20103010,238210,1731,23,238,17,1731
163879,MAIDENFORM BRANDS INC,MFB,2012-12-31,2012,25,2520,252030,25203010,315231,2340,31,315,23,2340
163884,FRANKLIN STREET PROPERTIES,FSP,2025-12-31,2025,60,6010,601040,60104010,531120,6798,53,531,67,6798
163887,ORCHIDS PAPER PRODUCTS,TISUQ,2018-12-31,2018,30,3030,303010,30301010,322291,2670,32,322,26,2670
163893,MWI VETERINARY SUPPLY,MWIV,2014-09-30,2014,35,3510,351020,35102010,423450,5047,42,423,50,5047
163916,WEB.COM GROUP INC,WEB,2017-12-31,2017,45,4510,451020,45102030,519130,7370,51,519,73,7370
163921,WILLIAMS PARTNERS LP,WPZ,2017-12-31,2017,10,1010,101020,10102040,211111,1311,21,211,13,1311
163927,HITTITE MICROWAVE CORP,HITT,2013-12-31,2013,45,4530,453010,45301020,334413,3674,33,334,36,3674
163930,GENCO SHIPPING & TRADING,GNK,2025-12-31,2025,20,2030,203030,20303010,483111,4412,48,483,44,4412
163933,TRX INC,TRXI,2011-12-31,2011,45,4510,451020,45102020,518210,7374,51,518,73,7374
163935,GLOBAL PARTNERS LP,GLP,2025-12-31,2025,10,1010,101020,10102040,424710,5171,42,424,51,5171
163939,ALON USA ENERGY INC,ALJ,2016-12-31,2016,10,1010,101020,10102030,324110,2911,32,324,29,2911
163946,CF INDUSTRIES HOLDINGS INC,CF,2025-12-31,2025,15,1510,151010,15101030,325311,2870,32,325,28,2870
163963,COLUMBIA PROPERTY TRUST INC,CXP,2020-12-31,2020,60,6010,601010,60101040,531120,6798,53,531,67,6798
163977,VOLCOM INC,VLCM,2010-12-31,2010,25,2520,252030,25203010,000315,2300,00,000,23,2300
163983,TREEHOUSE FOODS INC,THS,2024-12-31,2024,30,3020,302020,30202030,003118,2050,00,003,20,2050
164046,GRAN TIERRA ENERGY INC,GTE,2025-12-31,2025,10,1010,101020,10102020,002111,1311,00,002,13,1311
164075,BRONCO DRILLING CO,BRNC,2010-12-31,2010,10,1010,101010,10101010,213111,1381,21,213,13,1381
164109,LINN ENERGY INC,LNGG.1,2017-12-31,2017,10,1010,101020,10102020,211111,1311,21,211,13,1311
164132,RETAIL PPTYS OF AMERICA INC,RPAI,2020-12-31,2020,60,6010,601010,60101070,531120,6798,53,531,67,6798
164211,SILICON MOTION TECH -ADR,SIMO,2025-12-31,2025,45,4530,453010,45301020,334413,3674,33,334,36,3674
164266,MEDIVATION INC,MDVN,2015-12-31,2015,35,3520,352010,35201010,325414,2836,32,325,28,2836
164283,FOCUS MEDIA HOLDING LTD,FMCN,2012-12-31,2012,25,2540,254010,25401010,541890,7310,54,541,73,7310
164296,WARNER BROS DISCOVERY INC,WBD,2025-12-31,2025,50,5020,502020,50202010,516210,4841,51,516,48,4841
164364,INVESTORS BANCORP INC,ISBC,2021-12-31,2021,40,4010,401010,40101015,522110,6020,52,522,60,6020
164408,BOULDER BRANDS INC,BDBD,2014-12-31,2014,30,3020,302020,30202030,311941,2090,31,311,20,2090
164411,VIRTUALSCOPICS INC,VSCP,2015-12-31,2015,35,3520,352030,35203010,511210,7372,51,511,73,7372
164416,IROBOT CORP,IRBTQ,2024-12-31,2024,25,2520,252010,25201040,339999,3990,33,339,39,3990
164432,NCI INC,NCIT,2016-12-31,2016,45,4510,451020,45102010,541512,7373,54,541,73,7373
164494,SPIRIT AEROSYSTEMS HOLDINGS,SPR,2024-12-31,2024,20,2010,201010,20101010,336413,3728,33,336,37,3728
164506,ACCO BRANDS CORP,ACCO,2025-12-31,2025,20,2020,202010,20201060,339999,3990,33,339,39,3990
164511,ADVAXIS INC-OLD,ADXS.1,2021-10-31,2021,35,3520,352010,35201010,325414,2836,32,325,28,2836
164532,BAIDU INC,BIDU,2024-12-31,2024,50,5020,502030,50203010,519290,7370,51,519,73,7370
164534,ATLAS CORP,ATCO,2022-12-31,2022,20,2030,203050,20305030,532411,7359,53,532,73,7359
164557,RBC BEARINGS INC,RBC,2025-03-31,2024,20,2010,201060,20106020,332991,3562,33,332,35,3562
164571,EMERGENCY MEDICAL SVCS CORP,EMS,2010-12-31,2010,35,3510,351020,35102015,621910,4100,62,621,41,4100
164572,AMERISAFE INC,AMSF,2025-12-31,2025,40,4030,403010,40301040,524126,6331,52,524,63,6331
164607,HERCULES OFFSHORE INC,HEROQ,2015-12-31,2015,10,1010,101010,10101010,213111,1381,21,213,13,1381
164612,NXSTAGE MEDICAL INC,NXTM,2017-12-31,2017,35,3510,351010,35101010,334510,3845,33,334,38,3845
164652,BROOKDALE SENIOR LIVING INC,BKD,2025-12-31,2025,35,3510,351020,35102020,623311,8050,62,623,80,8050
164660,CLEAR CHANNEL OUTDOOR HLDGS,CCO,2025-12-31,2025,50,5020,502010,50201010,541850,7310,54,541,73,7310
164680,KAPSTONE PAPER & PACKAGING,KS,2017-12-31,2017,15,1510,151050,15105020,322130,2631,32,322,26,2631
164746,COUNTERPATH CORP,CPAH,2020-04-30,2019,45,4510,451030,45103010,511210,7372,51,511,73,7372
164755,CROCS INC,CROX,2025-12-31,2025,25,2520,252030,25203020,316210,3021,31,316,30,3021
165051,SUNPOWER CORP,SPWRQ,2023-12-31,2023,20,2010,201040,20104010,003359,3690,00,003,36,3690
165052,UNDER ARMOUR INC,UAA,2025-03-31,2024,25,2520,252030,25203010,000315,2300,00,000,23,2300
165123,LEIDOS HOLDINGS INC,LDOS,2025-12-31,2025,20,2020,202020,20202020,541512,7373,54,541,73,7373
165164,AFFINION GROUP INC,0167A,2016-12-31,2016,25,2530,253020,25302020,561499,7389,56,561,73,7389
165179,SYNERGETICS USA INC,SURG.2,2015-07-31,2015,35,3510,351010,35101020,339112,3841,33,339,38,3841
165209,CORENERGY INFRASTRUCTURE TR,CRNG,2023-12-31,2023,60,6010,601080,60108010,531120,6798,53,531,67,6798
165215,ALAUNOS THERAPEUTICS INC,TCRT,2025-12-31,2025,35,3520,352010,35201010,325414,2836,32,325,28,2836
165264,FIDELITY NATIONAL FINANCIAL,FNF,2025-12-31,2025,40,4030,403010,40301040,524127,6361,52,524,63,6361
165358,AMERICAN RAILCAR INDS INC,ARII,2017-12-31,2017,20,2010,201060,20106010,336510,3743,33,336,37,3743
165466,DCP MIDSTREAM LP,DCP,2022-12-31,2022,10,1010,101020,10102040,211130,1311,21,211,13,1311
165534,VIMICRO INTL CORP -ADR,VIMC,2014-12-31,2014,45,4530,453010,45301020,334519,3829,33,334,38,3829
165556,CHAPARRAL ENERGY INC,CHAPQ,2019-12-31,2019,10,1010,101020,10102020,211120,1311,21,211,13,1311
165649,ENERGY TRANSFER LP,ET,2025-12-31,2025,10,1010,101020,10102040,486210,4922,48,486,49,4922
165652,WESTERN REFINING INC,WNR,2016-12-31,2016,10,1010,101020,10102030,324110,2911,32,324,29,2911
165675,VIACOM INC,VIAB,2019-09-30,2019,50,5020,502020,50202010,515120,4833,51,515,48,4833
165678,COPA HOLDINGS SA,CPA,2025-12-31,2025,20,2030,203020,20302010,481111,4512,48,481,45,4512
165680,SUNTECH POWER HOLDINGS  -ADR,STPFQ,2011-12-31,2011,45,4530,453010,45301020,334413,3674,33,334,36,3674
165702,SUSSER HOLDINGS CORP,SUSS,2013-12-31,2013,30,3010,301010,30101030,447110,5500,44,447,55,5500
165734,AVENTINE RENEWABLE ENERGY,AVRW.1,2011-12-31,2011,10,1010,101020,10102030,325193,2860,32,325,28,2860
165742,SOMAXON PHARMACEUTICALS INC,SOMX,2011-12-31,2011,35,3520,352020,35202010,325412,2834,32,325,28,2834
165746,LIVE NATION ENTERTAINMENT,LYV,2025-12-31,2025,50,5020,502020,50202010,711320,7900,71,711,79,7900
165785,AMERICAN CARESOURCE HLDGS,GNOW,2015-12-31,2015,35,3510,351020,35102015,621491,8011,62,621,80,8011
165913,EUROSEAS LTD,ESEA,2025-12-31,2025,20,2030,203030,20303010,483111,4412,48,483,44,4412
165914,CHIPOTLE MEXICAN GRILL INC,CMG,2025-12-31,2025,25,2530,253010,25301040,722513,5812,72,722,58,5812
165927,TERNIUM S A,TX,2025-12-31,2025,15,1510,151040,15104050,331110,3312,33,331,33,3312
166005,AMTRUST FINANCIAL SERVICES,AFSI,2017-12-31,2017,40,4030,403010,40301040,524126,6331,52,524,63,6331
166061,ROSETTA RESOURCES INC,ROSE.3,2014-12-31,2014,10,1010,101020,10102020,211111,1311,21,211,13,1311
166087,AIR INDUSTRIES GROUP INC,AIRI,2025-12-31,2025,20,2010,201010,20101010,336413,3728,33,336,37,3728
166213,LIQUIDITY SERVICES INC,LQDT,2025-09-30,2025,20,2020,202010,20201070,449210,5961,44,449,59,5961
166230,KRATON CORP,KRA,2021-12-31,2021,15,1510,151010,15101050,325211,2821,32,325,28,2821
166303,JAZZ TECHNOLOGIES INC,TSEM1,2014-12-31,2014,45,4530,453010,45301020,334413,3674,33,334,36,3674
166363,ALLIANCE HOLDINGS GP LP,AHGP,2017-12-31,2017,10,1010,101020,10102050,212112,1220,21,212,12,1220
166368,COMPASS DIVERSIFIED HOLDINGS,CODI,2025-12-31,2025,40,4020,402010,40201030,000335,3600,00,000,36,3600
166385,GRUPO AEROPORTUARIO DEL PACI,PAC,2025-12-31,2025,20,2030,203050,20305010,488119,4581,48,488,45,4581
166435,VANDA PHARMACEUTICALS INC,VNDA,2025-12-31,2025,35,3520,352010,35201010,325414,2836,32,325,28,2836
166443,CHINA GENGSHENG MINERALS INC,CHGS,2013-12-31,2013,15,1510,151010,15101020,327120,3290,32,327,32,3290
166458,ATLAS ENERGY GROUP LLC,ATLS,2017-12-31,2017,10,1010,101020,10102020,211111,1311,21,211,13,1311
166482,MUELLER WATER PRODUCTS INC,MWA,2025-09-30,2025,20,2010,201060,20106020,332911,3490,33,332,34,3490
166562,VONAGE HOLDINGS CORP,VG.3,2021-12-31,2021,45,4510,451030,45103010,518210,7370,51,518,73,7370
166563,DELEK US HOLDINGS INC,DK,2025-12-31,2025,10,1010,101020,10102030,324110,2911,32,324,29,2911
166593,SYNCHRONOSS TECHNOLOGIES,SNCR,2024-12-31,2024,45,4510,451030,45103010,518210,7370,51,518,73,7370
166706,CHINA GRENTECH CORP LTD -ADR,GRRF,2010-12-31,2010,45,4520,452010,45201020,334220,3663,33,334,36,3663
170360,USA COMPRESSION PRTNRS -OLD,USAC.2,2017-12-31,2017,10,1010,101010,10101020,213112,1389,21,213,13,1389
170375,SELECT INCOME REIT,SIR,2017-12-31,2017,60,6010,601010,60101040,531120,6798,53,531,67,6798
170384,GOGO INC,GOGO,2025-12-31,2025,50,5010,501020,50102010,517810,4899,51,517,48,4899
170396,CUSTOMERS BANCORP INC,CUBI,2025-12-31,2025,40,4010,401010,40101015,522110,6020,52,522,60,6020
170527,POST HOLDINGS INC,POST,2025-09-30,2025,30,3020,302020,30202030,311999,2015,31,311,20,2015
170555,GASLOG LTD,GLOG,2020-12-31,2020,10,1010,101020,10102040,483111,4412,48,483,44,4412
170615,AUDIENCE INC,ADNC,2014-12-31,2014,45,4530,453010,45301020,334413,3674,33,334,36,3674
170616,SPLUNK INC,SPLK,2024-01-31,2023,45,4510,451030,45103010,513210,7372,51,513,73,7372
170617,META PLATFORMS INC,META,2025-12-31,2025,50,5020,502030,50203010,519290,7370,51,519,73,7370
170627,MIDSTATES PETROLEUM CO INC,MPO,2018-12-31,2018,10,1010,101020,10102020,211120,1311,21,211,13,1311
170639,FORESIGHT ENERGY LP,FELPQ,2019-12-31,2019,10,1010,101020,10102050,212112,1220,21,212,12,1220
170714,EMPIRE STATE REALTY TR INC,ESRT,2025-12-31,2025,60,6010,601040,60104010,531120,6798,53,531,67,6798
170748,EQT MIDSTREAM PARTNERS LP,EQM,2019-12-31,2019,10,1010,101020,10102040,486210,4922,48,486,49,4922
170750,DIAMONDBACK ENERGY INC,FANG,2025-12-31,2025,10,1010,101020,10102020,002111,1311,00,002,13,1311
170773,ZAZA ENERGY CORP,ZAZA,2014-12-31,2014,10,1010,101020,10102020,211111,1311,21,211,13,1311
170781,TITAN ENERGY LLC,TTEN,2016-12-31,2016,10,1010,101020,10102020,211111,1311,21,211,13,1311
170841,PHILLIPS 66,PSX,2025-12-31,2025,10,1010,101020,10102030,324110,2911,32,324,29,2911
170875,ACQUITY GROUP LTD  -ADR,AQ.1,2012-12-31,2012,25,2540,254010,25401010,519130,7370,51,519,73,7370
170945,PUMA BIOTECHNOLOGY INC,PBYI,2025-12-31,2025,35,3520,352010,35201010,325414,2836,32,325,28,2836
170969,TESARO INC,TSRO,2017-12-31,2017,35,3520,352010,35201010,325414,2836,32,325,28,2836
170975,TCP INTL HOLDINGS LTD,TCPIF,2014-12-31,2014,20,2010,201040,20104010,335110,3640,33,335,36,3640
171007,SERVICENOW INC,NOW,2025-12-31,2025,45,4510,451030,45103020,513210,7372,51,513,73,7372
171067,PALO ALTO NETWORKS INC,PANW,2025-07-31,2025,45,4510,451030,45103020,518210,7370,51,518,73,7370
171137,SIGNATURE OFFICE REIT INC,SIZF,2014-12-31,2014,40,4040,404020,40402010,531120,6798,53,531,67,6798
171139,SOUTHCROSS ENERGY PRTNRS LP,SXEEQ,2018-12-31,2018,10,1010,101020,10102040,486210,4922,48,486,49,4922
171141,FIVE BELOW INC,FIVE,2025-01-31,2024,25,2550,255040,25504040,455219,5331,45,455,53,5331
171212,PACIFIC COAST OIL TRUST,ROYTL,2018-12-31,2018,10,1010,101020,10102020,002111,1311,00,002,13,1311
174077,COMMVAULT SYSTEMS INC,CVLT,2025-03-31,2024,45,4510,451030,45103020,518210,7370,51,518,73,7370
174121,ULTRAPETROL BAHAMAS LTD,ULTRF,2015-12-31,2015,20,2030,203030,20303010,999990,9995,99,999,99,9995
174134,PTC THERAPEUTICS INC,PTCT,2025-12-31,2025,35,3520,352010,35201010,325414,2836,32,325,28,2836
174136,ACHILLION PHARMACEUTICALS,ACHN.1,2018-12-31,2018,35,3520,352010,35201010,325414,2836,32,325,28,2836
174160,MICROMET INC,MITI.,2011-12-31,2011,35,3520,352010,35201010,325414,2836,32,325,28,2836
174169,BATTALION OIL CORP,BATL,2025-12-31,2025,10,1010,101020,10102020,211120,1311,21,211,13,1311
174282,ENERGY SERVICES OF AMER CORP,ESOA,2025-09-30,2025,10,1010,101010,10101020,237120,1623,23,237,16,1623
174310,KBR INC,KBR,2025-12-31,2025,20,2020,202020,20202020,054151,7370,05,054,73,7370
174312,RHINO RESOURCE PARTNERS LP,RHNO.1,2019-12-31,2019,10,1010,101020,10102050,021211,1220,02,021,12,1220
174317,RIVERBED TECHNOLOGY INC,RVBD,2014-12-31,2014,45,4520,452010,45201020,334210,3576,33,334,35,3576
174360,SEVEN HILLS REALTY TRUST,SEVN,2025-12-31,2025,40,4020,402040,40204010,525990,6798,52,525,67,6798
174389,EHEALTH INC,EHTH,2025-12-31,2025,40,4030,403010,40301010,524210,6411,52,524,64,6411
174390,LEMAITRE VASCULAR INC,LMAT,2025-12-31,2025,35,3510,351010,35101010,339112,3841,33,339,38,3841
174393,ANDALAY SOLAR INC,WEST.3,2014-12-31,2014,20,2010,201040,20104010,335999,3620,33,335,36,3620
174490,WINDSTREAM HOLDINGS INC,WINMQ,2019-12-31,2019,50,5010,501010,50101020,517311,4813,51,517,48,4813
174507,PHARMASSET INC,VRUS.1,2011-09-30,2011,35,3520,352010,35201010,325414,2836,32,325,28,2836
174531,MITEL NETWORKS CORP,MITL,2017-12-31,2017,45,4520,452010,45201020,334210,3661,33,334,36,3661
174648,OSIRIS THERAPEUTICS INC,OSIR,2018-12-31,2018,35,3520,352010,35201010,325414,2836,32,325,28,2836
174656,BREITBURN ENERGY PARTNERS LP,BBEPQ,2016-12-31,2016,10,1010,101020,10102020,211111,1311,21,211,13,1311
174700,GLOBAL SHIP LEASE INC,GSL,2025-12-31,2025,20,2030,203030,20303010,532411,4400,53,532,44,4400
174729,TRAVEL PLUS LEISURE CO,TNL,2025-12-31,2025,25,2530,253010,25301020,531390,6531,53,531,65,6531
174876,SIRONA DENTAL SYSTEMS INC,SIRO,2015-09-30,2015,35,3510,351010,35101020,339114,3843,33,339,38,3843
174926,NEXPOINT DIVERSIFIED RE TS,NXDT,2025-12-31,2025,60,6010,601010,60101010,531190,6798,53,531,67,6798
175004,ORBCOMM INC,ORBC,2020-12-31,2020,50,5010,501010,50101010,517410,4899,51,517,48,4899
175006,HARVEST OIL & GAS CORP,HRST,2022-12-31,2022,10,1010,101020,10102020,211130,1311,21,211,13,1311
175064,SYNERGY PHARMACEUTICALS INC,SGYPQ,2017-12-31,2017,35,3520,352010,35201010,325414,2836,32,325,28,2836
175087,METALS USA HOLDINGS CORP,MUSA.2,2012-12-31,2012,15,1510,151040,15104050,423510,5051,42,423,50,5051
175110,AIRCASTLE LTD,AYR,2019-12-31,2019,20,2010,201070,20107010,532411,7359,53,532,73,7359
175111,ACME PACKET INC,APKT,2012-12-31,2012,45,4520,452010,45201020,334210,3576,33,334,35,3576
175157,EAGLE ROCK ENERGY PARTNRS LP,EROC.1,2014-12-31,2014,10,1010,101020,10102020,211111,1311,21,211,13,1311
175163,WARNER CHILCOTT PLC,WCRX,2012-12-31,2012,35,3520,352020,35202010,325412,2834,32,325,28,2834
175264,WNS (HOLDINGS) LIMITED,WNS,2025-03-31,2024,20,2020,202020,20202030,518210,7374,51,518,73,7374
175269,CELSIUS HOLDINGS INC,CELH,2025-12-31,2025,30,3020,302010,30201030,312111,2086,31,312,20,2086
175271,EVOLVE TRANSITION INFRAST LP,SNMP,2022-12-31,2022,10,1010,101020,10102040,000486,4610,00,000,46,4610
175307,DOUGLAS EMMETT INC,DEI,2025-12-31,2025,60,6010,601040,60104010,531120,6798,53,531,67,6798
175308,SUCAMPO PHARMACEUTICALS INC,SCMP,2016-12-31,2016,35,3520,352020,35202010,325412,2834,32,325,28,2834
175319,HANESBRANDS INC,HBI,2024-12-31,2024,25,2520,252030,25203010,000315,2300,00,000,23,2300
175404,FIRST SOLAR INC,FSLR,2025-12-31,2025,45,4530,453010,45301020,334413,3674,33,334,36,3674
175483,CADENCE PHARMACEUTICALS INC,CADX,2013-12-31,2013,35,3520,352020,35202010,325414,2836,32,325,28,2836
175510,PVR PARTNERS LP,PVR,2013-12-31,2013,10,1010,101020,10102040,211111,1311,21,211,13,1311
175523,GLOBALSTAR INC,GSAT,2025-12-31,2025,50,5010,501010,50101010,517410,4899,51,517,48,4899
175533,INFINITY PHARMACEUTICALS INC,INFIQ,2022-12-31,2022,35,3520,352010,35201010,325412,2834,32,325,28,2834
175606,DANAOS CORPORATION,DAC,2025-12-31,2025,20,2030,203030,20303010,483111,4412,48,483,44,4412
175654,WILLDAN GROUP INC,WLDN,2025-12-31,2025,20,2020,202020,20202020,541330,8711,54,541,87,8711
175689,ARMSTRONG WORLD INDUSTRIES,AWI,2025-12-31,2025,20,2010,201020,20102010,327993,3290,32,327,32,3290
175739,SUPERMEDIA INC,SPMD.2,2012-12-31,2012,25,2540,254010,25401040,511140,2741,51,511,27,2741
175900,SALLY BEAUTY HOLDINGS INC,SBH,2025-09-30,2025,25,2550,255040,25504040,456120,5990,45,456,59,5990
175955,IPG PHOTONICS CORP,IPGP,2025-12-31,2025,45,4520,452030,45203020,334413,3674,33,334,36,3674
175983,PHYSICIANS FORMULA HOLDINGS,FACE,2011-12-31,2011,30,3030,303020,30302010,325620,2844,32,325,28,2844
176017,ATHERSYS INC,ATHXQ,2022-12-31,2022,35,3520,352010,35201010,325414,2836,32,325,28,2836
176035,NETLIST INC,NLST,2025-12-31,2025,45,4520,452030,45203020,334413,3674,33,334,36,3674
176070,VENOCO INC,VQ,2011-12-31,2011,10,1010,101020,10102020,211111,1311,21,211,13,1311
176083,AEROGROW INTERNATIONAL INC,AERO.2,2020-03-31,2019,25,2520,252010,25201050,339999,3990,33,339,39,3990
176092,AERCAP HOLDINGS NV,AER,2025-12-31,2025,20,2010,201070,20107010,532411,7359,53,532,73,7359
176118,WIRELESS RONIN TECHNLGS -OLD,RNIN.1,2013-12-31,2013,45,4520,452030,45203010,541512,7373,54,541,73,7373
176152,GRUPO AEROPORTUARIO DEL CENT,OMAB,2025-12-31,2025,20,2030,203050,20305010,488111,4581,48,488,45,4581
176234,CATCHMARK TIMBER TRUST,CTT,2021-12-31,2021,60,6010,601010,60101080,531190,6798,53,531,67,6798
176237,AFFYMAX INC,AFFY,2013-12-31,2013,35,3520,352010,35201010,999990,9995,99,999,99,9995
176238,CAL DIVE INTERNATIONAL INC,CDVIQ,2013-12-31,2013,10,1010,101010,10101020,213112,1389,21,213,13,1389
176259,TEEKAY OFFSHORE PARTNERS LP,TOO,2019-12-31,2019,10,1010,101020,10102040,483111,4412,48,483,44,4412
176261,TRINA SOLAR CO LTD,TSL.1,2015-12-31,2015,45,4530,453010,45301020,334413,3674,33,334,36,3674
176268,DCT INDUSTRIAL TRUST INC,DCT.1,2017-12-31,2017,60,6010,601010,60101020,531120,6798,53,531,67,6798
176282,SPECTRA ENERGY CORP,SE.7,2016-12-31,2016,10,1010,101020,10102040,221210,4923,22,221,49,4923
176289,COMVERGE INC,COMV,2011-12-31,2011,45,4520,452030,45203010,334512,3822,33,334,38,3822
176291,SKILLED HEALTHCARE GROUP INC,SKH,2014-12-31,2014,35,3510,351020,35102020,623311,8051,62,623,80,8051
176305,HANWHA Q CELLS CO LTD,HQCL,2017-12-31,2017,45,4530,453010,45301020,334413,3674,33,334,36,3674
176363,MELLANOX TECHNOLOGIES LTD,MLNX,2019-12-31,2019,45,4530,453010,45301020,334413,3674,33,334,36,3674
176404,TIME WARNER CABLE INC,TWC,2015-12-31,2015,25,2540,254010,25401025,515210,4841,51,515,48,4841
176554,JAMMIN JAVA CORP,JAMN,2016-01-31,2015,30,3020,302020,30202030,311920,2090,31,311,20,2090
176556,SOURCEFIRE INC,FIRE,2012-12-31,2012,45,4510,451030,45103020,541512,7373,54,541,73,7373
176558,OPNEXT INC,OPXT,2012-03-31,2011,45,4520,452010,45201020,334413,3674,33,334,36,3674
176567,SUPER MICRO COMPUTER INC,SMCI,2025-06-30,2025,45,4520,452020,45202030,334111,3570,33,334,35,3570
176592,HFF INC,HF.3,2018-12-31,2018,60,6010,601020,60102040,522310,6163,52,522,61,6163
176594,OPTIMER PHARMACEUTICALS INC,OPTR,2012-12-31,2012,35,3520,352020,35202010,325412,2834,32,325,28,2834
176637,CYS INVESTMENTS INC,CYS,2017-12-31,2017,40,4020,402040,40204010,525990,6798,52,525,67,6798
176659,TARGA RESOURCES PARTNERS LP,NGLS,2015-12-31,2015,10,1010,101020,10102040,486210,4922,48,486,49,4922
176661,JA SOLAR HOLDINGS CO LTD,JASO,2017-12-31,2017,45,4530,453010,45301020,334413,3674,33,334,36,3674
176733,ROYAL ENERGY RESOURCES INC,ROYE,2018-12-31,2018,10,1010,101020,10102050,212111,1221,21,212,12,1221
176760,DOMTAR CORP,UFS,2020-12-31,2020,15,1510,151050,15105020,322121,2621,32,322,26,2621
176781,ARUBA NETWORKS INC,ARUN,2014-07-31,2014,45,4520,452010,45201020,334210,3576,33,334,35,3576
176782,GLU MOBILE INC,GLUU,2020-12-31,2020,50,5020,502020,50202020,511210,7372,51,511,73,7372
176840,RING ENERGY INC,REI,2025-12-31,2025,10,1010,101020,10102020,002111,1311,00,002,13,1311
176863,BIGBAND NETWORKS INC,BBND,2010-12-31,2010,45,4520,452010,45201020,541512,7373,54,541,73,7373
176874,SUMMER INFANT INC,SUMR,2021-12-31,2021,30,3030,303020,30302010,339999,3990,33,339,39,3990
176899,SANDRIDGE ENERGY INC,SD,2025-12-31,2025,10,1010,101020,10102020,211120,1311,21,211,13,1311
176954,INDIEPUB ENTERTAINMENT INC,IPUB,2011-12-31,2011,50,5020,502020,50202020,511210,7372,51,511,73,7372
176999,SARATOGA INVESTMENT CORP,SAR,2025-02-28,2024,40,4020,402030,40203010,523910,6797,52,523,67,6797
177009,FIRST BANK,FRBA,2025-12-31,2025,40,4010,401010,40101015,522110,6020,52,522,60,6020
177099,MONOTYPE IMAGING HOLDINGS,TYPE,2018-12-31,2018,45,4510,451030,45103010,511210,7372,51,511,73,7372
177108,CINEMARK HOLDINGS INC,CNK,2025-12-31,2025,50,5020,502020,50202010,512131,7830,51,512,78,7830
177124,CRESTWOOD MIDSTREAM PTNRS LP,CMLP,2014-12-31,2014,10,1010,101020,10102040,486210,4922,48,486,49,4922
177222,DRAGONWAVE INC,DRWIQ,2017-02-28,2016,45,4520,452010,45201020,334220,3663,33,334,36,3663
177225,CAVIUM INC,CAVM,2017-12-31,2017,45,4530,453010,45301020,334210,3576,33,334,35,3576
177227,INSULET CORP,PODD,2025-12-31,2025,35,3510,351010,35101010,334510,3845,33,334,38,3845
177228,STABLECOIN DEVELOPMENT CORP,SDEV,2025-12-31,2025,35,3520,352020,35202010,325412,2834,32,325,28,2834
177257,INFINERA CORP,INFN,2024-12-31,2024,45,4520,452010,45201020,334210,3661,33,334,36,3661
177264,COVIDIEN PLC,COV,2014-09-30,2014,35,3510,351010,35101010,334510,3845,33,334,38,3845
177287,JAZZ PHARMACEUTICALS PLC,JAZZ,2025-12-31,2025,35,3520,352020,35202010,325412,2834,32,325,28,2834
177303,NORANDA ALUMINUM HOLDING CP,NORNQ,2015-12-31,2015,15,1510,151040,15104010,331313,3334,33,331,33,3334
177315,EDGIO INC,EGIOQ,2022-12-31,2022,45,4510,451020,45102030,517111,7370,51,517,73,7370
177367,NIAGEN BIOSCIENCE INC,NAGE,2025-12-31,2025,30,3030,303020,30302010,325411,2833,32,325,28,2833
177465,DEER CONSUMER PRODUCTS INC,DEER,2011-12-31,2011,25,2520,252010,25201040,335210,3634,33,335,36,3634
177486,LDK SOLAR CO LTD,LDKYQ,2014-12-31,2014,45,4530,453010,45301020,334413,3674,33,334,36,3674
177487,VANTAGE DRILLING CO,VTGDF,2014-12-31,2014,10,1010,101010,10101010,213111,1381,21,213,13,1381
177629,YINGLI GREEN ENERGY HLDGS CO,YGEHY,2018-12-31,2018,45,4530,453010,45301020,334413,3674,33,334,36,3674
177637,AMC ENTERTAINMENT HOLDINGS,AMC,2025-12-31,2025,50,5020,502020,50202010,512131,7830,51,512,78,7830
177650,AUTHENTEC INC,AUTH.1,2011-12-31,2011,45,4530,453010,45301020,334413,3674,33,334,36,3674
177697,BOISE INC,BZ.1,2012-12-31,2012,15,1510,151030,15103020,322122,2621,32,322,26,2621
177739,SPECTRA ENERGY PARTNERS LP,SEP,2017-12-31,2017,10,1010,101020,10102040,486210,4922,48,486,49,4922
177744,PROS HOLDINGS INC,PRO,2024-12-31,2024,45,4510,451030,45103010,518210,7370,51,518,73,7370
177780,COMSCORE INC,SCOR,2025-12-31,2025,50,5020,502010,50201010,541613,8742,54,541,87,8742
177872,SOUNDBITE COMMUNICATIONS INC,SDBT,2012-12-31,2012,45,4510,451010,45101010,517919,4899,51,517,48,4899
177881,MASIMO CORP,MASI,2025-12-31,2025,35,3510,351010,35101010,334510,3845,33,334,38,3845
177884,CONCHO RESOURCES INC,CXO,2019-12-31,2019,10,1010,101020,10102020,002111,1311,00,002,13,1311
177895,GT ADVANCED TECHNOLOGIES INC,GTATQ,2013-12-31,2013,45,4530,453010,45301010,334413,3674,33,334,36,3674
177924,PHARMERICA CORP,PMC,2016-12-31,2016,35,3510,351020,35102010,424210,5122,42,424,51,5122
177925,WABCO HOLDINGS INC,WBC,2019-12-31,2019,20,2010,201060,20106010,336340,3714,33,336,37,3714
177943,DHI GROUP INC,DHX,2025-12-31,2025,50,5020,502030,50203010,518210,7370,51,518,73,7370
177945,BLUEKNIGHT ENERGY PRTNRS LP,BKEP,2021-12-31,2021,10,1010,101020,10102040,424710,5171,42,424,51,5171
177953,ORBITZ WORLDWIDE INC,OWW,2014-12-31,2014,25,2550,255020,25502020,561510,4700,56,561,47,4700
177966,ALLISON TRANSMISSION HLDGS,ALSN,2025-12-31,2025,20,2010,201060,20106010,336350,3714,33,336,37,3714
177975,ZAGG INC,ZAGG,2019-12-31,2019,25,2520,252010,25201010,327215,3231,32,327,32,3231
177982,DOLAN CO,DOLNQ,2012-12-31,2012,20,2020,202020,20202020,541199,7389,54,541,73,7389
178015,LULULEMON ATHLETICA INC,LULU,2025-01-31,2024,25,2520,252030,25203010,000315,2300,00,000,23,2300
178081,MERCADOLIBRE INC,MELI,2025-12-31,2025,25,2550,255030,25503030,455219,5960,45,455,59,5960
178083,VMWARE INC -CL A,VMW,2023-01-31,2022,45,4510,451030,45103020,541512,7373,54,541,73,7373
178084,COSAN LTD,CZZ,2019-12-31,2019,10,1010,101020,10102030,424720,5172,42,424,51,5172
178106,WUXI PHARMATECH (CAYMAN)-ADR,WX,2014-12-31,2014,35,3520,352030,35203010,541711,8731,54,541,87,8731
178153,NEONODE INC,NEON,2025-12-31,2025,45,4520,452030,45203020,334220,3663,33,334,36,3663
178201,VITAMIN SHOPPE INC,VSI,2018-12-31,2018,25,2550,255040,25504040,446191,5400,44,446,54,5400
178266,VERSO PAPER HOLDINGS LLC,VRS1,2015-12-31,2015,15,1510,151050,15105020,322121,2621,32,322,26,2621
178310,TERADATA CORP,TDC,2025-12-31,2025,45,4510,451030,45103020,518210,7370,51,518,73,7370
178319,ENCORE ENERGY PARTNERS LP,ENP,2010-12-31,2010,10,1010,101020,10102020,211111,1311,21,211,13,1311
178494,REMARK HOLDINGS INC,MARK,2023-12-31,2023,45,4510,451030,45103010,513210,7372,51,513,73,7372
178507,MSCI INC,MSCI,2025-12-31,2025,40,4020,402030,40203040,523940,6282,52,523,62,6282
178519,LPL FINANCIAL HOLDINGS INC,LPLA,2025-12-31,2025,40,4020,402030,40203020,523150,6211,52,523,62,6211
178529,MAIN STREET CAPITAL CORP,MAIN,2025-12-31,2025,40,4020,402030,40203010,523910,6797,52,523,67,6797
178538,ZEP INC,ZEP,2014-08-31,2014,15,1510,151010,15101050,325612,2842,32,325,28,2842
178539,RETAIL OPPORTUNITY INVTS CP,ROIC,2023-12-31,2023,60,6010,601070,60107010,531120,6798,53,531,67,6798
178540,AFFINION GROUP HOLDINGS INC,AFGR,2018-12-31,2018,25,2540,254010,25401010,561499,7389,56,561,73,7389
178610,DUPONT FABROS TECHNOLOGY INC,DFT,2016-12-31,2016,60,6010,601010,60101080,531120,6798,53,531,67,6798
178644,TECHPRECISION CORP,TPCS,2025-03-31,2024,20,2010,201060,20106020,332999,3490,33,332,34,3490
178672,CVR ENERGY INC,CVI,2025-12-31,2025,10,1010,101020,10102030,324110,2911,32,324,29,2911
178684,GRIZZLY ENERGY LLC,GRZZU,2018-12-31,2018,10,1010,101020,10102020,211130,1311,21,211,13,1311
178698,AAC HOLDINGS INC,AACH,2018-12-31,2018,35,3510,351020,35102020,622210,8060,62,622,80,8060
178704,ULTA BEAUTY INC,ULTA,2025-01-31,2024,25,2550,255040,25504040,456120,5990,45,456,59,5990
178752,NANOSPHERE INC,NSPH,2015-12-31,2015,35,3520,352010,35201010,325413,2835,32,325,28,2835
178767,INTELIQUENT INC,IQNT,2015-12-31,2015,50,5010,501010,50101010,517919,4899,51,517,48,4899
178798,APPROACH RESOURCES INC,AREXQ,2018-12-31,2018,10,1010,101020,10102020,211120,1311,21,211,13,1311
178803,ENSIGN GROUP INC,ENSG,2025-12-31,2025,35,3510,351020,35102020,623110,8051,62,623,80,8051
178851,NUVERRA ENVIRONMENTAL SOLUTN,NES,2020-12-31,2020,10,1010,101010,10101020,213112,1389,21,213,13,1389
178862,CHIMERA INVESTMENT CORP,CIM,2025-12-31,2025,40,4020,402040,40204010,525990,6798,52,525,67,6798
178863,EL PASO PIPELINE PARTNERS LP,EPB,2013-12-31,2013,10,1010,101020,10102040,486210,4922,48,486,49,4922
178865,RUBICON TECHNOLOGY INC,RBCN,2022-12-31,2022,45,4530,453010,45301010,334413,3674,33,334,36,3674
178877,NAVIOS MARITIME PARTNERS LP,NMM,2025-12-31,2025,20,2030,203030,20303010,483111,4412,48,483,44,4412
178921,GASTAR EXPLORATION INC,GSTCQ,2017-12-31,2017,10,1010,101020,10102020,000211,1311,00,000,13,1311
178943,ENTROPIC COMMUNICATIONS INC,ENTR.1,2014-12-31,2014,45,4530,453010,45301020,334413,3674,33,334,36,3674
178976,STRIDE INC,LRN,2025-06-30,2025,25,2530,253020,25302010,611110,8200,61,611,82,8200
179027,MEDASSETS INC,MDAS,2014-12-31,2014,35,3510,351030,35103010,511210,7372,51,511,73,7372
179058,ORION ENERGY SYSTEMS INC,OESX,2025-03-31,2024,20,2010,201040,20104010,335132,3640,33,335,36,3640
179077,FORESTAR GROUP INC,FOR,2025-09-30,2025,60,6020,602010,60201030,237210,6552,23,237,65,6552
179082,MEMSIC INC,MEMS.1,2012-12-31,2012,45,4530,453010,45301010,334413,3674,33,334,36,3674
179084,NETSUITE INC,N,2015-12-31,2015,45,4510,451030,45103020,541512,7373,54,541,73,7373
179087,TEEKAY TANKERS LTD,TNK,2025-12-31,2025,10,1010,101020,10102040,483111,4412,48,483,44,4412
179177,JUHL ENERGY INC,JUHLD,2014-12-31,2014,55,5510,551050,55105020,541330,8711,54,541,87,8711
179184,HIGH WIRE NETWORKS INC,HWNI,2024-12-31,2024,45,4510,451030,45103020,541512,7373,54,541,73,7373
179202,ECHOSTAR CORP,SATS,2025-12-31,2025,50,5020,502010,50201030,517410,4899,51,517,48,4899
179417,REAL GOODS SOLAR INC,RGSEQ,2018-12-31,2018,20,2010,201040,20104010,335999,3690,33,335,36,3690
179428,DARA BIOSCIENCES INC,DARA,2014-12-31,2014,35,3520,352010,35201010,325414,2836,32,325,28,2836
179438,ANACOR PHARMACEUTICALS INC,ANAC.1,2015-12-31,2015,35,3520,352010,35201010,325414,2836,32,325,28,2836
179534,VISA INC,V,2025-09-30,2025,40,4020,402010,40201060,522320,6099,52,522,60,6099
179583,FABRINET,FN,2025-06-30,2025,45,4520,452030,45203020,003344,3670,00,003,36,3670
179598,CELLDEX THERAPEUTICS INC,CLDX,2025-12-31,2025,35,3520,352010,35201010,325414,2836,32,325,28,2836
179648,MEDIAMIND TECHNOLOGIES INC,MDMD,2010-12-31,2010,45,4510,451010,45101010,519130,7370,51,519,73,7370
179657,HILLENBRAND INC,HI,2025-09-30,2025,20,2010,201060,20106020,003339,3530,00,003,35,3530
179686,ZOGENIX INC,ZGNX,2021-12-31,2021,35,3520,352020,35202010,325412,2834,32,325,28,2834
179700,DR PEPPER SNAPPLE GROUP INC,DPS,2017-12-31,2017,30,3020,302010,30201030,312111,2086,31,312,20,2086
179731,INSYS THERAPEUTICS INC,INSYQ,2018-12-31,2018,35,3520,352010,35201010,325412,2834,32,325,28,2834
179739,PIONEER SOUTHWEST ENERGY -LP,PSE.3,2012-12-31,2012,10,1010,101020,10102020,211111,1311,21,211,13,1311
179782,RESOLUTE ENERGY CORP,REN,2017-12-31,2017,10,1010,101020,10102020,211111,1311,21,211,13,1311
179817,VERSO CORP,VRS,2021-12-31,2021,15,1510,151050,15105020,322121,2621,32,322,26,2621
179831,WESTERN GAS PARTNERS LP,WES.3,2018-12-31,2018,10,1010,101020,10102040,002111,1311,00,002,13,1311
179834,CAREDX INC,CDNA,2025-12-31,2025,35,3520,352010,35201010,325413,2835,32,325,28,2835
179841,CODEXIS INC,CDXS,2025-12-31,2025,35,3520,352030,35203010,325414,2836,32,325,28,2836
179843,INTREPID POTASH INC,IPI,2025-12-31,2025,15,1510,151010,15101030,212390,1400,21,212,14,1400
179925,RACKSPACE HOSTING INC,RAX,2015-12-31,2015,45,4510,451010,45101010,519130,7370,51,519,73,7370
179957,ECHO GLOBAL LOGISTICS INC,ECHO,2020-12-31,2020,20,2030,203010,20301010,541614,4731,54,541,47,4731
180145,FORBES ENERGY SERVICES LTD,FLSS,2019-12-31,2019,10,1010,101010,10101020,213112,1389,21,213,13,1389
180363,ALIMERA SCIENCES INC,ALIM,2023-12-31,2023,35,3520,352020,35202010,325412,2834,32,325,28,2834
180405,ACTIVISION BLIZZARD INC,ATVI,2022-12-31,2022,50,5020,502020,50202020,511210,7372,51,511,73,7372
180423,LENDINGTREE INC,TREE,2025-12-31,2025,40,4020,402020,40202010,522310,6163,52,522,61,6163
180562,ROADRUNNER TRANS SYSTEMS INC,RRTS,2019-12-31,2019,20,2030,203040,20304030,541614,4731,54,541,47,4731
180597,STR HOLDINGS INC,STRI,2018-12-31,2018,45,4530,453010,45301010,334413,3674,33,334,36,3674
180711,BROADCOM INC,AVGO,2025-10-31,2025,45,4530,453010,45301020,334413,3674,33,334,36,3674
180822,MASTECH DIGITAL INC,MHH,2025-12-31,2025,20,2020,202020,20202010,561311,7361,56,561,73,7361
180866,MYOS RENS TECHNOLOGY INC,MYOS,2020-12-31,2020,30,3030,303020,30302010,325412,2834,32,325,28,2834
181290,DIGIMARC CORP,DMRC,2025-12-31,2025,45,4510,451030,45103010,518210,7370,51,518,73,7370
181617,CORNERSTONE THERAPEUTICS INC,CRTX.1,2012-12-31,2012,35,3520,352020,35202010,325412,2834,32,325,28,2834
181745,CSI COMPRESSCO LP,CCLP,2023-12-31,2023,10,1010,101010,10101020,213112,1382,21,213,13,1382
181794,BIOSTAR PHARMACEUTICALS INC,BSPM,2016-12-31,2016,35,3520,352020,35202010,325412,2834,32,325,28,2834
181904,CLEARWIRE CORP,CLWR,2012-12-31,2012,50,5010,501020,50102010,517919,4899,51,517,48,4899
181931,CLEARWATER PAPER CORP,CLW,2025-12-31,2025,15,1510,151050,15105020,322130,2631,32,322,26,2631
181989,U S SILICA HOLDINGS INC,SLCA,2023-12-31,2023,10,1010,101010,10101020,212322,1400,21,212,14,1400
182012,GIGPEAK INC,GIG.2,2016-12-31,2016,45,4530,453010,45301020,334413,3674,33,334,36,3674
182308,MEDIDATA SOLUTIONS INC,MDSO,2018-12-31,2018,35,3510,351030,35103010,519130,7370,51,519,73,7370
182701,OFFICE PROPERTIES INCOME TR,OPITQ,2024-12-31,2024,60,6010,601040,60104010,531120,6798,53,531,67,6798
182826,DMK PHARMACEUTICALS CORP,DMKPQ,2022-12-31,2022,35,3520,352020,35202010,325412,2834,32,325,28,2834
182986,OPTEX SYSTEMS HOLDINGS INC,OPXS,2025-09-30,2025,20,2010,201010,20101010,333310,3827,33,333,38,3827
183144,ENERJEX RESOURCES INC,ENRJ,2017-12-31,2017,10,1010,101020,10102020,211111,1311,21,211,13,1311
183257,CAREFUSION CORP,CFN,2014-06-30,2014,35,3510,351010,35101010,339112,3841,33,339,38,3841
183283,ADDUS HOMECARE CORP,ADUS,2025-12-31,2025,35,3510,351020,35102015,621610,8082,62,621,80,8082
183312,ALTISOURCE PORTFOLIO SOLTNS,ASPS,2025-12-31,2025,60,6020,602010,60201040,531320,6531,53,531,65,6531
183322,THERAPEUTICSMD INC,TXMD,2025-12-31,2025,35,3520,352020,35202010,325412,2834,32,325,28,2834
183366,HYATT HOTELS CORP,H,2025-12-31,2025,25,2530,253010,25301020,721110,7011,72,721,70,7011
183377,FORTINET INC,FTNT,2025-12-31,2025,45,4510,451030,45103020,513210,7372,51,513,73,7372
183524,KARTOON STUDIOS INC,TOON,2025-12-31,2025,50,5020,502020,50202010,512110,7812,51,512,78,7812
183565,IDW MEDIA HOLDINGS INC,IDWM,2025-10-31,2025,50,5020,502010,50201040,511120,2721,51,511,27,2721
183593,OMEROS CORP,OMER,2025-12-31,2025,35,3520,352020,35202010,325414,2836,32,325,28,2836
183602,SORRENTO THERAPEUTICS INC,SRNE,2022-12-31,2022,35,3520,352010,35201010,325414,2836,32,325,28,2836
183603,DIGITALBRIDGE GROUP INC,DBRG,2025-12-31,2025,40,4020,402030,40203010,523940,6282,52,523,62,6282
183640,IRIDIUM COMMUNICATIONS INC,IRDM,2025-12-31,2025,50,5010,501010,50101010,517410,4899,51,517,48,4899
183666,FIEE INC,FIEE,2025-12-31,2025,45,4520,452010,45201020,334210,3661,33,334,36,3661
183684,TEAM HEALTH HOLDINGS INC,TMH.1,2015-12-31,2015,35,3510,351020,35102015,561312,7361,56,561,73,7361
183739,INTELLIPHARMACEUTICS INTL,IPCIQ,2022-11-30,2022,35,3520,352020,35202010,325412,2834,32,325,28,2834
183791,CENOVUS ENERGY INC,CVE,2009-12-31,2009,10,1010,101020,10102010,324110,2911,32,324,29,2911
183833,TERRENO REALTY CORP,TRNO,2025-12-31,2025,60,6010,601025,60102510,531120,6798,53,531,67,6798
183903,CALIX INC,CALX,2025-12-31,2025,45,4520,452010,45201020,334210,3661,33,334,36,3661
183920,AOL INC,AOL,2014-12-31,2014,45,4510,451010,45101010,519130,7370,51,519,73,7370
183942,SENSATA TECHNOLOGES HLDG PLC,ST,2025-12-31,2025,20,2010,201040,20104010,334513,3823,33,334,38,3823
184006,ENERGY XXI GULF COAST INC,EGC,2017-12-31,2017,10,1010,101020,10102020,211111,1311,21,211,13,1311
184009,FINANCIAL ENGINES INC,FNGN,2017-12-31,2017,40,4020,402030,40203010,523920,6282,52,523,62,6282
184046,AVEO PHARMACEUTICALS INC,AVEO,2021-12-31,2021,35,3520,352010,35201010,325414,2836,32,325,28,2836
184057,MERU NETWORKS INC,MERU,2014-12-31,2014,45,4520,452010,45201020,334210,3661,33,334,36,3661
184101,TELENAV INC,TNAV,2020-06-30,2020,45,4510,451030,45103010,517919,4899,51,517,48,4899
184133,PIONEER POWER SOLUTIONS INC,PPSI,2025-12-31,2025,20,2010,201040,20104020,335311,3612,33,335,36,3612
184155,DAQO NEW ENERGY CORP,DQ,2025-12-31,2025,45,4530,453010,45301010,334413,3674,33,334,36,3674
184157,MSG NETWORKS INC,MSGN,2020-06-30,2020,50,5020,502010,50201030,515210,4841,51,515,48,4841
184182,JINKOSOLAR HOLDING CO,JKS,2025-12-31,2025,45,4530,453010,45301020,334413,3674,33,334,36,3674
184222,FEDERATED ENHANCED TREAS FD,FTT,2014-12-31,2014,,,,,999990,6726,99,999,67,6726
184237,GREEN HYGIENICS HOLDINGS INC,GRYN,2021-07-31,2021,35,3520,352020,35202010,236220,1540,23,236,15,1540
184241,UNITEK GLOBAL SERVICES INC,UNTKQ,2013-12-31,2013,20,2010,201030,20103010,238290,1700,23,238,17,1700
184254,APOLLO GLOBAL MGMT INC,APO,2025-12-31,2025,40,4020,402010,40201020,523940,6282,52,523,62,6282
184256,IRONWOOD PHARMACEUTICALS INC,IRWD,2025-12-31,2025,35,3520,352010,35201010,325412,2834,32,325,28,2834
184263,QUINSTREET INC,QNST,2025-06-30,2025,50,5020,502030,50203010,005418,7310,00,005,73,7310
184323,EXPRESS INC,EXPRQ,2024-01-31,2023,25,2550,255040,25504010,004581,5600,00,004,56,5600
184378,MUSCLEPHARM CORP,MSLPQ,2021-12-31,2021,30,3030,303020,30302010,325412,2834,32,325,28,2834
184392,GREEN DOT CORP,GDOT,2025-12-31,2025,40,4020,402020,40202010,522320,7389,52,522,73,7389
184442,CHORD ENERGY CORP,CHRD,2025-12-31,2025,10,1010,101020,10102020,002111,1311,00,002,13,1311
184449,EXCEL TRUST INC,EXL,2014-12-31,2014,40,4040,404020,40402060,531120,6798,53,531,67,6798
184487,PERNIX THERAPEUTICS HOLDINGS,PTXTQ,2017-12-31,2017,35,3520,352020,35202010,325412,2834,32,325,28,2834
184526,PRIMO WATER CORP -OLD,PRMW.1,2018-12-31,2018,30,3020,302010,30201030,312112,2086,31,312,20,2086
184551,MAXLINEAR INC,MXL,2025-12-31,2025,45,4530,453010,45301020,334413,3674,33,334,36,3674
184569,WESTMORELAND RES PARTNERS LP,WMLPQ,2018-12-31,2018,10,1010,101020,10102050,212111,1220,21,212,12,1220
184592,SAJAN INC,SAJA,2016-12-31,2016,45,4510,451010,45101010,519130,7370,51,519,73,7370
184603,QLIK TECHNOLOGIES INC,QLIK,2015-12-31,2015,45,4510,451030,45103010,511210,7372,51,511,73,7372
184672,CHARM COMMUNICATIONS INC,CHRM,2013-12-31,2013,25,2540,254010,25401010,541830,7310,54,541,73,7310
184676,INTRALINKS HOLDINGS INC,IL,2015-12-31,2015,45,4510,451010,45101010,005415,7370,00,005,73,7370
184702,NEOPHOTONICS CORP,NPTN,2021-12-31,2021,45,4530,453010,45301020,334413,3674,33,334,36,3674
184725,NXP SEMICONDUCTORS NV,NXPI,2025-12-31,2025,45,4530,453010,45301020,334413,3674,33,334,36,3674
184748,QUAD/GRAPHICS INC,QUAD,2025-12-31,2025,20,2020,202010,20201010,323111,2750,32,323,27,2750
184785,TOWER INTERNATIONAL INC,TOWR,2018-12-31,2018,25,2510,251010,25101010,336211,3711,33,336,37,3711
184868,ERICKSON INC,EACIQ,2015-12-31,2015,20,2010,201010,20101010,532411,7350,53,532,73,7350
184880,TMS INTERNATIONAL CORP,TMS,2012-12-31,2012,20,2020,202010,20201070,423510,5051,42,423,50,5051
184899,FIRST AMERICAN FINANCIAL CP,FAF,2025-12-31,2025,40,4030,403010,40301040,524127,6361,52,524,63,6361
184994,VOLTARI CORP,VLTC,2018-12-31,2018,60,6010,601020,60102020,531120,6512,53,531,65,6512
184996,TESLA INC,TSLA,2025-12-31,2025,25,2510,251020,25102010,336110,3711,33,336,37,3711
185003,QUADRANT 4 SYSTEMS CORP,QFORQ,2015-12-31,2015,45,4510,451010,45101010,541512,7370,54,541,73,7370
185018,HUDSON PACIFIC PPTYS INC,HPP,2025-12-31,2025,60,6010,601040,60104010,531120,6798,53,531,67,6798
185112,INPHI CORP,IPHI,2020-12-31,2020,45,4530,453010,45301020,334413,3674,33,334,36,3674
185119,KEYW HOLDING CORP,KEYW,2018-12-31,2018,20,2010,201010,20101010,541519,7370,54,541,73,7370
185121,PACTERA TECHNOLOGY INTL,PACT,2013-12-31,2013,45,4510,451020,45102010,541519,7370,54,541,73,7370
185138,VISHAY PRECISION GROUP INC,VPG,2025-12-31,2025,45,4520,452030,45203010,334413,3674,33,334,36,3674
185164,TIER REIT INC,TIER.1,2018-12-31,2018,60,6010,601010,60101040,531120,6798,53,531,67,6798
185165,BEHRINGER HARVARD OPP REIT I,BHOR,2016-12-31,2016,60,6010,601010,60101010,531120,6798,53,531,67,6798
185166,CAMELOT INFO SYSTEMS INC-ADR,CIS,2012-12-31,2012,45,4510,451020,45102010,511210,7372,51,511,73,7372
185177,CORESITE REALTY CORP,COR.4,2020-12-31,2020,60,6010,601010,60101080,531120,6798,53,531,67,6798
185180,INVENSENSE INC,INVN.2,2016-03-31,2015,45,4520,452030,45203015,334413,3674,33,334,36,3674
185181,SOW GOOD INC,SOWG,2025-12-31,2025,30,3020,302020,30202030,031142,2030,03,031,20,2030
185195,VERA BRADLEY INC,VRA,2025-01-31,2024,25,2520,252030,25203010,316990,3100,31,316,31,3100
185276,MAGICJACK VOCALTEC LTD,CALL,2017-12-31,2017,50,5010,501010,50101010,517919,4899,51,517,48,4899
185277,FAIRMOUNT SANTROL HOLDINGS,FMSA,2017-12-31,2017,10,1010,101010,10101020,212399,1400,21,212,14,1400
185289,ASSEMBLY BIOSCIENCES INC,ASMB,2025-12-31,2025,35,3520,352010,35201010,325414,2836,32,325,28,2836
185291,STARS GROUP INC,TSG,2019-12-31,2019,25,2530,253010,25301010,713290,7990,71,713,79,7990
185326,UCI INTERNATIONAL INC,4021B,2010-12-31,2010,25,2510,251010,25101010,003363,3714,00,003,37,3714
185334,PINNACLE FOODS INC,PF,2017-12-31,2017,30,3020,302020,30202030,003114,2030,00,003,20,2030
185339,STAG INDUSTRIAL INC,STAG,2025-12-31,2025,60,6010,601025,60102510,531120,6798,53,531,67,6798
185344,GLOBAL BRASS & COPPER HLDGS,BRSS,2018-12-31,2018,15,1510,151040,15104020,033142,3350,03,033,33,3350
185345,PREFERRED APARTMENT CMNTYS,APTS,2021-12-31,2021,60,6010,601010,60101060,531110,6798,53,531,67,6798
185355,HORIZON THERAPEUTICS PUB LTD,HZNP,2022-12-31,2022,35,3520,352010,35201010,325414,2836,32,325,28,2836
185372,CLARUS CORP,CLAR,2025-12-31,2025,25,2520,252020,25202010,339920,3949,33,339,39,3949
185375,EVERTEC INC,EVTC,2025-12-31,2025,40,4020,402010,40201060,518210,7374,51,518,73,7374
185396,SUMMIT HOTEL PROPERTIES INC,INN,2025-12-31,2025,60,6010,601030,60103010,531120,6798,53,531,67,6798
185453,WHITESTONE REIT,WSR,2025-12-31,2025,60,6010,601070,60107010,531120,6798,53,531,67,6798
185517,FREESCALE SEMICONDUCTOR LTD,FSL,2014-12-31,2014,45,4530,453010,45301020,334413,3674,33,334,36,3674
185532,TARGA RESOURCES CORP,TRGP,2025-12-31,2025,10,1010,101020,10102040,486210,4923,48,486,49,4923
185549,AMERICAN ASSETS TRUST INC,AAT,2025-12-31,2025,60,6010,601010,60101010,531120,6798,53,531,67,6798
185554,CROSS CLICK MEDIA INC,XCLK,2014-12-31,2014,50,5020,502010,50201010,005418,7310,00,005,73,7310
185618,SABRA HEALTH CARE REIT INC,SBRA,2025-12-31,2025,60,6010,601050,60105010,531120,6798,53,531,67,6798
185645,GNC HOLDINGS INC,GNCIQ,2019-12-31,2019,25,2550,255040,25504040,446191,5400,44,446,54,5400
185654,QR ENERGY LP,QRE,2013-12-31,2013,10,1010,101020,10102020,211111,1311,21,211,13,1311
185658,SHANGPHARMA CORP -ADR,SHP,2011-12-31,2011,35,3520,352030,35203010,325412,2834,32,325,28,2834
185661,DIALOGIC INC,DLGC,2013-12-31,2013,45,4520,452010,45201020,334210,3576,33,334,35,3576
185664,PARAMETRIC SOUND CORP-OLD,PAMT.1,2013-09-30,2013,45,4520,452030,45203015,334310,3651,33,334,36,3651
185689,PERSHING GOLD CORP,PGLC,2018-12-31,2018,15,1510,151040,15104030,212221,1040,21,212,10,1040
185703,LEAF GROUP LTD,LEAF,2020-12-31,2020,25,2550,255020,25502020,519130,7370,51,519,73,7370
185769,SODASTREAM INTERNATIONAL LTD,SODA,2017-12-31,2017,25,2520,252010,25201040,335210,3634,33,335,36,3634
185770,COSTAMARE INC,CMRE,2025-12-31,2025,20,2030,203030,20303010,483111,4412,48,483,44,4412
185836,PACIRA BIOSCIENCES INC,PCRX,2025-12-31,2025,35,3520,352020,35202010,325412,2834,32,325,28,2834
185881,BOOZ ALLEN HAMILTON HLDG CP,BAH,2025-03-31,2024,20,2020,202020,20202020,541519,7370,54,541,73,7370
185943,PEREGRINE SEMICONDUCTOR CORP,PSMI,2013-12-31,2013,45,4530,453010,45301020,334413,3674,33,334,36,3674
185950,TRANSPORTATION & LOG SYS INC,TLSS,2025-12-31,2025,20,2030,203010,20301010,541614,4731,54,541,47,4731
186019,BAKKEN RESOURCES INC,BKKN,2016-12-31,2016,10,1010,101020,10102020,211111,1311,21,211,13,1311
186041,ISOFTSTONE HOLDINGS LIMITED,ISS,2013-12-31,2013,45,4510,451020,45102010,541519,7370,54,541,73,7370
186045,SAGENT PHARMACEUTICALS INC,SGNT,2015-12-31,2015,35,3520,352020,35202010,325412,2834,32,325,28,2834
186061,LILIS ENERGY INC,LLEXQ,2019-12-31,2019,10,1010,101020,10102020,211120,1311,21,211,13,1311
186106,MOTOROLA MOBILITY HLDGS INC,MMI.3,2011-12-31,2011,45,4520,452010,45201020,334220,3663,33,334,36,3663
186129,SERVICESOURCE INTL INC,SREV,2021-12-31,2021,45,4510,451020,45102010,541512,7370,54,541,73,7370
186152,VIRTUS STONE H E M INC FUND,EDF,2025-12-31,2025,,,,,525990,6199,52,525,61,6199
186159,SUPERNUS PHARMACEUTICALS INC,SUPN,2025-12-31,2025,35,3520,352020,35202010,325412,2834,32,325,28,2834
186206,ANDEAVOR LOGISTICS LP,ANDX,2018-12-31,2018,10,1010,101020,10102040,000486,4610,00,000,46,4610
186276,KOSMOS ENERGY LTD,KOS,2025-12-31,2025,10,1010,101020,10102020,211120,1311,21,211,13,1311
186278,AIR LEASE CORP,AL,2025-12-31,2025,20,2010,201070,20107010,532411,7359,53,532,73,7359
186288,BOINGO WIRELESS INC,WIFI,2020-12-31,2020,50,5010,501020,50102010,517919,4899,51,517,48,4899
186310,HUNTINGTON INGALLS IND INC,HII,2025-12-31,2025,20,2010,201010,20101010,336611,3730,33,336,37,3730
186336,C&J ENERGY SERVICES INC,CJ,2018-12-31,2018,10,1010,101010,10101020,213112,1389,21,213,13,1389
186342,LINKEDIN CORP,LNKD,2015-12-31,2015,45,4510,451010,45101010,519130,7370,51,519,73,7370
186353,SABLE NATURAL RESOURCES CORP,SNREQ,2014-12-31,2014,10,1010,101020,10102020,213112,1389,21,213,13,1389
186451,RESPONSYS INC,MKTG,2012-12-31,2012,45,4510,451010,45101010,511210,7372,51,511,73,7372
186497,LANTHEUS MEDICAL IMAGING INC,5591B,2014-12-31,2014,35,3520,352020,35202010,325413,2835,32,325,28,2835
186501,NGL ENERGY PARTNERS LP,NGL,2025-03-31,2024,10,1010,101020,10102040,424720,5172,42,424,51,5172
186520,PANDORA MEDIA INC,P.4,2017-12-31,2017,50,5020,502020,50202010,519130,7370,51,519,73,7370
186590,HOME LOAN SERVICING SOLTNS,HLSSF,2014-12-31,2014,40,4010,401020,40102010,522292,6162,52,522,61,6162
186607,NEWLINK GENETICS CORP,NLNK,2019-12-31,2019,35,3520,352010,35201010,325414,2836,32,325,28,2836
186671,AG MORTGAGE INVESTMENT TRUST,MITT,2025-12-31,2025,40,4020,402040,40204010,525990,6798,52,525,67,6798
186675,RLJ ENTERTAINMENT INC,RLJE,2017-12-31,2017,50,5020,502020,50202010,512120,7822,51,512,78,7822
186683,FUSION-IO INC,FIO,2013-06-30,2013,45,4520,452020,45202030,334112,3572,33,334,35,3572
186748,INTERCLOUD SYSTEMS INC,ICLD,2017-12-31,2017,45,4510,451020,45102010,541512,7370,54,541,73,7370
186773,SUNCOKE ENERGY INC,SXC,2025-12-31,2025,15,1510,151040,15104050,324199,3312,32,324,33,3312
186783,VEREIT INC,VER,2020-12-31,2020,60,6010,601010,60101010,531120,6798,53,531,67,6798
186836,GOLAR LNG PARTNERS LP,GMLP,2020-12-31,2020,10,1010,101020,10102040,483111,4412,48,483,44,4412
186846,OILTANKING PARTNERS LP,OILT.1,2013-12-31,2013,10,1010,101020,10102040,424710,5171,42,424,51,5171
186876,VNET GROUP INC,VNET,2024-12-31,2024,45,4510,451020,45102030,518210,7370,51,518,73,7370
186904,CLEANSPARK INC,CLSK,2025-09-30,2025,45,4510,451030,45103010,518210,7370,51,518,73,7370
186953,INSPIREMD INC,NSPR,2025-12-31,2025,35,3510,351010,35101020,334510,3845,33,334,38,3845
186962,SEQUANS COMMUNICATIONS SA,SQNS,2024-12-31,2024,45,4530,453010,45301020,334413,3674,33,334,36,3674
186989,MARATHON PETROLEUM CORP,MPC,2025-12-31,2025,10,1010,101020,10102030,324110,2911,32,324,29,2911
186995,ENVIVIO INC,ENVI.2,2015-01-31,2014,45,4510,451030,45103010,334220,3663,33,334,36,3663
187040,PEAK RESORTS INC,SKIS,2019-04-30,2018,25,2530,253010,25301030,713920,7990,71,713,79,7990
187084,PARTY CITY HOLDCO INC,PRTYQ,2021-12-31,2021,25,2550,255040,25504040,322220,2670,32,322,26,2670
187122,LIVEONE INC,LVO,2025-03-31,2024,50,5020,502020,50202010,516210,7370,51,516,73,7370
187128,WPX ENERGY INC,WPX,2019-12-31,2019,10,1010,101020,10102020,002111,1311,00,002,13,1311
187165,PHOENIX NEW MEDIA LTD,FENG,2025-12-31,2025,50,5020,502030,50203010,519290,7370,51,519,73,7370
187167,LRR ENERGY LP,LRE.2,2014-12-31,2014,10,1010,101020,10102020,211111,1311,21,211,13,1311
187215,GLOBAL EAGLE ENTERTAINMENT,GEENQ,2019-12-31,2019,50,5020,502020,50202010,517410,4899,51,517,48,4899
187253,REGIONAL MANAGEMENT CORP,RM,2025-12-31,2025,40,4020,402020,40202010,522291,6141,52,522,61,6141
187363,GROUPON INC,GRPN,2025-12-31,2025,25,2550,255030,25503030,455219,5960,45,455,59,5960
187406,AMC GLOBAL MEDIA INC,AMCX,2025-12-31,2025,50,5020,502010,50201020,516120,4833,51,516,48,4833
187450,ENPHASE ENERGY INC,ENPH,2025-12-31,2025,45,4530,453010,45301010,334413,3674,33,334,36,3674
187529,PETROLOGISTICS LP,PDH,2013-12-31,2013,15,1510,151010,15101010,324110,2911,32,324,29,2911
187550,ASPEN AEROGELS INC,ASPN,2025-12-31,2025,15,1510,151010,15101050,325180,2810,32,325,28,2810
187576,ZYNGA INC,ZNGA,2021-12-31,2021,50,5020,502020,50202020,511210,7372,51,511,73,7372
187607,SILVER SPRING NETWORKS INC,SSNI,2016-12-31,2016,45,4510,451030,45103010,334210,3576,33,334,35,3576
187625,RED MOUNTAIN RESOURCES INC,RDMPQ,2015-06-30,2015,10,1010,101020,10102020,211111,1311,21,211,13,1311
187631,MERRIMACK PHARMACEUTICALS,MACK,2023-12-31,2023,35,3520,352010,35201010,325414,2836,32,325,28,2836
187690,HEALTHCARE TR OF AMERICA INC,HTA,2021-12-31,2021,60,6010,601010,60101050,531120,6798,53,531,67,6798
187697,EPAM SYSTEMS INC,EPAM,2025-12-31,2025,45,4510,451020,45102010,541519,7370,54,541,73,7370
187698,CIVITAS RESOURCES INC,CIVI,2024-12-31,2024,10,1010,101020,10102020,211120,1311,21,211,13,1311
187711,CV SCIENCES INC,CVSI,2025-12-31,2025,30,3030,303020,30302010,325412,2834,32,325,28,2834
187714,WESCO AIRCRAFT HOLDINGS INC,WAIR,2019-09-30,2019,20,2010,201010,20101010,423860,5080,42,423,50,5080
187722,INTERMOLECULAR INC,IMI,2018-12-31,2018,45,4530,453010,45301020,334413,3674,33,334,36,3674
187740,MACOM TECHNLGY SOL HLDGS INC,MTSI,2025-09-30,2025,45,4530,453010,45301020,334413,3674,33,334,36,3674
187766,ERA GROUP INC,ERA,2019-12-31,2019,10,1010,101010,10101020,481211,4522,48,481,45,4522
187774,EAST DUBUQUE NITRN PRTR LP,RNF,2015-12-31,2015,15,1510,151010,15101030,003253,2870,00,003,28,2870
187810,MID-CON ENERGY PARTNERS -LP,MCEP,2019-12-31,2019,10,1010,101020,10102020,211120,1311,21,211,13,1311
187812,MATADOR RESOURCES CO,MTDR,2025-12-31,2025,10,1010,101020,10102020,002111,1311,00,002,13,1311
187958,INERGY MIDSTREAM -LP,NRGM,2012-09-30,2012,10,1010,101020,10102040,486210,4922,48,486,49,4922
187961,VITAL ENGY INC,VTLE,2024-12-31,2024,10,1010,101020,10102020,002111,1311,00,002,13,1311
188255,FORTUNE BRANDS INNOVATNS INC,FBIN,2025-12-31,2025,20,2010,201020,20102010,332913,3430,33,332,34,3430
188357,CHARGING ROBOTICS INC,CHEV,2025-12-31,2025,25,2510,251010,25101010,336320,3714,33,336,37,3714
188663,SANCHEZ ENERGY CORP,SNECQ,2018-12-31,2018,10,1010,101020,10102020,211120,1311,21,211,13,1311
188856,FRANCHISE GROUP INC,FRG,2022-12-31,2022,25,2550,255040,25504040,455219,5399,45,455,53,5399
189459,CARLYLE GROUP INC,CG,2025-12-31,2025,40,4020,402030,40203010,523920,6282,52,523,62,6282
189490,EXELIS INC,XLS,2014-12-31,2014,20,2010,201010,20101010,334511,3812,33,334,38,3812
189567,MANNING & NAPIER INC,MN,2021-12-31,2021,40,4020,402030,40203010,523930,6282,52,523,62,6282
189757,XCEL BRANDS INC,XELB,2025-12-31,2025,25,2550,255040,25504010,458110,5961,45,458,59,5961
190455,GUIDEWIRE SOFTWARE INC,GWRE,2025-07-31,2025,45,4510,451030,45103010,513210,7372,51,513,73,7372
190590,GENIE ENERGY LTD,GNE,2024-12-31,2024,55,5510,551010,55101010,000221,4931,00,000,49,4931
190959,LUMOS NETWORKS CORP,LMOS,2016-12-31,2016,50,5010,501010,50101010,517919,4899,51,517,48,4899
194255,VERASTEM INC,VSTM,2025-12-31,2025,35,3520,352010,35201010,325414,2836,32,325,28,2836
194256,WHEELER REAL ESTATE INVT TR,WHLR,2025-12-31,2025,60,6010,601070,60107010,531120,6798,53,531,67,6798
194755,AMPLIFY ENERGY CORP,AMPY,2025-12-31,2025,10,1010,101020,10102020,211120,1311,21,211,13,1311
194956,WORLDPAY INC,WP,2018-12-31,2018,45,4510,451020,45102020,518210,7374,51,518,73,7374
196159,PBF ENERGY INC,PBF,2025-12-31,2025,10,1010,101020,10102030,324110,2911,32,324,29,2911
196268,YELP INC,YELP,2025-12-31,2025,50,5020,502030,50203010,519290,7370,51,519,73,7370
196269,FORTRESS BIOTECH INC,FBIO,2025-12-31,2025,35,3520,352010,35201010,325414,2836,32,325,28,2836
196355,SYNACOR INC,SYNC,2020-12-31,2020,45,4510,451030,45103010,519130,7370,51,519,73,7370
197956,ANNIE'S INC,BNNY,2014-03-31,2013,30,3020,302020,30202030,000311,2000,00,000,20,2000
198058,CAPRI HOLDINGS LTD,CPRI,2025-03-31,2024,25,2520,252030,25203010,000315,2300,00,000,23,2300
199356,TRIPADVISOR INC,TRIP,2025-12-31,2025,50,5020,502030,50203010,519290,7370,51,519,73,7370
199456,ROUNDY'S INC,RNDY,2014-12-31,2014,30,3010,301010,30101030,445110,5411,44,445,54,5411
200480,MANCHESTER UNITED PLC,MANU,2025-06-30,2025,50,5020,502020,50202010,711211,7900,71,711,79,7900
200512,SUZANO SA,SUZ,2025-12-31,2025,15,1510,151050,15105020,032212,2600,03,032,26,2600
201336,CRESUD SOCIEDAD ANONIMA COM,CRESY,2025-06-30,2025,30,3020,302020,30202010,999977,9997,99,999,99,9997
201395,TAIWAN SEMICONDUCTOR MFG CO,TSM,2024-12-31,2024,45,4530,453010,45301020,334413,3674,33,334,36,3674
203480,SK TELECOM CO LTD,SKM,2025-12-31,2025,50,5010,501020,50102010,517112,4812,51,517,48,4812
204867,WIPRO LTD,WIT,2025-03-31,2024,45,4510,451020,45102010,541512,7373,54,541,73,7373
207257,SILENCE THERAPEUTICS PLC,SLN,2025-12-31,2025,35,3520,352010,35201010,325414,2836,32,325,28,2836
208068,SILICONWARE PRECISION INDS,SPIL,2017-12-31,2017,45,4530,453010,45301020,334413,3674,33,334,36,3674
209341,UNITED MICROELECTRONICS CORP,UMC,2024-12-31,2024,45,4530,453010,45301020,334413,3674,33,334,36,3674
209382,VALE SA,VALE,2025-12-31,2025,15,1510,151040,15104050,212210,1000,21,212,10,1000
209410,TATA COMMUNICATIONS LTD,TTCMY,2013-03-31,2012,50,5010,501010,50101020,517110,4813,51,517,48,4813
210418,ABB LTD,ABBNY,2025-12-31,2025,20,2010,201040,20104010,335313,3613,33,335,36,3613
211819,NATIONAL GRID,NGG,2025-03-31,2024,55,5510,551030,55103010,002211,4911,00,002,49,4911
212340,SHIRE PLC,SHPG,2017-12-31,2017,35,3520,352010,35201010,325414,2836,32,325,28,2836
212782,FRESENIUS MEDICAL CARE AG,FMS,2025-12-31,2025,35,3510,351020,35102015,621492,8090,62,621,80,8090
212950,PAMPA ENERGIA SA,PAM,2024-12-31,2024,55,5510,551010,55101010,002211,4911,00,002,49,4911
213288,EMBRAER SA,EMBJ,2025-12-31,2025,20,2010,201010,20101010,336411,3721,33,336,37,3721
213412,ASE TECHNOLOGY HLDNG CO,ASX,2025-12-31,2025,45,4530,453010,45301020,334413,3674,33,334,36,3674
216019,AIXTRON SE,AIIXY,2024-12-31,2024,45,4530,453010,45301010,333242,3559,33,333,35,3559
220211,ICL GROUP LTD,ICL,2025-12-31,2025,15,1510,151010,15101030,003253,2870,00,003,28,2870
220474,PETROBRAS ARGENTINA SA,PZE,2015-12-31,2015,10,1010,101020,10102010,324110,2911,32,324,29,2911
220487,LATAM AIRLINES GROUP SA,LTM,2025-12-31,2025,20,2030,203020,20302010,481111,4512,48,481,45,4512
220546,EQUINOR ASA,EQNR,2025-12-31,2025,10,1010,101020,10102010,324110,2911,32,324,29,2911
220940,ORANGE SA,ORANY,2025-12-31,2025,50,5010,501010,50101020,517111,4813,51,517,48,4813
221821,NIDEC CORPORATION,NJDCY,2025-03-31,2024,20,2010,201040,20104010,335312,3621,33,335,36,3621
222111,PETROLEO BRASILEIRO SA- PETR,PBR,2025-12-31,2025,10,1010,101020,10102010,324110,2911,32,324,29,2911
222519,GRUMA SAB DE CV,GMKKY,2025-12-31,2025,30,3020,302020,30202030,311211,2040,31,311,20,2040
223098,DR REDDY'S LABORATORIES LTD,RDY,2025-03-31,2024,35,3520,352020,35202010,325412,2834,32,325,28,2834
223732,TREND MICRO INC,TMICY,2025-12-31,2025,45,4510,451030,45103020,513210,7372,51,513,73,7372
223911,NTT DOCOMO INC,DCMYY,2020-03-31,2019,50,5010,501020,50102010,517312,4812,51,517,48,4812
224604,DELTA GALIL INDUSTRIES LTD,DELTF,2025-12-31,2025,25,2520,252030,25203010,315250,2340,31,315,23,2340
231016,MORPHOSYS AG,MOR,2023-12-31,2023,35,3520,352010,35201010,325414,2836,32,325,28,2836
232135,PHARMING GROUP NV,PHAR,2025-12-31,2025,35,3520,352010,35201010,325414,2836,32,325,28,2836
232623,EVOTEC SE,EVO,2024-12-31,2024,35,3520,352030,35203010,541714,8731,54,541,87,8731
233491,MAGNACHIP SEMICONDUCTOR CORP,MX,2025-12-31,2025,45,4530,453010,45301020,334413,3674,33,334,36,3674
237269,XENETIC BIOSCIENCES INC,XBIO,2025-12-31,2025,35,3520,352010,35201010,325414,2836,32,325,28,2836
238616,VEOLIA ENVIRONNEMENT S A,VEOEY,2024-12-31,2024,55,5510,551030,55103010,221310,4941,22,221,49,4941
241216,SYNGENTA AG,SYT.3,2017-12-31,2017,15,1510,151010,15101030,003253,2870,00,003,28,2870
241335,XTL BIOPHARMACEUTICALS,XTLB,2024-12-31,2024,35,3520,352010,35201010,325414,2836,32,325,28,2836
242977,AUO CORPORATION,AUOTY,2024-12-31,2024,45,4520,452030,45203015,334413,3674,33,334,36,3674
243174,FLUTTER ENTERTAINMENT PLC,FLUT,2025-12-31,2025,25,2530,253010,25301010,713290,7990,71,713,79,7990
245207,GENMAB AS,GMAB,2025-12-31,2025,35,3520,352010,35201010,325414,2836,32,325,28,2836
247371,LONESTAR RESOURCES US INC,LONE,2020-12-31,2020,10,1010,101020,10102020,211120,1311,21,211,13,1311
249158,GOLAR LNG LTD,GLNG,2025-12-31,2025,10,1010,101020,10102040,483111,4412,48,483,44,4412
252940,MITSUBISHI UFJ FINANCIAL GRP,MUFG,2025-03-31,2024,40,4010,401010,40101010,522110,6020,52,522,60,6020
253527,EYEPOINT INC,EYPT,2025-12-31,2025,35,3520,352020,35202010,325414,2836,32,325,28,2836
254096,PLUS THERAPEUTICS INC,PSTV,2025-12-31,2025,35,3520,352010,35201010,325414,2836,32,325,28,2836
254338,CHINA TELECOM CORP LTD,CHA.1,2022-12-31,2022,50,5010,501010,50101020,517111,4813,51,517,48,4813
254381,BENITEC BIOPHARMA INC,BNTC,2025-06-30,2025,35,3520,352010,35201010,325414,2836,32,325,28,2836
254399,UNILIFE CORP,UNISQ,2016-06-30,2016,35,3510,351010,35101020,339112,3841,33,339,38,3841
259503,CHINA LIFE INSURANCE COMPANY,CILJF,2024-12-31,2024,40,4030,403010,40301020,524113,6311,52,524,63,6311
260737,OCEAN POWER TECHNOLOGIES INC,OPTT,2025-04-30,2024,20,2010,201040,20104020,335311,3612,33,335,36,3612
260774,CBRE GROUP INC,CBRE,2025-12-31,2025,60,6020,602010,60201040,531312,6531,53,531,65,6531
260775,MNC MEDIA INVESTMENT LTD,LTONY,2016-12-31,2016,50,5020,502030,50203010,000519,7370,00,000,73,7370
260778,WELLCARE HEALTH PLANS INC,WCG,2018-12-31,2018,35,3510,351020,35102030,524114,6324,52,524,63,6324
264265,ALNYLAM PHARMACEUTICALS INC,ALNY,2025-12-31,2025,35,3520,352010,35201010,325414,2836,32,325,28,2836
264395,GREENHILL & CO INC,GHL,2022-12-31,2022,40,4020,402030,40203020,523940,6282,52,523,62,6282
264397,CARDTRONICS PLC,CATM,2020-12-31,2020,45,4510,451020,45102020,522320,7389,52,522,73,7389
264414,MOMENTA PHARMACEUTICALS INC,MNTA,2019-12-31,2019,35,3520,352010,35201010,325414,2836,32,325,28,2836
264416,ULTRA CLEAN HOLDINGS INC,UCTT,2025-12-31,2025,45,4530,453010,45301010,334413,3674,33,334,36,3674
264509,HOLLY ENERGY PARTNERS LP,HEP,2022-12-31,2022,10,1010,101020,10102040,486910,4610,48,486,46,4610
266214,COHEN & STEERS INC,CNS,2025-12-31,2025,40,4020,402030,40203010,523940,6282,52,523,62,6282
266315,KITE REALTY GROUP TRUST,KRG,2025-12-31,2025,60,6010,601070,60107010,531120,6798,53,531,67,6798
266316,ICAGEN INC,ICGN,2010-12-31,2010,35,3520,352010,35201010,325412,2834,32,325,28,2834
266319,MMRGLOBAL INC,MMRF,2015-12-31,2015,35,3510,351030,35103010,519130,7370,51,519,73,7370
270151,CSR PLC,CSRE.1,2014-12-31,2014,45,4530,453010,45301020,334413,3674,33,334,36,3674
270281,MECHEL PAO,MTL,2021-12-31,2021,15,1510,151040,15104050,331110,3312,33,331,33,3312
270705,HIMAX TECHNOLOGIES INC,HIMX,2025-12-31,2025,45,4530,453010,45301020,334413,3674,33,334,36,3674
271342,CMB TECH NV,CMBT,2025-12-31,2025,10,1010,101020,10102040,483111,4412,48,483,44,4412
271357,SUMMIT THERAPEUTICS INC,SMMT,2025-12-31,2025,35,3520,352010,35201010,325414,2836,32,325,28,2836
271607,MESOBLAST LTD,MESO,2025-06-30,2025,35,3520,352010,35201010,325414,2836,32,325,28,2836
272872,LAKEFRONT BIOTHERAPEUTICS NV,LKFT,2025-12-31,2025,35,3520,352010,35201010,325414,2836,32,325,28,2836
273726,SEADRILL LTD,SDRL,2025-12-31,2025,10,1010,101010,10101010,213111,1381,21,213,13,1381
275264,AKERS BIOSCIENCES INC,AKER,2020-12-31,2020,35,3510,351010,35101010,325413,2835,32,325,28,2835
276731,PLANET PAYMENT INC,PLPM,2016-12-31,2016,45,4510,451020,45102020,518210,7374,51,518,73,7374
277323,ZIM INTEGRATED SHIPPING SERV,ZIM,2025-12-31,2025,20,2030,203030,20303010,483111,4412,48,483,44,4412
277812,GRIFOLS S A,GRFS,2025-12-31,2025,35,3520,352010,35201010,325414,2836,32,325,28,2836
277918,ENOVA SYSTEMS INC,ENVS,2014-12-31,2014,25,2510,251010,25101010,336390,3714,33,336,37,3714
278151,GEOPARK LTD,GPRK,2025-12-31,2025,10,1010,101020,10102020,211120,1311,21,211,13,1311
278153,HUTCHMED (CHINA) LTD,HCM,2025-12-31,2025,35,3520,352020,35202010,325412,2834,32,325,28,2834
281420,INNATE PHARMA SA,IPHA,2025-12-31,2025,35,3520,352010,35201010,325414,2836,32,325,28,2836
282189,ENERGY XXI LTD,EXXIQ,2016-06-30,2016,10,1010,101020,10102020,211111,1311,21,211,13,1311
282608,CELLECTIS SA,CLLS,2025-12-31,2025,35,3520,352010,35201010,325414,2836,32,325,28,2836
283184,SMURFIT WESTROCK PLC,SW,2025-12-31,2025,15,1510,151030,15103020,322130,2631,32,322,26,2631
284041,OCZ TECHNOLOGY GROUP INC,OCZTQ,2013-02-28,2012,45,4520,452020,45202030,334112,3572,33,334,35,3572
284745,IDEX BIOMETRICS ASA,IDBAY,2022-12-31,2022,45,4520,452030,45203015,033441,3670,03,033,36,3670
285085,UNIQURE NV,QURE,2025-12-31,2025,35,3520,352010,35201010,325414,2836,32,325,28,2836
285556,VALNEVA SE,VALN,2025-12-31,2025,35,3520,352010,35201010,325414,2836,32,325,28,2836
286396,EVOGENE LTD,EVGN,2025-12-31,2025,35,3520,352010,35201010,325414,2836,32,325,28,2836
287111,KAMADA LTD,KMDA,2025-12-31,2025,35,3520,352010,35201010,325414,2836,32,325,28,2836
287462,FUTUREFUEL CORP,FF,2025-12-31,2025,10,1010,101020,10102030,325199,2860,32,325,28,2860
287882,ECOPETROL SA,EC,2024-12-31,2024,10,1010,101020,10102010,324110,2911,32,324,29,2911
291881,CAN-FITE BIOPHARMA LTD,CANF,2025-12-31,2025,35,3520,352010,35201010,325414,2836,32,325,28,2836
294524,LYONDELLBASELL INDUSTRIES,LYB,2025-12-31,2025,15,1510,151010,15101010,325211,2820,32,325,28,2820
295786,CNH INDUSTRIAL NV,CNH,2025-12-31,2025,20,2010,201060,20106015,333111,3523,33,333,35,3523
295917,ZEALAND PHARMA AS,ZEAL,2021-12-31,2021,35,3520,352010,35201010,325414,2836,32,325,28,2836
296753,AVG TECHNOLOGIES NV,AVGTF,2015-12-31,2015,45,4510,451030,45103020,511210,7372,51,511,73,7372
296944,NORTH ATLANTIC DRILLING LTD,NADLQ,2017-12-31,2017,10,1010,101010,10101010,213111,1381,21,213,13,1381
297209,PACIFIC DRILLING SA,PACDQ,2019-12-31,2019,10,1010,101010,10101010,213111,1381,21,213,13,1381
297507,FORESIGHT AUTONOMOUS,FRSX,2025-12-31,2025,25,2510,251010,25101010,336390,3714,33,336,37,3714
311524,TAMINCO CORP,TAM,2013-12-31,2013,15,1510,151010,15101050,325199,2860,32,325,28,2860
312066,ARKO CORP,ARKO,2025-12-31,2025,25,2550,255040,25504050,457110,5500,45,457,55,5500
313311,CORPORACION INMOBILIARIA VES,VTMX,2025-12-31,2025,60,6020,602010,60201020,005311,6510,00,005,65,6510
315629,CHIPMOS TECHNOLOGIES INC,IMOS,2025-12-31,2025,45,4530,453010,45301020,334418,3679,33,334,36,3679
315639,CELYAD ONCOLOGY SA,CYADY,2022-12-31,2022,35,3520,352010,35201010,325414,2836,32,325,28,2836
316056,ALLEGION PLC,ALLE,2025-12-31,2025,20,2010,201020,20102010,332510,3420,33,332,34,3420
318005,ARGENX SE,ARGX,2025-12-31,2025,35,3520,352010,35201010,325414,2836,32,325,28,2836
318525,MOLECULAR PARTNERS AG,MOLN,2025-12-31,2025,35,3520,352010,35201010,325414,2836,32,325,28,2836
319917,PURETECH HEALTH PLC,PRTCY,2024-12-31,2024,35,3520,352010,35201010,325414,2836,32,325,28,2836
321764,MEREO BIOPHARMA GROUP PLC,MREO,2025-12-31,2025,35,3520,352010,35201010,325414,2836,32,325,28,2836
323308,BORR DRILLING LTD,BORR,2025-12-31,2025,10,1010,101010,10101010,213111,1381,21,213,13,1381
323476,INVENTIVA SA,IVA,2025-12-31,2025,35,3520,352010,35201010,325414,2836,32,325,28,2836
324684,ASLAN PHARMACEUTIC,ASLN,2023-12-31,2023,35,3520,352010,35201010,325414,2836,32,325,28,2836
325211,VISTA ENERGY SAB DE CV,VIST,2024-12-31,2024,10,1010,101020,10102020,211120,1311,21,211,13,1311
325867,STRATEGIC PARTNERS A/S,ORPHY,2021-12-31,2021,35,3520,352010,35201010,325414,2836,32,325,28,2836
325942,RADIUS GLOBAL INFRASTRUCTURE,RADI,2022-12-31,2022,50,5010,501010,50101020,517111,4813,51,517,48,4813
328795,ARCOSA INC,ACA,2025-12-31,2025,20,2010,201030,20103010,332312,3440,33,332,34,3440
328920,CORONADO GBL RESORC INC -ADR,CODQL,2025-12-31,2025,15,1510,151040,15104050,021211,1220,02,021,12,1220
332179,LIFE360 INC,LIF,2025-12-31,2025,45,4510,451030,45103010,513210,7372,51,513,73,7372
340388,GAMESQUARE HOLDINGS INC,GAME,2025-12-31,2025,50,5020,502030,50203010,518210,7370,51,518,73,7370
345556,F-STAR THERAPEUTICS INC,FSTX,2021-12-31,2021,35,3520,352010,35201010,325414,2836,32,325,28,2836
345764,T STAMP INC,IDAI,2025-12-31,2025,45,4510,451030,45103020,513210,7372,51,513,73,7372
348784,TAMBORAN RESOURCES CORP,TBN,2025-06-30,2025,10,1010,101020,10102020,002111,1311,00,002,13,1311
353444,HALEON PLC,HLN,2025-12-31,2025,35,3520,352020,35202010,325412,2834,32,325,28,2834
