gvkey,datadate,conm,tic,gsector,ggroup,gind,gsubind,naics,sic
001013,2010-09-30,ADC TELECOMMUNICATIONS INC,ADCT.1,45.0,4520.0,452010.0,45201020.0,334210,3661
001045,2025-12-31,AMERICAN AIRLINES GROUP INC,AAL,20.0,2030.0,203020.0,20302010.0,481111,4512
001062,2025-11-30,ASA GOLD AND PRECIOUS METALS,ASA,40.0,4020.0,402030.0,40203010.0,523999,6799
001078,2025-12-31,ABBOTT LABORATORIES,ABT,35.0,3510.0,351010.0,35101010.0,334510,3845
001094,2018-06-30,ACETO CORP,ACETQ,35.0,3510.0,351020.0,35102010.0,424690,5160
001117,2025-12-31,BK TECHNOLOGIES CORP,BKTI,45.0,4520.0,452010.0,45201020.0,334220,3663
001161,2025-12-31,ADVANCED MICRO DEVICES,AMD,45.0,4530.0,453010.0,45301020.0,334413,3674
001173,2013-01-31,AEROSONIC CORP,AIM.1,20.0,2010.0,201010.0,20101010.0,334511,3812
001177,2017-12-31,AETNA INC,AET,35.0,3510.0,351020.0,35102030.0,524114,6324
001209,2025-09-30,AIR PRODUCTS & CHEMICALS INC,APD,15.0,1510.0,151010.0,15101040.0,325120,2810
001210,2025-03-31,AIR T INC,AIRT,20.0,2030.0,203010.0,20301010.0,492110,4513
001327,2025-09-30,SKYWORKS SOLUTIONS INC,SWKS,45.0,4530.0,453010.0,45301020.0,334413,3674
001356,2015-12-31,ALCOA INC,AA.3,15.0,1510.0,151040.0,15104010.0,3364,3720
001380,2024-12-31,HESS CORP,HES,10.0,1010.0,101020.0,10102020.0,2111,1311
001382,2012-12-31,US AIRWAYS GROUP INC,LCC,20.0,2030.0,203020.0,20302010.0,481111,4512
001414,2025-12-31,PRIMERICA INC,PRI,40.0,4030.0,403010.0,40301020.0,524113,6311
001439,2021-12-31,US ECOLOGY INC,ECOL,20.0,2020.0,202010.0,20201050.0,562211,4955
001440,2025-12-31,AMERICAN ELECTRIC POWER CO,AEP,55.0,5510.0,551010.0,55101010.0,2211,4911
001447,2025-12-31,AMERICAN EXPRESS CO,AXP,40.0,4020.0,402020.0,40202010.0,522210,6141
001449,2025-12-31,AFLAC INC,AFL,40.0,4030.0,403010.0,40301020.0,524114,6321
001468,2013-02-28,AMERICAN GREETINGS  -CL A,AM.1,25.0,2520.0,252010.0,25201050.0,511191,2771
001487,2025-12-31,AMERICAN INTERNATIONAL GROUP,AIG,40.0,4030.0,403010.0,40301040.0,524126,6331
001533,2013-09-30,AMERICAN PACIFIC CORP,APFC,15.0,1510.0,151010.0,15101050.0,325180,2810
001598,2025-12-31,AMETEK INC,AME,20.0,2010.0,201040.0,20104010.0,334513,3823
001602,2025-12-31,AMGEN INC,AMGN,35.0,3520.0,352010.0,35201010.0,325414,2836
001632,2025-10-31,ANALOG DEVICES INC,ADI,45.0,4530.0,453010.0,45301020.0,334413,3674
001633,2017-07-31,ANALOGIC CORP,ALOG,35.0,3510.0,351010.0,35101010.0,334510,3845
001634,2012-12-31,ANALYSTS INTERNATIONAL CORP,ANLY,45.0,4510.0,451020.0,45102010.0,541511,7371
001635,2013-06-30,ANAREN INC,ANEN,45.0,4520.0,452010.0,45201020.0,334220,3663
001661,2025-12-31,NABORS INDUSTRIES LTD,NBR,10.0,1010.0,101010.0,10101010.0,213111,1381
001678,2025-12-31,APA CORP,APA,10.0,1010.0,101020.0,10102020.0,2111,1311
001681,2014-12-31,APOLLO SOLAR ENERGY INC,ASOE,15.0,1510.0,151040.0,15104020.0,331410,3330
001682,2013-12-31,APCO OIL AND GAS INTL INC,APAGF,10.0,1010.0,101020.0,10102020.0,211111,1311
001690,2025-09-30,APPLE INC,AAPL,45.0,4520.0,452020.0,45202030.0,334220,3663
001704,2025-10-31,APPLIED MATERIALS INC,AMAT,45.0,4530.0,453010.0,45301010.0,333242,3559
001712,2021-12-31,TRECORA RESOURCES,TREC,15.0,1510.0,151010.0,15101010.0,324110,2911
001722,2025-12-31,ARCHER-DANIELS-MIDLAND CO,ADM,30.0,3020.0,302020.0,30202010.0,31122,2070
001773,2025-12-31,ARROW ELECTRONICS INC,ARW,45.0,4520.0,452030.0,45203030.0,423690,5065
001794,2025-09-30,ASHLAND INC,ASH,15.0,1510.0,151010.0,15101050.0,3252,2820
001823,2025-12-31,ASTRONICS CORP,ATRO,20.0,2010.0,201010.0,20101010.0,336320,3640
001860,2016-09-30,ATWOOD OCEANICS,ATW,10.0,1010.0,101010.0,10101010.0,213111,1381
001878,2025-01-31,AUTODESK INC,ADSK,45.0,4510.0,451030.0,45103010.0,519290,7370
001891,2025-06-30,AUTOMATIC DATA PROCESSING,ADP,20.0,2020.0,202020.0,20202010.0,518210,7374
001913,2025-12-31,AVERY DENNISON CORP,AVY,15.0,1510.0,151030.0,15103020.0,322220,2670
001919,2025-06-30,AVNET INC,AVT,45.0,4520.0,452030.0,45203030.0,423690,5065
001949,2025-12-31,BRT APARTMENTS CORP,BRT,60.0,6010.0,601060.0,60106010.0,531110,6798
001976,2016-12-31,BAKER HUGHES INC,BHI,10.0,1010.0,101010.0,10101020.0,213111,1381
001988,2025-12-31,BALL CORP,BALL,15.0,1510.0,151030.0,15103010.0,332431,3411
002002,2025-12-31,POPULAR INC,BPOP,40.0,4010.0,401010.0,40101015.0,522110,6020
002005,2025-12-31,BANK OF HAWAII CORP,BOH,40.0,4010.0,401010.0,40101015.0,522110,6020
002019,2025-12-31,BANK OF NEW YORK MELLON CORP,BNY,40.0,4020.0,402030.0,40203010.0,522110,6020
002044,2016-12-31,BARD (C.R.) INC,BCR,35.0,3510.0,351010.0,35101010.0,339112,3841
002049,2023-12-31,BARNES GROUP INC,B.2,20.0,2010.0,201060.0,20106020.0,332613,3490
002052,2025-09-30,BARNWELL INDUSTRIES,BRN,10.0,1010.0,101020.0,10102020.0,2111,1311
002073,2014-03-31,EARTHSTONE ENERGY INC -OLD,ESTE.1,10.0,1010.0,101020.0,10102020.0,211111,1311
002111,2025-09-30,BECTON DICKINSON & CO,BDX,35.0,3510.0,351010.0,35101010.0,339112,3841
002124,2025-12-31,BEL FUSE INC,BELFB,45.0,4520.0,452030.0,45203015.0,334416,3677
002136,2025-12-31,VERIZON COMMUNICATIONS INC,VZ,50.0,5010.0,501010.0,50101020.0,517312,4812
002176,2025-12-31,BERKSHIRE HATHAWAY,BRK.B,40.0,4020.0,402010.0,40201030.0,999977,9997
002184,2025-01-31,BEST BUY CO INC,BBY,25.0,2550.0,255040.0,25504020.0,449210,5731
002220,2025-12-31,BIO-RAD LABORATORIES INC,BIO,35.0,3520.0,352030.0,35203010.0,334516,3826
002222,2012-12-31,SAVIENT PHARMACEUTICALS INC,SVNTQ,35.0,3520.0,352010.0,35201010.0,325414,2836
002269,2025-06-30,BLOCK H & R INC,HRB,25.0,2530.0,253020.0,25302020.0,541213,7200
002270,2025-12-31,VALARIS LIMITED,VAL,10.0,1010.0,101010.0,10101010.0,213111,1381
002282,2017-04-30,BOB EVANS FARMS,BOBE,30.0,3020.0,302020.0,30202030.0,311612,2013
002285,2025-12-31,BOEING CO,BA,20.0,2010.0,201010.0,20101010.0,336411,3721
002290,2012-12-31,OFFICEMAX INC,OMX,25.0,2550.0,255040.0,25504040.0,424120,5110
002295,2014-06-30,BOLT TECHNOLOGY CORP,BOLT.1,10.0,1010.0,101010.0,10101020.0,333132,3533
002340,2010-12-31,ENTRPRIZE CORP,ENTP,20.0,2010.0,201020.0,20102010.0,238990,1700
002390,2025-10-31,BRIDGFORD FOODS CORP,BRID,30.0,3020.0,302020.0,30202030.0,311612,2013
002393,2019-06-30,BRIGGS & STRATTON,BGGSQ,20.0,2010.0,201060.0,20106020.0,333618,3510
002403,2025-12-31,BRISTOL-MYERS SQUIBB CO,BMY,35.0,3520.0,352020.0,35202010.0,325412,2834
002410,2025-12-31,BP PLC,BP,10.0,1010.0,101020.0,10102010.0,324110,2911
002411,2019-03-31,BT GROUP PLC,BTY10,50.0,5010.0,501010.0,50101020.0,517311,4813
002436,2025-01-31,CALERES INC,CAL,25.0,2550.0,255040.0,25504010.0,458210,5661
002444,2025-12-31,BRUNSWICK CORP,BC,25.0,2520.0,252020.0,25202010.0,333618,3510
002497,2025-12-31,MASTEC INC,MTZ,20.0,2010.0,201030.0,20103010.0,237130,1623
002504,2025-12-31,UNISYS CORP,UIS,45.0,4510.0,451020.0,45102010.0,541512,7373
002536,2025-03-31,LIVERAMP HOLDINGS INC,RAMP,45.0,4510.0,451030.0,45103010.0,519290,7370
002547,2025-12-31,CIGNA GROUP (THE),CI,35.0,3510.0,351020.0,35102015.0,524114,6324
002556,2019-03-31,CSS INDUSTRIES INC,CSS,25.0,2520.0,252010.0,25201050.0,322220,2670
002574,2025-12-31,CSX CORP,CSX,20.0,2030.0,203040.0,20304010.0,482111,4011
002577,2025-12-31,CTS CORP,CTS,45.0,4520.0,452030.0,45203020.0,33441,3670
002581,2025-12-31,CVD EQUIPMENT CORP,CVV,45.0,4530.0,453010.0,45301010.0,333249,3559
002593,2025-09-30,CABOT CORP,CBT,15.0,1510.0,151010.0,15101010.0,325180,2890
002615,2023-02-28,CALAMP CORP,CAMPQ,45.0,4520.0,452010.0,45201020.0,334220,3663
002721,2024-12-31,CANON INC,CAJPY,45.0,4520.0,452020.0,45202030.0,333310,3577
002735,2024-12-31,CAPITAL PROPERTIES INC,CPTP,60.0,6020.0,602010.0,60201020.0,531190,6519
002751,2025-06-30,CARDINAL HEALTH INC,CAH,35.0,3510.0,351020.0,35102010.0,424210,5122
002771,2025-12-31,CARLISLE COS INC,CSL,20.0,2010.0,201020.0,20102010.0,324122,2950
002783,2025-12-31,PROGRESS ENERGY INC,DUK8,55.0,5510.0,551010.0,55101010.0,2211,4911
002787,2025-06-30,CARPENTER TECHNOLOGY CORP,CRS,20.0,2010.0,201010.0,20101010.0,331110,3312
002812,2012-12-31,DOLE FOOD CO INC,DOLE.1,30.0,3020.0,302020.0,30202030.0,111339,100
002817,2025-12-31,CATERPILLAR INC,CAT,20.0,2010.0,201060.0,20106010.0,333120,3531
002852,2022-12-31,CENTRAL NATURAL RES INC,CTNR,10.0,1010.0,101020.0,10102020.0,533110,6792
002884,2025-12-31,LUMEN TECHNOLOGIES INC,LUMN,50.0,5010.0,501010.0,50101010.0,517111,4813
002938,2012-01-31,CHARMING SHOPPES INC,CHRS.1,25.0,2550.0,255040.0,25504010.0,448120,5621
002940,2020-12-31,MAGELLAN HEALTH INC,MGLN,35.0,3510.0,351020.0,35102030.0,561110,8741
002942,2020-07-31,CANTEL MEDICAL CORP,CMD,35.0,3510.0,351010.0,35101010.0,334510,3845
002968,2025-12-31,JPMORGAN CHASE & CO,JPM,40.0,4010.0,401010.0,40101010.0,522110,6020
002991,2025-12-31,CHEVRON CORP,CVX,10.0,1010.0,101020.0,10102010.0,324110,2911
002999,2025-12-31,CHICAGO RIVET & MACHINE CO,CVR,20.0,2010.0,201060.0,20106020.0,332722,3452
003026,2025-12-31,CHURCH & DWIGHT INC,CHD,30.0,3030.0,303010.0,30301010.0,325611,2840
003028,2025-12-31,CHURCHILL DOWNS INC,CHDN,25.0,2530.0,253010.0,25301010.0,713210,7990
003036,2020-12-31,CINCINNATI BELL INC,CBB,50.0,5010.0,501010.0,50101020.0,517311,4813
003062,2025-05-31,CINTAS CORP,CTAS,20.0,2020.0,202010.0,20201070.0,812331,7200
003107,2025-12-31,CLEVELAND-CLIFFS INC,CLF,15.0,1510.0,151040.0,15104050.0,331110,3310
003121,2025-06-30,CLOROX CO/DE,CLX,30.0,3030.0,303010.0,30301010.0,325612,2842
003138,2025-12-31,COCA COLA CONSOLIDATED INC,COKE,30.0,3020.0,302010.0,30201030.0,312111,2086
003144,2025-12-31,COCA-COLA CO,KO,30.0,3020.0,302010.0,30201030.0,312111,2086
003153,2025-12-31,COEUR MINING INC,CDE,15.0,1510.0,151040.0,15104030.0,21222,1040
003157,2021-09-30,COHERENT INC,COHR.1,45.0,4520.0,452030.0,45203010.0,334516,3826
003158,2025-12-31,COHU INC,COHU,45.0,4530.0,453010.0,45301010.0,334515,3825
003169,2018-12-31,ONCOMED PHARMACEUTICALS,OMED.2,35.0,3520.0,352010.0,35201010.0,325414,2836
003170,2025-12-31,COLGATE-PALMOLIVE CO,CL,30.0,3030.0,303010.0,30301010.0,325611,2844
003198,2025-12-31,COLORADO INTERSTATE GAS CO,CGP1,10.0,1010.0,101020.0,10102040.0,221210,4923
003221,2025-12-31,AON PLC,AON,40.0,4030.0,403010.0,40301010.0,524210,6411
003226,2025-12-31,COMCAST CORP,CMCSA,50.0,5010.0,501010.0,50101020.0,516210,4841
003231,2025-12-31,COMERICA INC,CMA,40.0,4010.0,401010.0,40101010.0,522110,6020
003243,2025-12-31,CITIGROUP INC,C,40.0,4010.0,401010.0,40101010.0,522110,6199
003275,2021-12-31,COMMUNICATIONS SYSTEMS INC,JCS,45.0,4520.0,452010.0,45201020.0,5415,7370
003278,2025-12-31,AVIS BUDGET GROUP INC,CAR,20.0,2030.0,203040.0,20304040.0,532111,7510
003336,2025-03-31,DXC TECHNOLOGY CO,DXC,45.0,4510.0,451020.0,45102010.0,541512,7370
003358,2025-07-31,COMTECH TELECOMMUN,CMTL,45.0,4520.0,452010.0,45201020.0,334220,3663
003362,2025-05-31,CONAGRA BRANDS INC,CAG,30.0,3020.0,302020.0,30202030.0,31142,2000
003382,2025-12-31,SHUTTERSTOCK INC,SSTK,50.0,5020.0,502030.0,50203010.0,516210,7370
003413,2025-12-31,CONSOLIDATED EDISON INC,ED,55.0,5510.0,551030.0,55103010.0,22111,4931
003429,2025-12-31,CTO REALTY GROWTH INC,CTO,60.0,6010.0,601010.0,60101010.0,5311,6798
003469,2021-12-31,CONTINENTAL RESOURCES INC,CLR,10.0,1010.0,101020.0,10102020.0,211120,1311
003532,2025-12-31,CORNING INC,GLW,45.0,4520.0,452030.0,45203015.0,335921,3357
003533,2021-09-30,CORNING NATURAL GAS HLDG CP,CNIG,55.0,5510.0,551020.0,55102010.0,221210,4923
003562,2025-12-31,COUSINS PROPERTIES INC,CUZ,60.0,6010.0,601040.0,60104010.0,531120,6798
003581,2025-12-31,CRAWFORD & CO,CRD.A,40.0,4030.0,403010.0,40301010.0,524291,6411
003594,2011-10-31,CREDO PETROLEUM CORP,CRED.1,10.0,1010.0,101020.0,10102020.0,211111,1311
003619,2025-12-31,CROWN HOLDINGS INC,CCK,15.0,1510.0,151030.0,15103010.0,332431,3411
003622,2025-03-31,CROWN CRAFTS INC,CRWS,25.0,2520.0,252030.0,25203030.0,313210,2211
003647,2025-04-30,CULP INC,CULP,25.0,2520.0,252030.0,25203030.0,313210,2211
003650,2025-12-31,CUMMINS INC,CMI,20.0,2010.0,201060.0,20106010.0,333618,3510
003662,2025-12-31,CURTISS-WRIGHT CORP,CW,20.0,2010.0,201010.0,20101010.0,332912,3728
003708,2025-12-31,WENDY'S CO,WEN,25.0,2530.0,253010.0,25301040.0,722511,5812
003734,2025-12-31,DANA INC,DAN,25.0,2510.0,251010.0,25101010.0,336390,3714
003735,2025-12-31,DANAHER CORP,DHR,35.0,3520.0,352030.0,35203010.0,334516,3826
003761,2025-12-31,DATA I/O CORP,DAIO,45.0,4520.0,452030.0,45203020.0,334515,3825
003801,2025-12-31,DAVEY TREE EXPERT CO,7183B,20.0,2020.0,202010.0,20201050.0,561730,700
003806,2025-12-31,DAWSON GEOPHYSICAL CO,DWSN,10.0,1010.0,101010.0,10101020.0,213112,1382
003813,2025-01-31,TARGET CORP,TGT,30.0,3010.0,301010.0,30101040.0,455219,5331
003820,2013-12-31,VIEWTRAN GROUP INC,VIEWF,40.0,4020.0,402010.0,40201040.0,334220,3663
003835,2025-10-31,DEERE & CO,DE,20.0,2010.0,201060.0,20106015.0,333111,3523
003851,2025-12-31,DELTA AIR LINES INC,DAL,20.0,2030.0,203020.0,20302010.0,481111,4512
003897,2025-12-31,DTE ENERGY CO,DTE,55.0,5510.0,551030.0,55103010.0,2211,4931
003969,2025-12-31,DIODES INC,DIOD,45.0,4530.0,453010.0,45301020.0,334413,3674
004001,2025-12-31,DIXIE GROUP INC,DXYN,25.0,2520.0,252010.0,25201020.0,314110,2273
004016,2025-01-31,DOLLAR GENERAL CORP,DG,30.0,3010.0,301010.0,30101040.0,455219,5331
004029,2025-12-31,DOMINION ENERGY INC,D,55.0,5510.0,551030.0,55103010.0,22111,4911
004036,2025-07-31,DONALDSON CO INC,DCI,20.0,2010.0,201060.0,20106020.0,336390,3714
004040,2021-12-31,DONNELLEY (R R) & SONS CO,RRD,20.0,2020.0,202010.0,20201010.0,32311,2750
004045,2025-12-31,DORCHESTER MINERALS  -LP,DMLP,10.0,1010.0,101020.0,10102020.0,533110,6792
004066,2025-12-31,OMNICOM GROUP INC,OMC,50.0,5020.0,502010.0,50201010.0,541810,7311
004072,2020-07-31,ASCENA RETAIL GROUP INC,ASNAQ,25.0,2550.0,255040.0,25504010.0,448120,5621
004091,2025-12-31,DUCOMMUN INC,DCO,20.0,2010.0,201010.0,20101010.0,336413,3728
004093,2025-12-31,DUKE ENERGY CORP,DUK,55.0,5510.0,551010.0,55101010.0,2211,4931
004115,2025-01-31,DYCOM INDUSTRIES INC,DY,20.0,2010.0,201030.0,20103010.0,237130,1623
004145,2025-12-31,REVVITY INC,RVTY,35.0,3520.0,352030.0,35203010.0,334516,3826
004194,2025-12-31,EASTMAN KODAK CO,KODK,45.0,4520.0,452020.0,45202030.0,325992,3861
004213,2025-12-31,ECOLAB INC,ECL,15.0,1510.0,151010.0,15101050.0,325612,2842
004245,2012-12-31,ELAN CORP PLC,ELN,35.0,3520.0,352010.0,35201010.0,325412,2834
004274,2018-03-31,ELECTRO SCIENTIFIC INDS INC,ESIO,45.0,4520.0,452030.0,45203010.0,335999,3690
004279,2010-12-31,EMS TECHNOLOGIES INC,ELMG,45.0,4520.0,452010.0,45201020.0,334220,3663
004321,2025-09-30,EMERSON ELECTRIC CO,EMR,20.0,2010.0,201040.0,20104010.0,334513,3823
004322,2025-03-31,EMERSON RADIO CORP,MSN,25.0,2520.0,252010.0,25201010.0,334310,3651
004340,2014-06-30,EMULEX CORP,ELX,45.0,4520.0,452010.0,45201020.0,334210,3576
004341,2019-12-31,SORL AUTO PARTS INC,SORL,25.0,2510.0,251010.0,25101010.0,336340,3714
004351,2017-12-31,ENERGEN CORP,EGN,10.0,1010.0,101020.0,10102020.0,211111,4924
004352,2011-06-30,ENERGY CONVERSION DEV,ENERQ,45.0,4530.0,453010.0,45301020.0,334413,3674
004367,2025-12-31,WEATHERFORD INTL PLC,WFRD,10.0,1010.0,101010.0,10101020.0,213111,1381
004383,2025-09-30,ATMOS ENERGY CORP,ATO,55.0,5510.0,551020.0,55102010.0,221210,4924
004409,2025-12-31,ENZON PHARMACEUTICALS -OLD,ENZND.1,35.0,3520.0,352010.0,35201010.0,325414,2836
004423,2025-12-31,EQUIFAX INC,EFX,20.0,2020.0,202020.0,20202020.0,561450,7323
004430,2025-12-31,EQT CORP,EQT,10.0,1010.0,101020.0,10102020.0,2111,1311
004439,2025-12-31,TELEFONAKTIEBOLAGET LM ERICS,ERIC,45.0,4520.0,452010.0,45201020.0,334220,3663
004448,2025-12-31,ESCALADE INC,ESCA,25.0,2520.0,252020.0,25202010.0,339920,3949
004460,2018-09-30,ESTERLINE TECHNOLOGIES CORP,ESL,20.0,2010.0,201010.0,20101010.0,334511,3812
004476,2017-03-31,EXAR CORP,EXAR,45.0,4530.0,453010.0,45301020.0,334413,3674
004497,2025-12-31,DMC GLOBAL INC,BOOM,10.0,1010.0,101010.0,10101020.0,333132,3533
004503,2025-12-31,EXXON MOBIL CORP,XOM,10.0,1010.0,101020.0,10102010.0,324110,2911
004510,2025-12-31,FMC CORP,FMC,15.0,1510.0,151010.0,15101030.0,325320,2870
004517,2025-12-31,NEXTERA ENERGY INC,NEE,55.0,5510.0,551010.0,55101010.0,2211,4911
004560,2014-08-31,FAMILY DOLLAR STORES,FDO,25.0,2550.0,255030.0,25503020.0,452990,5331
004598,2025-05-31,FEDEX CORP,FDX,20.0,2030.0,203010.0,20301010.0,492110,4513
004600,2016-12-31,FEDERAL-MOGUL HOLDINGS CORP,FDML,25.0,2510.0,251010.0,25101010.0,336310,3714
004605,2025-12-31,FEDERAL REALTY INVESTMENT TR,FRT,60.0,6010.0,601070.0,60107010.0,531120,6798
004606,2012-12-31,COLE REAL ESTATE INVESTMENTS,COLE,40.0,4040.0,404020.0,40402060.0,531120,6798
004611,2025-01-31,MACY'S INC,M,25.0,2550.0,255030.0,25503030.0,455110,5311
004640,2025-12-31,FIFTH THIRD BANCORP,FITB,40.0,4010.0,401010.0,40101010.0,522110,6020
004674,2025-12-31,REGIONS FINANCIAL CORP,RF,40.0,4010.0,401010.0,40101015.0,522110,6020
004685,2025-12-31,TRUSTMARK CORP,TRMK,40.0,4010.0,401010.0,40101015.0,522110,6020
004699,2025-12-31,M&T BANK CORP,MTB,40.0,4010.0,401010.0,40101015.0,522110,6020
004707,2018-04-30,FIRST HARTFORD CORP,FHRT,60.0,6020.0,602010.0,60201010.0,5311,6510
004723,2025-12-31,US BANCORP,USB,40.0,4010.0,401010.0,40101010.0,522110,6020
004737,2025-12-31,FIRST HORIZON CORP,FHN,40.0,4010.0,401010.0,40101015.0,522110,6020
004740,2015-12-31,WINTHROP REALTY TRUST,FUR,40.0,4040.0,404020.0,40402010.0,525990,6798
004809,2025-12-31,FLOWERS FOODS INC,FLO,30.0,3020.0,302020.0,30202030.0,311812,2050
004818,2025-12-31,FLUOR CORP,FLR,20.0,2010.0,201030.0,20103010.0,237990,1600
004839,2025-12-31,FORD MOTOR CO,F,25.0,2510.0,251020.0,25102010.0,336110,3711
004842,2017-12-31,FOREST CITY REALTY TRUST INC,FCE.A,60.0,6010.0,601010.0,60101010.0,531120,6798
004843,2014-03-31,FOREST LABORATORIES  -CL A,FRX.1,35.0,3520.0,352020.0,35202010.0,325412,2834
004864,2013-12-31,FOSTER WHEELER AG,FWLT,20.0,2010.0,201030.0,20103010.0,2371,1600
004900,2025-04-30,FREQUENCY ELECTRONICS INC,FEIM,45.0,4520.0,452030.0,45203010.0,334515,3825
004903,2025-03-31,FRIEDMAN INDUSTRIES INC,FRD,15.0,1510.0,151040.0,15104050.0,331221,3310
004926,2025-11-30,FULLER (H. B.) CO,FUL,15.0,1510.0,151010.0,15101050.0,325520,2891
004941,2025-12-31,GATX CORP,GATX,20.0,2010.0,201070.0,20107010.0,532411,4700
004988,2025-12-31,TEGNA INC,TGNA,50.0,5020.0,502010.0,50201020.0,516120,4833
004990,2025-01-31,GAP INC,GAP,25.0,2550.0,255040.0,25504010.0,458110,5651
005018,2022-12-31,AEROJET ROCKETDYNE HOLDINGS,AJRD,20.0,2010.0,201010.0,20101010.0,336415,3760
005046,2025-12-31,GENERAL DYNAMICS CORP,GD,20.0,2010.0,201010.0,20101010.0,336411,3721
005047,2025-12-31,GE AEROSPACE,GE,20.0,2010.0,201010.0,20101010.0,336412,3724
005071,2025-05-31,GENERAL MILLS INC,GIS,30.0,3020.0,302020.0,30202030.0,311230,2040
005072,2025-12-31,ALLY FINANCIAL INC,ALLY,40.0,4020.0,402020.0,40202010.0,522220,6172
005073,2025-12-31,GENERAL MOTORS CO,GM,25.0,2510.0,251020.0,25102010.0,336110,3711
005109,2025-01-31,GENESCO INC,GCO,25.0,2550.0,255040.0,25504010.0,458210,5661
005116,2025-12-31,GENTEX CORP,GNTX,25.0,2510.0,251010.0,25101010.0,336390,3714
005125,2025-12-31,GENUINE PARTS CO,GPC,25.0,2550.0,255010.0,25501010.0,423120,5013
005149,2025-12-31,GETTY REALTY CORP,GTY,60.0,6010.0,601070.0,60107010.0,531120,6798
005165,2023-12-31,GIGA-TRONICS INC,GIGAQ,20.0,2010.0,201010.0,20101010.0,334419,3670
005179,2023-12-31,GLATFELTER CORP,GLT,15.0,1510.0,151050.0,15105020.0,322120,2621
005180,2025-12-31,GSK PLC,GSK,35.0,3520.0,352020.0,35202010.0,325412,2834
005229,2011-12-31,GOODRICH CORP,GR,20.0,2010.0,201010.0,20101010.0,336413,3728
005234,2025-12-31,GOODYEAR TIRE & RUBBER CO,GT,25.0,2510.0,251010.0,25101020.0,326211,3011
005237,2025-12-31,GORMAN-RUPP CO,GRC,20.0,2010.0,201060.0,20106020.0,333914,3561
005242,2020-12-31,COLE REAL ESTATE INCM STRTGY,6283B,40.0,4040.0,404020.0,40402010.0,531120,6798
005250,2020-12-31,GRACE (W R) & CO,GRA,15.0,1510.0,151010.0,15101050.0,325998,2810
005252,2025-12-31,GRACO INC,GGG,20.0,2010.0,201060.0,20106020.0,333914,3561
005256,2025-12-31,GRAINGER (W W) INC,GWW,20.0,2010.0,201070.0,20107010.0,42,5000
005284,2025-12-31,GRAY MEDIA INC,GTN,50.0,5020.0,502010.0,50201020.0,516120,4833
005296,2013-12-31,COLE CORPORATE INCM TR INC,6284B,40.0,4040.0,404020.0,40402010.0,531120,6798
005342,2022-12-31,MONEYGRAM INTERNATIONAL INC,MGI,40.0,4020.0,402010.0,40201060.0,522320,6099
005379,2017-12-31,GULFMARK OFFSHORE INC,GLF,10.0,1010.0,101010.0,10101020.0,483111,4412
005439,2025-12-31,HALLIBURTON CO,HAL,10.0,1010.0,101010.0,10101020.0,213112,1389
005492,2025-12-31,L3HARRIS TECHNOLOGIES INC,LHX,20.0,2010.0,201010.0,20101010.0,334511,3812
005496,2025-12-31,ENVIRI CORP,NVRI,20.0,2020.0,202010.0,20201050.0,331110,3390
005518,2025-12-31,HASBRO INC,HAS,25.0,2520.0,252020.0,25202010.0,339930,3944
005523,2025-12-31,HAVERTY FURNITURE,HVT,25.0,2550.0,255040.0,25504060.0,449110,5712
005539,2025-12-31,HEALTHCARE SERVICES GROUP,HCSG,20.0,2020.0,202010.0,20201070.0,621999,8090
005543,2025-12-31,WELLTOWER INC,WELL,60.0,6010.0,601050.0,60105010.0,531110,6798
005567,2025-10-31,HEICO CORP,HEI,20.0,2010.0,201010.0,20101010.0,336412,3724
005572,2025-02-28,HELEN OF TROY LTD,HELE,25.0,2520.0,252010.0,25201040.0,335210,3634
005581,2025-09-30,HELMERICH & PAYNE,HP,10.0,1010.0,101010.0,10101010.0,213111,1381
005594,2010-07-31,HERLEY INDUSTRIES INC/DE,HRLY,20.0,2010.0,201010.0,20101010.0,334511,3812
005597,2025-12-31,HERSHEY CO,HSY,30.0,3020.0,302020.0,30202030.0,3113,2060
005600,2025-12-31,HERTZ GLOBAL HOLDINGS INC,HTZ,20.0,2030.0,203040.0,20304040.0,532111,7510
005606,2025-10-31,HP INC,HPQ,45.0,4520.0,452020.0,45202030.0,33411,3570
005608,2025-12-31,HEXCEL CORP,HXL,20.0,2010.0,201010.0,20101010.0,325211,2821
005621,2024-12-31,CRAWFORD UNITED CORP,CRAWA,20.0,2010.0,201060.0,20106020.0,3329,3490
005650,2025-03-31,HITACHI LTD,HTHIY,20.0,2010.0,201050.0,20105010.0,999977,9997
005667,2025-12-31,HF SINCLAIR CORP,DINO,10.0,1010.0,101020.0,10102030.0,324110,2911
005680,2025-01-31,HOME DEPOT INC,HD,25.0,2550.0,255040.0,25504030.0,444110,5211
005691,2025-03-31,HONDA MOTOR CO LTD,HMC,25.0,2510.0,251020.0,25102010.0,336110,3711
005709,2025-10-31,HORMEL FOODS CORP,HRL,30.0,3020.0,302020.0,30202030.0,311611,2011
005723,2015-12-31,STARWOOD HOTELS&RESORTS WRLD,HOT,25.0,2530.0,253010.0,25301020.0,721110,7011
005742,2025-12-31,CENTERPOINT ENERGY INC,CNP,55.0,5510.0,551030.0,55103010.0,22111,4931
005763,2022-10-31,URSTADT BIDDLE PROPERTIES,UBA,60.0,6010.0,601070.0,60107010.0,531120,6798
005791,2015-09-30,HUTCHINSON TECHNOLOGY INC,HTCH,45.0,4520.0,452020.0,45202030.0,334418,3679
005831,2020-09-30,IEC ELECTRONICS CORP,IEC,45.0,4520.0,452030.0,45203020.0,334412,3672
005849,2019-12-31,BBX CAPITAL CORP,BBX,25.0,2530.0,253010.0,25301020.0,721110,6035
005860,2025-12-31,ITT INC,ITT,20.0,2010.0,201060.0,20106020.0,333914,3561
005862,2025-12-31,RAYONIER INC,RYN,60.0,6010.0,601080.0,60108040.0,531190,6798
005888,2020-12-31,TELIGENT INC,TLGTQ,35.0,3520.0,352020.0,35202010.0,325412,2834
005918,2017-12-31,VECTREN CORP,VVC,55.0,5510.0,551030.0,55103010.0,221210,4923
005959,2025-12-31,TRANE TECHNOLOGIES PLC,TT,20.0,2010.0,201020.0,20102010.0,333415,3585
005968,2025-12-31,RYERSON HOLDING CORP,RYZ,15.0,1510.0,151040.0,15104050.0,423510,5051
005987,2025-09-30,GRIFFON CORP,GFF,20.0,2010.0,201020.0,20102010.0,332216,3420
006003,2018-03-31,INTEGRATED DEVICE TECH INC,IDTI,45.0,4530.0,453010.0,45301020.0,334413,3674
006008,2025-12-31,INTEL CORP,INTC,45.0,4530.0,453010.0,45301020.0,334413,3674
006013,2024-12-31,CORECARD CORP,CCRD,45.0,4510.0,451030.0,45103010.0,513210,7372
006066,2025-12-31,INTL BUSINESS MACHINES CORP,IBM,45.0,4510.0,451020.0,45102010.0,518210,7370
006081,2020-10-31,NAVISTAR INTERNATIONAL CORP,NAV,20.0,2010.0,201060.0,20106010.0,336120,3711
006100,2025-12-31,INTERDIGITAL INC,IDCC,45.0,4510.0,451030.0,45103010.0,533110,6794
006109,2014-06-30,INTL RECTIFIER CORP,IRF,45.0,4530.0,453010.0,45301020.0,334413,3674
006110,2011-12-31,IRIS INTERNATIONAL INC,IRIS,35.0,3510.0,351010.0,35101010.0,334516,3826
006115,2015-12-31,INTL SHIPHOLDING CORP,ISHCQ,20.0,2030.0,203030.0,20303010.0,483,4400
006130,2014-12-31,INTERPHASE CORP,INPHQ,45.0,4520.0,452010.0,45201020.0,334210,3576
006136,2024-12-31,INTERPUBLIC GROUP OF COS,IPG,50.0,5020.0,502010.0,50201010.0,541810,7311
006194,2018-12-31,ISRAMCO INC,ISRL.1,10.0,1010.0,101020.0,10102020.0,211120,1311
006196,2019-12-31,ANIXTER INTL INC,AXE,45.0,4520.0,452030.0,45203030.0,423690,5065
006213,2012-06-30,EPOCH HOLDING CORP,EPHC,40.0,4020.0,402030.0,40203010.0,523920,6282
006216,2025-09-30,JACOBS SOLUTIONS INC,J,20.0,2020.0,202020.0,20202020.0,54161,8700
006239,2021-11-30,JEFFERIES GROUP LLC,LUK2,40.0,4020.0,402030.0,40203020.0,523110,6211
006242,2010-12-31,SMURFIT-STONE CONTAINER CORP,SSCC.,15.0,1510.0,151030.0,15103020.0,322130,2631
006266,2025-12-31,JOHNSON & JOHNSON,JNJ,35.0,3520.0,352020.0,35202010.0,325412,2834
006268,2025-09-30,JOHNSON CONTROLS INTL PLC,JCI,20.0,2010.0,201020.0,20102010.0,333415,3585
006304,2025-06-30,KLA CORP,KLAC,45.0,4530.0,453010.0,45301010.0,333314,3827
006307,2018-01-31,SEARS HOLDINGS CORP,SHLDQ,25.0,2550.0,255030.0,25503010.0,452111,5311
006310,2025-12-31,KINDER MORGAN INC,KMI,10.0,1010.0,101020.0,10102040.0,486210,4923
006311,2025-12-31,PRIMEENERGY RESOURCES CORP,PNRG,10.0,1010.0,101020.0,10102020.0,211120,1311
006315,2012-03-31,K V PHARMACEUTICAL  -CL A,KVPHQ,35.0,3520.0,352020.0,35202010.0,325412,2834
006326,2023-12-31,KAMAN CORP,KAMN,20.0,2010.0,201010.0,20101010.0,3364,3720
006338,2025-12-31,EVERGY INC,EVRG,55.0,5510.0,551010.0,55101010.0,22111,4931
006375,2024-12-31,KELLANOVA,K,30.0,3020.0,302020.0,30202030.0,311230,2040
006386,2025-06-30,KENNAMETAL INC,KMT,20.0,2010.0,201060.0,20106020.0,333517,3540
006397,2025-12-31,KENTUCKY POWER,AEP4,55.0,5510.0,551010.0,55101010.0,2211,4911
006416,2025-06-30,KEY TRONIC CORP,KTCC,45.0,4520.0,452030.0,45203020.0,334418,3670
006433,2022-06-30,KIMBALL INTERNATIONAL  -CL B,KBAL,20.0,2020.0,202010.0,20201060.0,337211,2520
006435,2025-12-31,KIMBERLY-CLARK CORP,KMB,30.0,3030.0,303010.0,30301010.0,322120,2621
006461,2025-12-31,KIRBY CORP,KEX,20.0,2030.0,203030.0,20303010.0,483211,4400
006497,2025-06-30,KOSS CORP,KOSS,25.0,2520.0,252010.0,25201010.0,334310,3651
006502,2025-01-31,KROGER CO,KR,30.0,3010.0,301010.0,30101030.0,445110,5411
006506,2024-12-31,KUBOTA CORP,KUBTY,20.0,2010.0,201060.0,20106015.0,333111,3523
006509,2025-09-30,KULICKE & SOFFA INDUSTRIES,KLIC,45.0,4530.0,453010.0,45301010.0,333242,3559
006512,2025-03-31,KYOCERA CORP,KYOCY,45.0,4520.0,452030.0,45203015.0,334413,3674
006529,2013-12-31,LSI CORP,LSI.1,45.0,4530.0,453010.0,45301020.0,334413,3674
006532,2017-07-31,XCERRA CORP,XCRA,45.0,4530.0,453010.0,45301010.0,334515,3825
006534,2010-06-30,LA BARGE INC,LB.1,20.0,2010.0,201040.0,20104010.0,334511,3812
006543,2025-04-30,LA-Z-BOY INC,LZB,25.0,2520.0,252010.0,25201020.0,337121,2510
006547,2025-09-30,SPIRE INC,SR,55.0,5510.0,551020.0,55102010.0,221210,4924
006565,2025-06-30,LAM RESEARCH CORP,LRCX,45.0,4530.0,453010.0,45301010.0,333242,3559
006573,2025-06-30,MARZETTI CO (THE),MZTI,30.0,3020.0,302020.0,30202030.0,311941,2030
006653,2020-03-31,LEGG MASON INC,LM,40.0,4020.0,402030.0,40203010.0,523920,6282
006661,2014-12-31,4LICENSING CORP,FOURQ,25.0,2540.0,254010.0,25401030.0,533110,6794
006669,2025-11-30,LENNAR CORP,LEN,25.0,2520.0,252010.0,25201030.0,236117,1531
006682,2025-11-30,JEFFERIES FINANCIAL GRP INC,JEF,40.0,4020.0,402030.0,40203020.0,523150,6211
006730,2025-12-31,LILLY (ELI) & CO,LLY,35.0,3520.0,352020.0,35202010.0,325412,2834
006733,2025-01-31,BATH & BODY WORKS INC,BBWI,25.0,2550.0,255040.0,25504040.0,456120,5990
006768,2016-12-31,KATE SPADE & CO,KATE,25.0,2520.0,252030.0,25203010.0,315,2300
006774,2025-12-31,LOCKHEED MARTIN CORP,LMT,20.0,2010.0,201010.0,20101010.0,336414,3760
006781,2025-12-31,LOEWS CORP,L,40.0,4030.0,403010.0,40301040.0,524126,6331
006788,2025-12-31,RANGE RESOURCES CORP,RRC,10.0,1010.0,101020.0,10102020.0,2111,1311
006791,2025-12-31,FIRST ACCEPTANCE CORP,FACO,40.0,4030.0,403010.0,40301040.0,524126,6331
006821,2025-12-31,LOUISIANA-PACIFIC CORP,LPX,15.0,1510.0,151050.0,15105010.0,321219,2400
006829,2025-01-31,LOWE'S COS INC,LOW,25.0,2550.0,255040.0,25504030.0,444110,5211
006845,2020-12-31,LYDALL INC,LDL,20.0,2010.0,201060.0,20106020.0,336390,3714
006848,2025-12-31,LGL GROUP INC,LGL,45.0,4520.0,452030.0,45203015.0,334419,3679
006865,2023-12-31,MDC HOLDINGS INC,MDC,25.0,2520.0,252010.0,25201030.0,236117,1531
006900,2020-09-30,MTS SYSTEMS CORP,MTSC,45.0,4520.0,452030.0,45203010.0,334519,3829
006946,2025-12-31,MAGNA INTERNATIONAL INC,MGA,25.0,2510.0,251010.0,25101010.0,336211,3714
006972,2025-03-31,MAKITA CORP,MKTAY,20.0,2010.0,201060.0,20106020.0,333991,3540
007017,2023-12-31,MARATHON OIL CORP,MRO,10.0,1010.0,101020.0,10102020.0,2111,1311
007034,2025-06-30,MARINE PETROLEUM TRUST,MARPS,10.0,1010.0,101020.0,10102020.0,533110,6792
007063,2025-12-31,HOST HOTELS & RESORTS INC,HST,60.0,6010.0,601030.0,60103010.0,531120,6798
007085,2025-12-31,MASCO CORP,MAS,20.0,2010.0,201020.0,20102010.0,332913,3430
007092,2020-06-30,CCUR HOLDINGS INC,CCUR,40.0,4020.0,402010.0,40201040.0,531,6500
007107,2013-02-28,MATERIAL SCIENCES CORP,MASC,15.0,1510.0,151010.0,15101050.0,332813,3470
007116,2025-12-31,MATTEL INC,MAT,25.0,2520.0,252020.0,25202010.0,339930,3942
007124,2018-12-31,MAXWELL TECHNOLOGIES INC,MXWL,45.0,4520.0,452030.0,45203020.0,335311,3612
007146,2025-11-30,MCCORMICK & CO INC,MKC,30.0,3020.0,302020.0,30202030.0,311942,2090
007152,2019-12-31,MCDERMOTT INTL INC,MDRIQ,10.0,1010.0,101010.0,10101020.0,541330,8711
007154,2025-12-31,MCDONALD'S CORP,MCD,25.0,2530.0,253010.0,25301040.0,722513,5812
007163,2025-12-31,S&P GLOBAL INC,SPGI,40.0,4020.0,402030.0,40203040.0,561450,7323
007171,2025-03-31,MCKESSON CORP,MCK,35.0,3510.0,351020.0,35102010.0,424210,5122
007186,2011-12-31,MEDCO HEALTH SOLUTIONS INC,MHS,35.0,3510.0,351020.0,35102015.0,446110,5912
007192,2011-12-31,INTEGRAL VISION INC,INVI,45.0,4520.0,452030.0,45203010.0,333314,3827
007205,2014-03-31,MEDICAL ACTION INDUSTRIES,MDCI,35.0,3510.0,351010.0,35101020.0,339113,3842
007228,2025-04-30,MEDTRONIC PLC,MDT,35.0,3510.0,351010.0,35101010.0,334510,3845
007241,2025-12-31,CVS HEALTH CORP,CVS,35.0,3510.0,351020.0,35102015.0,621,8000
007257,2025-12-31,MERCK & CO INC,MRK,35.0,3520.0,352020.0,35202010.0,325412,2834
007260,2021-06-30,MEREDITH CORP,MDP,50.0,5020.0,502010.0,50201040.0,511120,2721
007291,2025-04-30,METHODE ELECTRONICS INC,MEI,45.0,4520.0,452030.0,45203020.0,334417,3678
007300,2013-12-31,UNITED CAPITAL CORP,UCAP,20.0,2010.0,201050.0,20105010.0,721110,7011
007309,2025-03-31,MEXCO ENERGY CORP,MXC,10.0,1010.0,101020.0,10102020.0,211120,1311
007316,2021-01-31,MICHAELS COS INC,MIK,25.0,2550.0,255040.0,25504040.0,451120,5945
007343,2025-08-31,MICRON TECHNOLOGY INC,MU,45.0,4530.0,453010.0,45301020.0,334413,3674
007346,2017-09-30,MICROSEMI CORP,MSCC,45.0,4530.0,453010.0,45301020.0,334413,3674
007366,2025-12-31,ENTERGY CORP,ETR,55.0,5510.0,551010.0,55101010.0,22111,4911
007368,2025-12-31,MIDDLESEX WATER CO,MSEX,55.0,5510.0,551040.0,55104010.0,221310,4941
007422,2018-12-31,EXCO RESOURCES INC,EXCE,10.0,1010.0,101020.0,10102020.0,211130,1311
007435,2025-12-31,3M CO,MMM,20.0,2010.0,201050.0,20105010.0,999977,9997
007437,2024-12-31,ALLETE INC,ALE,55.0,5510.0,551010.0,55101010.0,221111,4931
007447,2011-12-31,MISSION WEST PROPERTIES INC,MSWP,40.0,4040.0,404020.0,40402040.0,531120,6798
007469,2011-03-31,ZARLINK SEMICONDUCTOR INC,3ZARLF,45.0,4530.0,453010.0,45301020.0,334413,3674
007471,2025-03-31,MITSUI & CO LTD,MITSY,20.0,2010.0,201070.0,20107010.0,42,5000
007486,2025-03-31,MODINE MANUFACTURING CO,MOD,20.0,2010.0,201020.0,20102010.0,333415,3585
007506,2013-06-30,MOLEX INC,MOLX,45.0,4520.0,452030.0,45203020.0,334417,3678
007509,2014-12-31,MOLYCORP INC,MCPIQ,15.0,1510.0,151040.0,15104020.0,331492,3390
007525,2021-09-30,MONMOUTH RE INVESTMENT CP,MNR.2,60.0,6010.0,601010.0,60101020.0,531120,6798
007526,2025-12-31,QUIDELORTHO CORP,QDEL,35.0,3510.0,351010.0,35101010.0,325413,2835
007549,2025-09-30,MOOG INC  -CL A,MOG.A,20.0,2010.0,201010.0,20101010.0,336413,3728
007585,2025-12-31,MOTOROLA SOLUTIONS INC,MSI,45.0,4520.0,452010.0,45201020.0,334220,3663
007620,2025-12-31,MURPHY OIL CORP,MUR,10.0,1010.0,101020.0,10102020.0,2111,1311
007637,2025-12-31,VIATRIS INC,VTRS,35.0,3520.0,352020.0,35202010.0,325412,2834
007647,2025-12-31,BANK OF AMERICA CORP,BAC,40.0,4010.0,401010.0,40101010.0,522110,6020
007648,2025-12-31,NCR VOYIX CORP,VYX,45.0,4510.0,451030.0,45103010.0,513210,7372
007658,2025-12-31,NL INDUSTRIES,NL,20.0,2020.0,202010.0,20201060.0,332991,3562
007682,2018-12-31,NANOMETRICS INC,NANO,45.0,4530.0,453010.0,45301010.0,334519,3829
007694,2015-12-31,MARINA BIOTECH INC -OLD,MRNA.1,35.0,3520.0,352010.0,35201010.0,325412,2834
007696,2025-03-31,NATHAN'S FAMOUS INC,NATH,25.0,2530.0,253010.0,25301040.0,311612,2013
007733,2025-09-30,NATIONAL FUEL GAS CO,NFG,55.0,5510.0,551020.0,55102010.0,221210,4924
007741,2025-12-31,NATIONAL HEALTHCARE CORP,NHC,35.0,3510.0,351020.0,35102020.0,623311,8051
007750,2025-12-31,TENET HEALTHCARE CORP,THC,35.0,3510.0,351020.0,35102020.0,622110,8062
007759,2020-12-31,GP STRATEGIES CORP,GPX,20.0,2020.0,202020.0,20202010.0,611430,8200
007762,2025-12-31,NATIONAL PRESTO INDS INC,NPK,20.0,2010.0,201010.0,20101010.0,33299,3480
007772,2011-05-31,NATIONAL SEMICONDUCTOR CORP,NSM.2,45.0,4530.0,453010.0,45301020.0,334413,3674
007875,2025-12-31,NEWELL BRANDS INC,NWL,25.0,2520.0,252010.0,25201050.0,3352,3630
007881,2025-12-31,NEWMONT CORP,NEM,15.0,1510.0,151040.0,15104030.0,212220,1040
007906,2025-05-31,NIKE INC  -CL B,NKE,25.0,2520.0,252030.0,25203020.0,316210,3021
007912,2019-12-31,NOBLE ENERGY INC,NBL,10.0,1010.0,101020.0,10102020.0,2111,1311
007922,2025-01-31,NORDSTROM INC,JWN,25.0,2550.0,255030.0,25503030.0,458110,5651
007923,2025-12-31,NORFOLK SOUTHERN CORP,NSC,20.0,2030.0,203040.0,20304010.0,482111,4011
007938,2025-12-31,NACCO INDUSTRIES  -CL A,NC,10.0,1010.0,101020.0,10102050.0,212114,1221
007951,2025-01-31,MOVADO GROUP INC,MOV,25.0,2520.0,252030.0,25203010.0,334519,3873
007970,2025-12-31,EVERSOURCE ENERGY,ES,55.0,5510.0,551010.0,55101010.0,2211,4931
007974,2025-12-31,NISOURCE INC,NI,55.0,5510.0,551030.0,55103010.0,221210,4932
007977,2025-12-31,XCEL ENERGY INC,XEL,55.0,5510.0,551010.0,55101010.0,2211,4931
007980,2011-12-31,NORTEL NETWORKS CORP,NRTLQ,45.0,4520.0,452010.0,45201020.0,999990,9995
007985,2025-12-31,NORTHROP GRUMMAN CORP,NOC,20.0,2010.0,201010.0,20101010.0,334511,3812
007991,2025-12-31,TEREX CORP,TEX,20.0,2010.0,201060.0,20106010.0,333923,3530
007994,2025-12-31,NORTHWEST PIPELINE CORP,WMB2,10.0,1010.0,101020.0,10102040.0,486210,4922
008007,2025-12-31,WELLS FARGO & CO,WFC,40.0,4010.0,401010.0,40101010.0,522110,6020
008020,2025-12-31,NOVO NORDISK A/S,NVO,35.0,3520.0,352020.0,35202010.0,325412,2834
008030,2025-12-31,NUCOR CORP,NUE,15.0,1510.0,151040.0,15104050.0,331110,3312
008065,2010-02-28,OAKRIDGE ENERGY INC,OAKR,10.0,1010.0,101020.0,10102020.0,211111,1311
008068,2025-12-31,OCCIDENTAL PETROLEUM CORP,OXY,10.0,1010.0,101020.0,10102010.0,2111,1311
008092,2025-12-31,BRISTOW GROUP INC,VTOL,10.0,1010.0,101010.0,10101020.0,481211,4522
008099,2025-12-31,FIRSTENERGY CORP,FE,55.0,5510.0,551010.0,55101010.0,22111,4911
008101,2012-11-30,SEALY CORP,ZZ,25.0,2520.0,252010.0,25201020.0,337910,2510
008105,2025-07-31,OIL DRI CORP AMERICA,ODC,30.0,3030.0,303010.0,30301010.0,327992,3290
008148,2025-12-31,ONE LIBERTY PROPERTIES INC,OLP,60.0,6010.0,601025.0,60102510.0,531120,6798
008151,2025-12-31,ONEOK INC,OKE,10.0,1010.0,101020.0,10102040.0,221210,4923
008169,2017-12-31,ORBOTECH LTD,ORBK,45.0,4520.0,452030.0,45203010.0,334513,3823
008176,2025-12-31,ORBIT INTERNATIONAL CORP,ORBT,20.0,2010.0,201040.0,20104010.0,334511,3812
008210,2023-12-31,OVERSEAS SHIPHOLDING GROUP,OSG.1,10.0,1010.0,101020.0,10102040.0,483111,4412
008213,2025-12-31,ACCENDRA HEALTH INC,ACH,35.0,3510.0,351020.0,35102010.0,423450,5047
008214,2025-12-31,OWENS CORNING,OC,20.0,2010.0,201020.0,20102010.0,327993,3290
008215,2025-12-31,O-I GLASS INC,OI,15.0,1510.0,151030.0,15103010.0,327213,3221
008219,2025-01-31,OXFORD INDUSTRIES INC,OXM,25.0,2520.0,252030.0,25203010.0,315,2300
008229,2022-12-31,P & F INDUSTRIES  -CL A,PFIN,20.0,2010.0,201060.0,20106020.0,333991,3540
008245,2025-12-31,PNC FINANCIAL SVCS GROUP INC,PNC,40.0,4010.0,401010.0,40101010.0,522110,6020
008247,2025-12-31,PPG INDUSTRIES INC,PPG,15.0,1510.0,151010.0,15101050.0,325510,2851
008253,2025-12-31,PACCAR INC,PCAR,20.0,2010.0,201060.0,20106010.0,336120,3711
008264,2025-12-31,PG&E CORP,PCG,55.0,5510.0,551010.0,55101010.0,2211,4931
008272,2025-12-31,SEMPRA ENERGY,SRE,55.0,5510.0,551030.0,55103010.0,486210,4923
008304,2014-07-31,PALL CORP,PLL.1,20.0,2010.0,201060.0,20106020.0,333999,3569
008326,2021-12-31,PANHANDLE EASTERN PIPE LINE,PEL1,55.0,5510.0,551020.0,55102010.0,486210,4922
008333,2014-12-31,PAR PHARMACEUTCL HLDGS -REDH,7259B,35.0,3520.0,352020.0,35202010.0,325412,2834
008334,2025-12-31,PAR TECHNOLOGY CORP,PAR,45.0,4510.0,451030.0,45103010.0,541511,7371
008348,2025-02-28,PARK AEROSPACE CORP,PKE,20.0,2010.0,201010.0,20101010.0,334412,3672
008350,2025-12-31,PARK OHIO HOLDINGS CORP,PKOH,20.0,2010.0,201060.0,20106020.0,423710,5072
008357,2019-12-31,PARKER DRILLING CO,PKDC,10.0,1010.0,101010.0,10101010.0,213111,1381
008358,2025-06-30,PARKER-HANNIFIN CORP,PH,20.0,2010.0,201060.0,20106020.0,332912,3490
008363,2015-12-31,PARKWAY PROPERTIES INC,PKY.1,60.0,6010.0,601010.0,60101040.0,531110,6798
008387,2020-12-31,GOODRICH PETROLEUM CORP,GDP,10.0,1010.0,101020.0,10102020.0,211130,1311
008402,2025-05-31,PAYCHEX INC,PAYX,20.0,2020.0,202020.0,20202010.0,541214,8721
008440,2022-12-31,RANGER OIL CORPORATION,ROCC,10.0,1010.0,101020.0,10102020.0,2111,1311
008455,2025-12-31,PPL CORP,PPL,55.0,5510.0,551010.0,55101010.0,2211,4911
008457,2022-12-31,PENNSYLVANIA RE INVS TRUST,PRETQ,60.0,6010.0,601070.0,60107010.0,531120,6798
008463,2025-12-31,PENTAIR PLC,PNR,20.0,2010.0,201060.0,20106020.0,333914,3561
008479,2025-12-31,PEPSICO INC,PEP,30.0,3020.0,302010.0,30201030.0,31211,2080
008512,2022-12-31,PDC ENERGY INC,PDCE,10.0,1010.0,101020.0,10102020.0,211120,1311
008530,2025-12-31,PFIZER INC,PFE,35.0,3520.0,352020.0,35202010.0,325412,2834
008539,2025-12-31,EXELON CORP,EXC,55.0,5510.0,551010.0,55101010.0,22111,4911
008542,2025-12-31,ESSENTIAL UTILITIES INC,WTRG,55.0,5510.0,551040.0,55104010.0,221310,4941
008543,2025-12-31,ALTRIA GROUP INC,MO,30.0,3020.0,302030.0,30203010.0,312230,2111
008544,2025-12-31,PLDT INC,PHI,50.0,5010.0,501020.0,50102010.0,517112,4812
008546,2024-12-31,KONINKLIJKE PHILIPS NV,PHG,35.0,3510.0,351010.0,35101010.0,334510,3845
008549,2025-12-31,CONOCOPHILLIPS,COP,10.0,1010.0,101020.0,10102020.0,2111,1311
008551,2025-01-31,PVH CORP,PVH,25.0,2520.0,252030.0,25203010.0,315,2300
008579,2019-02-28,PIER 1 IMPORTS INC/DE,PIRRQ,25.0,2550.0,255040.0,25504060.0,442299,5700
008582,2025-03-31,SENECA FOODS CORP,SENEA,30.0,3020.0,302020.0,30202030.0,311421,2033
008599,2025-03-31,AGILYSYS INC,AGYS,45.0,4510.0,451030.0,45103010.0,513210,7372
008606,2025-12-31,PITNEY BOWES INC,PBI,20.0,2020.0,202010.0,20201060.0,333310,3579
008633,2022-03-31,PLANTRONICS INC,POLY,45.0,4520.0,452010.0,45201020.0,334210,3661
008661,2025-12-31,PROFESSIONAL DIVERSITY NETWK,IPDN,20.0,2020.0,202020.0,20202010.0,5613,7361
008694,2015-12-31,PEPCO HOLDINGS INC,POM.2,55.0,5510.0,551010.0,55101010.0,2211,4911
008717,2015-12-31,PRECISION CASTPARTS CORP,PCP,20.0,2010.0,201010.0,20101010.0,336413,3728
008762,2025-06-30,PROCTER & GAMBLE CO,PG,30.0,3030.0,303010.0,30301010.0,325611,2840
008823,2025-12-31,PULTEGROUP INC,PHM,25.0,2520.0,252010.0,25201030.0,236117,1531
008826,2025-08-31,PURE CYCLE CORP,PCYO,55.0,5510.0,551040.0,55104010.0,237210,6552
008832,2025-01-31,ARGAN INC,AGX,20.0,2010.0,201030.0,20103010.0,541330,8711
008838,2013-12-31,PYRAMID OIL CO,PDO.1,10.0,1010.0,101020.0,10102020.0,211111,1311
008850,2025-12-31,QUAKER HOUGHTON,KWR,15.0,1510.0,151010.0,15101050.0,324191,2990
008864,2025-09-30,AMTECH SYSTEMS INC,ASYS,45.0,4530.0,453010.0,45301010.0,333242,3559
008867,2025-03-31,QUANTUM CORP,QMCO,45.0,4520.0,452020.0,45202030.0,334112,3572
008892,2025-12-31,RCM TECHNOLOGIES INC,RCMT,20.0,2020.0,202020.0,20202020.0,561320,7363
008901,2025-12-31,RPC INC,RES,10.0,1010.0,101010.0,10101020.0,213112,1389
008902,2025-05-31,RPM INTERNATIONAL INC,RPM,15.0,1510.0,151010.0,15101050.0,325998,2890
008958,2021-01-31,RAVEN INDUSTRIES INC,RAVN,20.0,2010.0,201050.0,20105010.0,326113,3080
008972,2019-12-31,RAYTHEON CO,RTN,20.0,2010.0,201010.0,20101010.0,334511,3812
009016,2025-12-31,REGAL REXNORD CORP,RRX,20.0,2010.0,201040.0,20104010.0,335312,3621
009023,2025-06-30,REGIS CORP/MN,RGS,25.0,2530.0,253020.0,25302020.0,812112,7200
009063,2025-12-31,AUTONATION INC,AN,25.0,2550.0,255040.0,25504050.0,441110,5500
009125,2025-05-31,RICHARDSON ELECTRONICS LTD,RELL,45.0,4520.0,452030.0,45203030.0,423690,5065
009155,2023-02-28,RITE AID CORP,RADCQ,30.0,3010.0,301010.0,30101010.0,456110,5912
009248,2025-01-31,ROSS STORES INC,ROST,25.0,2550.0,255040.0,25504010.0,458110,5651
009256,2015-12-31,ROUSE PROPERTIES INC,RSE,40.0,4040.0,404020.0,40402060.0,531120,6798
009258,2018-12-31,ROWAN COMPANIES LTD,RDC,10.0,1010.0,101010.0,10101010.0,213111,1381
009273,2025-12-31,ROYAL GOLD INC,RGLD,15.0,1510.0,151040.0,15104030.0,523910,6795
009284,2013-09-30,HARRIS TEETER SUPERMARKETS,HTSI,30.0,3010.0,301010.0,30101030.0,445110,5411
009289,2013-12-31,KID BRANDS INC,KIDBQ,25.0,2520.0,252010.0,25201020.0,339999,3990
009299,2025-12-31,RYDER SYSTEM INC,R,20.0,2030.0,203040.0,20304030.0,532120,7510
009302,2014-12-31,RYLAND GROUP INC,RYL,25.0,2520.0,252010.0,25201030.0,236117,1531
009325,2015-12-31,SL INDUSTRIES INC,SLI.1,20.0,2010.0,201040.0,20104010.0,335999,3620
009359,2013-12-31,SAFEWAY INC,SWY,30.0,3010.0,301010.0,30101030.0,445110,5411
009372,2015-12-31,ST JUDE MEDICAL INC,STJ,35.0,3510.0,351010.0,35101010.0,334510,3845
009465,2025-12-31,SLB LTD,SLB,10.0,1010.0,101010.0,10101020.0,213112,1389
009472,2017-08-31,SCHULMAN (A.) INC,SHLM,15.0,1510.0,151010.0,15101050.0,325211,2821
009521,2025-12-31,HORIZON KINETICS HLDING CORP,HKHC,30.0,3030.0,303020.0,30302010.0,523940,6282
009551,2025-03-31,DIGITAL TURBINE INC,APPS,45.0,4510.0,451030.0,45103010.0,513210,7372
009590,2021-12-31,INTRICON CORP,IIN,35.0,3510.0,351010.0,35101010.0,334510,3842
009599,2025-01-31,SEMTECH CORP,SMTC,45.0,4530.0,453010.0,45301020.0,334413,3674
009664,2025-12-31,SHENANDOAH TELECOMMUN CO,SHEN,50.0,5010.0,501010.0,50101020.0,517111,4813
009667,2025-12-31,SHERWIN-WILLIAMS CO,SHW,15.0,1510.0,151010.0,15101050.0,325510,2851
009693,2011-12-31,JOHN D OIL AND GAS CO,JDOGQ,10.0,1010.0,101020.0,10102020.0,211111,1311
009698,2025-09-30,SIFCO INDUSTRIES,SIF,20.0,2010.0,201010.0,20101010.0,336412,3724
009699,2014-12-31,SIGMA-ALDRICH CORP,SIAL,15.0,1510.0,151010.0,15101050.0,325411,2833
009728,2025-12-31,MCEWEN INC,MUX,15.0,1510.0,151040.0,15104030.0,212221,1040
009799,2025-02-28,SOLITRON DEVICES INC,SODI,45.0,4530.0,453010.0,45301020.0,334413,3674
009815,2025-12-31,SONOCO PRODUCTS CO,SON,15.0,1510.0,151030.0,15103020.0,322219,2650
009818,2025-03-31,SONY GROUP CORPORATION,SONY,25.0,2520.0,252010.0,25201010.0,335,3600
009835,2019-12-31,PIONEER ENERGY SERVICES CORP,PESXQ,10.0,1010.0,101010.0,10101010.0,213112,1389
009850,2025-12-31,SOUTHERN CO,SO,55.0,5510.0,551010.0,55101010.0,2211,4911
009860,2025-12-31,SOUTHERN NATURAL GAS CO,SNT1,10.0,1010.0,101020.0,10102040.0,486210,4922
009867,2011-12-31,SOUTHERN UNION CO,SUG,10.0,1010.0,101020.0,10102040.0,221210,4924
009882,2025-12-31,SOUTHWEST AIRLINES,LUV,20.0,2030.0,203020.0,20302010.0,481111,4512
009890,2025-12-31,SOUTHWEST GAS HOLDINGS INC,SWX,55.0,5510.0,551020.0,55102010.0,221210,4923
009899,2025-12-31,AT&T INC,T,50.0,5010.0,501010.0,50101020.0,517112,4812
009904,2023-12-31,SOUTHWESTERN ENERGY CO,SWN,10.0,1010.0,101020.0,10102020.0,2111,1311
009916,2016-09-30,SPAN-AMERICA MEDICAL SYS INC,SPAN,35.0,3510.0,351010.0,35101020.0,334510,3842
009919,2025-12-31,AEBI SCHMIDT HOLDING AG,AEBI,20.0,2010.0,201060.0,20106010.0,333924,3537
009937,2010-11-30,SPECTRUM CONTROL INC,SPEC.2,45.0,4520.0,452030.0,45203015.0,334419,3679
009954,2013-12-31,SPIRE CORP,SPIR.1,45.0,4530.0,453010.0,45301010.0,334413,3674
009999,2012-02-29,STANDARD MICROSYSTEMS CORP,SMSC,45.0,4530.0,453010.0,45301020.0,334413,3674
010000,2025-12-31,STANDARD MOTOR PRODS,SMP,25.0,2510.0,251010.0,25101010.0,336320,3690
010002,2016-12-31,CALATLANTIC GROUP INC,CAA,25.0,2520.0,252010.0,25201030.0,236117,1531
010016,2025-12-31,STANLEY BLACK & DECKER INC,SWK,20.0,2010.0,201060.0,20106020.0,333991,3540
010035,2025-12-31,STATE STREET CORP,STT,40.0,4020.0,402030.0,40203010.0,523940,6282
010086,2025-12-31,STEWART INFORMATION SERVICES,STC,40.0,4030.0,403010.0,40301040.0,524127,6361
010096,2025-12-31,PUBLIC STORAGE,PSA,60.0,6010.0,601080.0,60108020.0,531130,6798
010115,2025-12-31,STRYKER CORP,SYK,35.0,3510.0,351010.0,35101010.0,339112,3841
010156,2011-12-31,SUNOCO INC,SUN.1,10.0,1010.0,101020.0,10102030.0,324110,2911
010187,2018-12-31,SUNTRUST BANKS INC,STI.1,40.0,4010.0,401010.0,40101015.0,522110,6020
010190,2018-02-28,SUPERVALU INC,SVU,30.0,3010.0,301010.0,30101030.0,424410,5141
010195,2024-12-31,SUPERIOR INDUSTRIES INTL,SSUP,25.0,2510.0,251010.0,25101010.0,336390,3714
010213,2014-12-31,SUTRON CORP,STRN.1,45.0,4520.0,452030.0,45203010.0,334519,3829
010215,2011-12-31,SWANK INC,SNKI,25.0,2520.0,252030.0,25203010.0,316993,3100
010221,2023-12-31,SILVERBOW RESOURCES INC,SBOW,10.0,1010.0,101020.0,10102020.0,211130,1311
010244,2010-03-31,SYNTHETECH INC,3NZYM,35.0,3520.0,352010.0,35201010.0,325199,2860
010247,2025-06-30,SYSCO CORP,SYY,30.0,3010.0,301010.0,30101020.0,4244,5140
010277,2015-12-31,TECO ENERGY INC,TE.1,55.0,5510.0,551030.0,55103010.0,221112,4931
010286,2011-12-31,TII NETWORK TECHNOLOGIES INC,TIII,45.0,4520.0,452010.0,45201020.0,334290,3669
010305,2023-05-31,TSR INC,TSRI,45.0,4510.0,451020.0,45102010.0,541511,7371
010345,2010-12-31,TASTY BAKING CO,TSTY,30.0,3020.0,302020.0,30202030.0,311812,2050
010364,2022-09-30,TECHNICAL COMMUNICATIONS CP,TCCO,45.0,4520.0,452010.0,45201020.0,334220,3663
010382,2010-03-31,TECHNOLOGY RESEARCH CORP,TRCI,20.0,2010.0,201040.0,20104010.0,335313,3613
010386,2014-12-31,TECUMSEH PRODUCTS CO,TECU,20.0,2010.0,201060.0,20106020.0,333415,3585
010405,2025-12-31,ATI INC -NEW,ATI,20.0,2010.0,201010.0,20101010.0,331491,3350
010420,2012-12-31,TELLABS INC,TLAB,45.0,4520.0,452010.0,45201020.0,334210,3661
010443,2021-12-31,TENNECO INC,TEN.2,25.0,2510.0,251010.0,25101010.0,336390,3714
010453,2025-12-31,TERADYNE INC,TER,45.0,4530.0,453010.0,45301010.0,334515,3825
010466,2017-12-31,ANDEAVOR,ANDV,10.0,1010.0,101020.0,10102030.0,324110,2911
010484,2025-12-31,UNITED AIRLINES INC,UAL2,20.0,2030.0,203020.0,20302010.0,48111,4512
010499,2025-12-31,TEXAS INSTRUMENTS INC,TXN,45.0,4530.0,453010.0,45301020.0,334413,3674
010504,2025-12-31,TEXAS PACIFIC LAND CORP,TPL,10.0,1010.0,101020.0,10102020.0,533110,6792
010519,2025-12-31,TEXTRON INC,TXT,20.0,2010.0,201010.0,20101010.0,336411,3721
010530,2025-12-31,THERMO FISHER SCIENTIFIC INC,TMO,35.0,3520.0,352030.0,35203010.0,334516,3826
010549,2025-07-31,THOR INDUSTRIES INC,THO,25.0,2510.0,251020.0,25102010.0,336213,3716
010564,2017-12-31,TIDELANDS ROYALTY TRUST B,TIRTZ,10.0,1010.0,101020.0,10102020.0,533110,6792
010565,2025-12-31,TIDEWATER INC,TDW,10.0,1010.0,101010.0,10101020.0,488390,4400
010609,2025-12-31,TOOTSIE ROLL INDUSTRIES INC,TR,30.0,3020.0,302020.0,30202030.0,311340,2060
010629,2011-12-31,TOWER PROPERTIES CO,TPRP,60.0,6020.0,602010.0,60201010.0,531120,6512
010631,2018-12-31,TOTAL SYSTEM SERVICES INC,TSS,45.0,4510.0,451020.0,45102020.0,522320,7389
010678,2025-12-31,TRANSCONTINENTAL GAS PIPE LN,E1,10.0,1010.0,101020.0,10102040.0,486210,4922
010735,2025-12-31,TRINITY INDUSTRIES INC,TRN,20.0,2010.0,201060.0,20106010.0,336510,3743
010757,2013-12-31,UNS ENERGY CORP,UNS,55.0,5510.0,551010.0,55101010.0,2211,4911
010787,2015-09-30,TYCO INTERNATIONAL PLC,TYC,20.0,2020.0,202010.0,20201080.0,334290,3669
010793,2025-09-30,TYSON FOODS INC  -CL A,TSN,30.0,3020.0,302020.0,30202030.0,311611,2011
010813,2013-12-31,URS CORP,URS,20.0,2010.0,201030.0,20103010.0,541330,8711
010816,2018-12-31,USG CORP,USG.1,20.0,2010.0,201020.0,20102010.0,327420,3270
010832,2021-12-31,UNICO AMERICAN CORP,UNAM,40.0,4030.0,403010.0,40301040.0,524126,6331
010839,2025-06-30,UNIFI INC,UFI,25.0,2520.0,252030.0,25203030.0,313110,2200
010846,2025-12-31,UNILEVER PLC,UL,30.0,3030.0,303020.0,30302010.0,3256,2840
010860,2025-12-31,AMEREN CORP,AEE,55.0,5510.0,551030.0,55103010.0,2211,4931
010877,2025-12-31,UNIT CORP,UNTC,10.0,1010.0,101020.0,10102010.0,2111,1311
010902,2025-12-31,UNITED-GUARDIAN INC,UG,30.0,3030.0,303020.0,30302010.0,325412,2834
010903,2025-12-31,UNITEDHEALTH GROUP INC,UNH,35.0,3510.0,351020.0,35102030.0,524114,6324
010920,2025-12-31,UNITED PARCEL SERVICE INC,UPS,20.0,2030.0,203010.0,20301010.0,492210,4210
010930,2025-12-31,U S ANTIMONY CORP,UAMY,15.0,1510.0,151040.0,15104020.0,331410,3330
010938,2025-12-31,US ENERGY CORP,USEG,10.0,1010.0,101020.0,10102020.0,211120,1311
010981,2017-12-31,ESSENDANT INC,ESND,20.0,2020.0,202010.0,20201060.0,423430,5045
010983,2025-12-31,RTX CORP,RTX,20.0,2010.0,201010.0,20101010.0,336412,3724
010984,2019-03-31,SPRINT CORP,S.4,50.0,5010.0,501020.0,50102010.0,517312,4812
010991,2025-12-31,LIGHT & WONDER INC,LNWO,25.0,2530.0,253010.0,25301010.0,334118,3570
011017,2025-03-31,UNIVERSAL CORP/VA,UVV,30.0,3020.0,302030.0,30203010.0,424590,5150
011027,2025-03-31,UNIVERSAL SAFETY PRDUCTS INC,UUU,45.0,4520.0,452030.0,45203010.0,334290,3669
011060,2025-03-31,VF CORP,VFC,25.0,2520.0,252030.0,25203010.0,315,2300
011065,2025-12-31,VSE CORP,VSEC,20.0,2010.0,201010.0,20101010.0,488190,4581
011115,2020-09-30,VARIAN MEDICAL SYSTEMS INC,VAR,35.0,3510.0,351010.0,35101010.0,334510,3845
011124,2025-12-31,VEECO INSTRUMENTS INC,VECO,45.0,4530.0,453010.0,45301010.0,333242,3559
011169,2024-02-29,VIDEO DISPLAY CORP,VIDE,45.0,4520.0,452020.0,45202030.0,334419,3670
011191,2025-12-31,VISHAY INTERTECHNOLOGY INC,VSH,45.0,4520.0,452030.0,45203015.0,33441,3670
011213,2021-10-31,VOLT INFO SCIENCES INC,VOLT.3,20.0,2020.0,202020.0,20202010.0,561320,7363
011220,2025-12-31,VORNADO REALTY TRUST,VNO,60.0,6010.0,601040.0,60104010.0,531120,6798
011228,2025-12-31,VULCAN MATERIALS CO,VMC,15.0,1510.0,151020.0,15102010.0,212319,1400
011234,2025-08-31,WD-40 CO,WDFC,30.0,3030.0,303010.0,30301010.0,325998,2890
011259,2025-01-31,WALMART INC,WMT,30.0,3010.0,301010.0,30101040.0,455219,5331
011264,2024-08-31,WALGREENS BOOTS ALLIANCE INC,WBA,30.0,3010.0,301010.0,30101010.0,456110,5912
011300,2025-12-31,GRAHAM HOLDINGS CO,GHC,25.0,2530.0,253020.0,25302010.0,611691,8200
011301,2025-12-31,ELME COMMUNITIES,ELME,60.0,6010.0,601060.0,60106010.0,531110,6798
011302,2017-08-31,WSI INDUSTRIES INC,WSCI,20.0,2010.0,201060.0,20106020.0,3339,3560
011340,2020-12-31,WEINGARTEN REALTY INVST,WRI,60.0,6010.0,601010.0,60101070.0,531120,6798
011343,2025-12-31,WEIS MARKETS INC,WMK,30.0,3010.0,301010.0,30101030.0,445110,5411
011399,2025-06-30,WESTERN DIGITAL CORP,WDC,45.0,4520.0,452020.0,45202030.0,334112,3572
011440,2017-12-31,WESTMORELAND COAL CO,WLBAQ,10.0,1010.0,101020.0,10102050.0,212111,1220
011446,2014-12-31,MEADWESTVACO CORP,MWV,15.0,1510.0,151030.0,15103020.0,322130,2631
011456,2025-12-31,WEYERHAEUSER CO,WY,60.0,6010.0,601080.0,60108040.0,321,2400
011465,2025-12-31,WHIRLPOOL CORP,WHR,25.0,2520.0,252010.0,25201040.0,3352,3630
011499,2025-04-30,WILEY (JOHN) & SONS  -CL A,WLY,50.0,5020.0,502010.0,50201040.0,513120,2721
011506,2025-12-31,WILLIAMS COS INC,WMB,10.0,1010.0,101020.0,10102040.0,486210,4922
011511,2025-01-31,WILLIAMS-SONOMA INC,WSM,25.0,2550.0,255040.0,25504060.0,449110,5961
011580,2025-09-30,WOODWARD INC,WWD,20.0,2010.0,201010.0,20101010.0,3364,3720
011584,2025-01-31,FOOT LOCKER INC,FL,25.0,2550.0,255040.0,25504010.0,458210,5661
011636,2025-12-31,XEROX HOLDINGS CORP,XRX,45.0,4520.0,452020.0,45202030.0,333316,3577
011644,2019-12-31,KEY ENERGY SERVICES INC,KEGX,10.0,1010.0,101010.0,10101010.0,213111,1381
011649,2022-12-31,YELLOW CORP,YELLQ,20.0,2030.0,203040.0,20304030.0,484122,4213
011669,2013-07-31,ZALE CORP,ZLC,25.0,2550.0,255040.0,25504040.0,448310,5944
011670,2025-09-30,SPECTRUM BRND HLDG INC,SPB,30.0,3030.0,303010.0,30301010.0,335210,3634
011672,2025-01-31,TJX COS INC (THE),TJX,25.0,2550.0,255040.0,25504010.0,458110,5651
011721,2025-12-31,OSHKOSH CORP,OSK,20.0,2010.0,201060.0,20106010.0,336120,3711
011738,2014-12-31,TRADE STREET RESIDENTIAL INC,TSRE,40.0,4040.0,404020.0,40402050.0,531110,6798
011745,2025-12-31,QUALYS INC,QLYS,45.0,4510.0,451030.0,45103020.0,513210,7372
011756,2025-12-31,ALEXANDER & BALDWIN INC,ALEX,60.0,6010.0,601010.0,60101010.0,5311,6798
011796,2025-12-31,LCI INDUSTRIES,LCII,25.0,2510.0,251010.0,25101010.0,336211,3711
011856,2025-12-31,TRUIST FINANCIAL CORP,TFC,40.0,4010.0,401010.0,40101015.0,522110,6020
011910,2010-10-31,NOVELL INC,NOVL,45.0,4510.0,451030.0,45103020.0,541519,7370
011923,2018-12-31,ANADARKO PETROLEUM CORP,APC.1,10.0,1010.0,101020.0,10102020.0,2111,1311
011925,2025-12-31,NOBLE CORP PLC,NE,10.0,1010.0,101010.0,10101010.0,213111,1381
011929,2021-12-31,ACURA PHARMACEUTICALS INC,ACUR,35.0,3520.0,352020.0,35202010.0,325412,2834
011930,2024-11-30,CCA INDUSTRIES INC,CAWW,30.0,3030.0,303020.0,30302010.0,325620,2844
011944,2022-06-30,TUESDAY MORNING CORP,TUEMQ,25.0,2550.0,255030.0,25503030.0,455219,5331
012053,2015-12-31,EMC CORP/MA,EMC.2,45.0,4520.0,452020.0,45202030.0,334112,3572
012081,2025-12-31,GLADSTONE LAND CORP,LAND,60.0,6010.0,601080.0,60108010.0,531190,6798
012096,2025-12-31,ENVELA CORP,ELA,25.0,2550.0,255040.0,25504040.0,458310,5990
012123,2024-01-31,BIG LOTS INC,BIGGQ,25.0,2550.0,255030.0,25503030.0,455219,5331
012124,2025-12-31,MORGAN STANLEY,MS,40.0,4020.0,402030.0,40203020.0,523110,6211
012138,2025-12-31,PRICE (T. ROWE) GROUP,TROW,40.0,4020.0,402030.0,40203010.0,523940,6282
012140,2025-12-31,NNN REIT INC,NNN,60.0,6010.0,601070.0,60107010.0,531120,6798
012141,2025-06-30,MICROSOFT CORP,MSFT,45.0,4510.0,451030.0,45103020.0,513210,7372
012142,2025-05-31,ORACLE CORP,ORCL,45.0,4510.0,451030.0,45103020.0,513210,7372
012151,2025-06-30,COTY INC,COTY,30.0,3030.0,303020.0,30302010.0,325620,2844
012171,2020-01-31,TECH DATA CORP,TECD,45.0,4520.0,452030.0,45203030.0,423430,5045
012181,2025-12-31,REPLIGEN CORP,RGEN,35.0,3520.0,352030.0,35203010.0,325414,2836
012206,2014-12-31,DIRECTV,DTV.2,25.0,2540.0,254010.0,25401025.0,515210,4841
012212,2010-12-31,TEKELEC,TKLC,45.0,4520.0,452010.0,45201020.0,334220,3663
012215,2019-12-31,CYPRESS SEMICONDUCTOR CORP,CY,45.0,4530.0,453010.0,45301020.0,334413,3674
012216,2016-06-30,LINEAR TECHNOLOGY CORP,LLTC,45.0,4530.0,453010.0,45301020.0,334413,3674
012233,2010-12-31,GENZYME CORP,GENZ.1,35.0,3520.0,352010.0,35201010.0,325414,2836
012234,2018-01-31,SIGMA DESIGNS INC,SIGM,45.0,4530.0,453010.0,45301020.0,334413,3674
012250,2019-12-31,AMAG PHARMACEUTICALS INC,AMAG,35.0,3520.0,352020.0,35202010.0,325412,2834
012252,2025-12-31,XOMA ROYALTY CORP,XOMA,35.0,3520.0,352010.0,35201010.0,325414,2836
012256,2015-12-31,STEEL EXCEL INC,SXCL,10.0,1010.0,101010.0,10101020.0,213112,1389
012257,2015-12-31,GLOBEIMMUNE INC,GBIM,35.0,3520.0,352010.0,35201010.0,325414,2836
012294,2025-12-31,MPLX LP,MPLX,10.0,1010.0,101020.0,10102040.0,486110,4610
012338,2012-12-31,HEALTH MANAGEMENT ASSOC,HMA.2,35.0,3510.0,351020.0,35102020.0,622110,8062
012378,2011-06-30,CHAUS (BERNARD) INC,3CHBD,25.0,2520.0,252030.0,25203010.0,31523,2330
012379,2025-04-30,AMERICAN WOODMARK CORP,AMWD,20.0,2010.0,201020.0,20102010.0,337110,2430
012384,2025-12-31,SHELL PLC,SHEL,10.0,1010.0,101020.0,10102010.0,324110,2911
012389,2025-12-31,HARLEY-DAVIDSON INC,HOG,25.0,2510.0,251020.0,25102020.0,336991,3751
012392,2025-12-31,SKYWEST INC,SKYW,20.0,2030.0,203020.0,20302010.0,481111,4512
012407,2025-06-30,U S GLOBAL INVESTORS INC,GROW,40.0,4020.0,402030.0,40203010.0,523920,6282
012421,2023-01-31,KASPIEN HOLDINGS INC,KSPN,45.0,4510.0,451030.0,45103010.0,455,5961
012432,2019-12-31,HI-CRUSH INC,HCRSQ,10.0,1010.0,101010.0,10101020.0,212399,1400
012433,2022-09-30,MERIDIAN BIOSCIENCE INC,VIVO.1,35.0,3510.0,351010.0,35101020.0,325413,2835
012441,2025-12-31,GARTNER INC,IT,45.0,4510.0,451020.0,45102010.0,541910,8700
012458,2025-06-30,PRO-DEX INC/CO,PDEX,35.0,3510.0,351010.0,35101010.0,339112,3841
012482,2025-09-30,CLEARFIELD INC,CLFD,45.0,4520.0,452010.0,45201020.0,334419,3679
012485,2025-12-31,OPTIMUM COMMUNICATIONS INC,OPTU,50.0,5020.0,502010.0,50201030.0,516120,4841
012522,2021-12-31,RADA ELECTRONIC INDUSTRIES,RADA,20.0,2010.0,201010.0,20101010.0,334511,3812
012540,2025-11-30,ADOBE INC,ADBE,45.0,4510.0,451030.0,45103010.0,518210,7370
012544,2025-12-31,ST JOE CO,JOE,60.0,6020.0,602010.0,60201010.0,721110,7011
012578,2025-12-31,VALHI INC,VHI,15.0,1510.0,151010.0,15101050.0,325130,2810
012589,2025-12-31,ENCOMPASS HEALTH CORP,EHC,35.0,3510.0,351020.0,35102020.0,622310,8060
012597,2025-01-31,LAKELAND INDUSTRIES INC,LAKE,25.0,2520.0,252030.0,25203010.0,339113,3842
012598,2025-12-31,PAMT CORP,PAMT,20.0,2030.0,203040.0,20304030.0,484121,4213
012615,2025-12-31,M/I HOMES INC,MHO,25.0,2520.0,252010.0,25201030.0,236117,1531
012625,2025-12-31,MARTEN TRANSPORT LTD,MRTN,20.0,2030.0,203040.0,20304030.0,484230,4213
012669,2015-12-31,CARMIKE CINEMAS INC,CKEC,25.0,2540.0,254010.0,25401030.0,512131,7830
012689,2025-11-30,KB HOME,KBH,25.0,2520.0,252010.0,25201030.0,236117,1531
012691,2012-12-31,THERAGENICS CORP,TGX,35.0,3510.0,351010.0,35101010.0,339113,3842
012708,2012-12-31,GEOKINETICS INC,GEOKQ,10.0,1010.0,101010.0,10101020.0,541360,1382
012713,2025-12-31,ABEONA THERAPEUTICS INC,ABEO,35.0,3520.0,352010.0,35201010.0,325414,2836
012719,2025-12-31,APYX MEDICAL CORP,APYX,35.0,3510.0,351010.0,35101010.0,334510,3845
012756,2025-12-31,COCA-COLA EUROPACIFIC PARTNE,CCEP,30.0,3020.0,302010.0,30201030.0,312111,2086
012761,2025-12-31,SUNOPTA INC,STKL,30.0,3020.0,302020.0,30202030.0,3119,2090
012788,2016-06-30,HARMAN INTERNATIONAL INDS,HAR,25.0,2520.0,252010.0,25201010.0,334310,3651
012796,2020-12-31,CORELOGIC INC,CLGX,20.0,2020.0,202020.0,20202020.0,518210,7374
012803,2016-12-31,GIGAMON INC,GIMO,45.0,4510.0,451030.0,45103020.0,541512,7373
012833,2025-12-31,DELEK LOGISTICS PARTNERS LP,DKL,10.0,1010.0,101020.0,10102040.0,486,4610
012868,2015-10-31,QUIKSILVER INC,ZQKSQ,25.0,2520.0,252030.0,25203010.0,315280,2320
012892,2025-12-31,SUNOCO LP,SUN,10.0,1010.0,101020.0,10102030.0,424720,5172
012915,2025-12-31,ORASURE TECHNOLOGIES INC,OSUR,35.0,3510.0,351010.0,35101020.0,325413,2835
012926,2025-12-31,FRP HOLDINGS INC,FRPH,60.0,6020.0,602010.0,60201020.0,531110,6513
012945,2025-09-30,PLEXUS CORP,PLXS,45.0,4520.0,452030.0,45203020.0,334412,3672
013011,2012-03-31,NETWORK EQUIPMENT TECH INC,NWK,45.0,4520.0,452010.0,45201020.0,334210,3576
013124,2010-12-31,NATIONWIDE HEALTH PPTYS INC,NHP.1,40.0,4040.0,404020.0,40402070.0,531110,6798
013125,2025-12-31,HEALTHPEAK PROPERTIES INC,DOC,60.0,6010.0,601050.0,60105010.0,531120,6798
013163,2011-03-31,PARLUX FRAGRANCES INC,PARL,30.0,3030.0,303020.0,30302010.0,325620,2844
013189,2021-12-31,CEDAR REALTY TRUST INC,CDR,60.0,6010.0,601010.0,60101070.0,531120,6798
013200,2025-10-31,PHOTRONICS INC,PLAB,45.0,4530.0,453010.0,45301010.0,334413,3674
013235,2025-12-31,IMMUCELL CORP,ICCC,35.0,3520.0,352010.0,35201010.0,325413,2835
013251,2019-12-31,MEDAMERICA PROPERTIES INC,MAMP,60.0,6010.0,601020.0,60102020.0,531120,6512
013312,2025-06-30,BHP GROUP LTD,BHP,15.0,1510.0,151040.0,15104020.0,212,1000
013323,2021-10-31,SANDERSON FARMS INC,SAFM,30.0,3020.0,302020.0,30202030.0,311615,2015
013328,2011-01-31,C&D TECHNOLOGIES INC,CHHP.1,20.0,2010.0,201040.0,20104010.0,335911,3690
013362,2018-01-31,NAKED BRAND GROUP INC,NAKD.1,25.0,2520.0,252030.0,25203010.0,315,2300
013375,2017-12-31,GCI LIBERTY INC -OLD,GNCMA,50.0,5010.0,501010.0,50101020.0,517110,4813
013381,2025-01-31,DESTINATION XL GROUP INC,DXLG,25.0,2550.0,255040.0,25504010.0,458110,5651
013409,2010-12-31,SOUTHWALL TECHNOLOGIES,SWTX.1,15.0,1510.0,151010.0,15101010.0,326113,3081
013431,2024-12-31,BERRY CORP,BRY,10.0,1010.0,101020.0,10102020.0,211120,1311
013432,2010-12-31,BLUE DOLPHIN ENERGY CO  -OLD,BDCO.1,10.0,1010.0,101020.0,10102040.0,486210,4922
013440,2016-12-31,LEVEL 3 COMMUNICATIONS INC,LVLT,50.0,5010.0,501010.0,50101010.0,517110,4813
013498,2025-11-30,CARNIVAL CORP LTD,CCL,25.0,2530.0,253010.0,25301020.0,483112,4400
013540,2016-12-31,WHITEWAVE FOODS CO,WWAV,30.0,3020.0,302020.0,30202030.0,311511,2020
013562,2025-12-31,BRANDYWINE REALTY TRUST,BDN,60.0,6010.0,601040.0,60104010.0,531120,6798
013579,2024-12-31,EQUITY COMMONWEALTH,EQC,60.0,6010.0,601040.0,60104010.0,531120,6798
013599,2018-12-31,CELGENE CORP,CELG,35.0,3520.0,352010.0,35201010.0,325412,2834
013630,2012-12-31,EDAC TECHNOLOGIES CORP,EDAC,20.0,2010.0,201010.0,20101010.0,334519,3829
013634,2014-03-31,EXIDE TECHNOLOGIES,XIDEQ,25.0,2510.0,251010.0,25101010.0,335911,3690
013646,2020-01-31,TIFFANY & CO,TIF,25.0,2550.0,255040.0,25504040.0,448310,5944
013657,2016-12-31,ALLIANCE HEALTHCARE SVCS INC,AIQ.1,35.0,3510.0,351020.0,35102015.0,621512,8071
013683,2025-12-31,TELEFONICA SA,TELFY,50.0,5010.0,501010.0,50101020.0,517112,4812
013700,2025-12-31,DENTSPLY SIRONA INC,XRAY,35.0,3510.0,351010.0,35101020.0,339114,3843
013765,2025-06-30,NATURAL ALTERNATIVES,NAII,30.0,3030.0,303020.0,30302010.0,325412,2834
013782,2019-03-31,MULTI-COLOR CORP,LABL,20.0,2020.0,202010.0,20201010.0,323111,2750
013786,2025-12-31,HERON THERAPEUTICS INC,HRTX,35.0,3520.0,352010.0,35201010.0,325414,2836
013800,2017-12-31,ALMOST FAMILY INC,AFAM,35.0,3510.0,351020.0,35102015.0,621610,8082
013824,2025-09-30,FAIR ISAAC CORP,FICO,45.0,4510.0,451030.0,45103010.0,541512,7373
013835,2024-12-31,REGULUS THERAPEUTICS INC,RGLS,35.0,3520.0,352010.0,35201010.0,325414,2836
013839,2018-12-31,CAMBREX CORP,CBM,35.0,3520.0,352030.0,35203010.0,325411,2833
013888,2024-12-31,MR COOPER GROUP INC,COOP,40.0,4020.0,402010.0,40201050.0,522292,6162
013971,2025-12-31,METHANEX CORP,MEOH,15.0,1510.0,151010.0,15101010.0,325199,2860
013988,2025-12-31,SCHWAB (CHARLES) CORP,SCHW,40.0,4020.0,402030.0,40203020.0,523940,6282
014043,2025-12-31,PACCAR FINANCIAL CORP,PCAR1,40.0,4020.0,402020.0,40202010.0,522220,6153
014102,2013-10-31,NORDION INC,NDZ,35.0,3520.0,352030.0,35203010.0,339113,3842
014140,2025-12-31,BANCO SANTANDER SA,SAN,40.0,4010.0,401010.0,40101010.0,522110,6020
014150,2012-03-31,IMAGE ENTERTAINMENT INC,DISK,25.0,2540.0,254010.0,25401030.0,334614,7819
014155,2023-12-31,VANTAGE DRILLING INTERNATION,VTDRF,10.0,1010.0,101010.0,10101010.0,213111,1381
014182,2013-12-31,AMCOL INTERNATIONAL CORP,ACO,15.0,1510.0,151040.0,15104020.0,212325,1400
014252,2014-08-31,WEGENER CORP,WGNR,45.0,4520.0,452010.0,45201020.0,334220,3663
014256,2021-06-30,MAXIM INTEGRATED PRODUCTS,MXIM,45.0,4530.0,453010.0,45301020.0,334413,3674
014275,2022-12-31,FIRST REPUBLIC BANK,FRCB,40.0,4010.0,401010.0,40101015.0,522110,6020
014282,2025-12-31,AMPHENOL CORP,APH,45.0,4520.0,452030.0,45203015.0,334417,3678
014304,2019-12-31,AKORN OPERATING COMPANY LLC,AKRXQ,35.0,3520.0,352020.0,35202010.0,325412,2834
014309,2025-12-31,INTERPARFUMS INC,IPAR,30.0,3030.0,303020.0,30302010.0,325620,2844
014311,2025-12-31,POLARIS INC,PII,25.0,2520.0,252020.0,25202010.0,336999,3790
014316,2014-12-31,TALISMAN ENERGY INC,TLM,10.0,1010.0,101020.0,10102020.0,211111,1311
014324,2014-12-31,ALTERA CORP,ALTR.1,45.0,4530.0,453010.0,45301020.0,334413,3674
014359,2023-12-31,PIONEER NATURAL RESOURCES CO,PXD,10.0,1010.0,101020.0,10102020.0,211120,1311
014401,2025-12-31,INVESTORS TITLE CO,ITIC,40.0,4030.0,403010.0,40301040.0,524127,6361
014412,2018-12-31,SOTHEBY'S,BID,25.0,2530.0,253020.0,25302020.0,561990,7389
014417,2012-03-31,MICRONETICS INC,NOIZ,45.0,4520.0,452030.0,45203015.0,334419,3679
014477,2025-12-31,WASTE MANAGEMENT INC,WM,20.0,2020.0,202010.0,20201050.0,562111,4953
014489,2025-01-31,DELL TECHNOLOGIES INC,DELL,45.0,4520.0,452020.0,45202030.0,334111,3571
014538,2025-12-31,TEVA PHARMACEUTICALS,TEVA,35.0,3520.0,352020.0,35202010.0,325412,2834
014583,2017-12-31,PACIFIC OFFICE PROPERTIES TR,PCFO,60.0,6010.0,601010.0,60101040.0,531120,6798
014590,2025-12-31,FREEPORT-MCMORAN INC,FCX,15.0,1510.0,151040.0,15104025.0,212230,1000
014597,2017-12-31,JUNIPER PHARMACEUTICALS INC,JNP,35.0,3520.0,352020.0,35202010.0,325412,2834
014603,2024-04-30,AVID BIOSERVICES INC,CDMO,35.0,3520.0,352010.0,35201010.0,325413,2835
014605,2025-12-31,WPP PLC,WPP,50.0,5020.0,502010.0,50201010.0,541810,7311
014623,2011-12-31,NOVELLUS SYSTEMS INC,NVLS.1,45.0,4530.0,453010.0,45301010.0,333295,3559
014650,2013-03-31,BMC SOFTWARE INC,BMC,45.0,4510.0,451030.0,45103020.0,511210,7372
014729,2025-12-31,LIBERTY ALL-STAR EQUITY,USA,,,,,525990,6726
014752,2025-12-31,WESTERN ASST INV GRD INCM FD,PAI,,,,,525990,6726
014790,2025-12-31,MERITAGE HOMES CORP,MTH,25.0,2520.0,252010.0,25201030.0,236117,1531
014793,2023-12-31,ARCH RESOURCES INC,ARCH,15.0,1510.0,151040.0,15104050.0,21211,1220
014794,2025-12-31,CORE MOLDING TECHNOLOGIES,CMT,15.0,1510.0,151010.0,15101010.0,326199,3089
014824,2025-12-31,CINCINNATI FINANCIAL CORP,CINF,40.0,4030.0,403010.0,40301040.0,524126,6331
014895,2012-12-31,MERISEL INC,MSEL,20.0,2020.0,202010.0,20201010.0,423430,5045
014908,2010-12-31,PRIDE INTERNATIONAL INC,PDE,10.0,1010.0,101010.0,10101010.0,213111,1381
014924,2024-12-31,NAM TAI PROPERTY INC,NTPIF,60.0,6020.0,602010.0,60201020.0,531120,6512
014934,2025-12-31,DEVON ENERGY CORP,DVN,10.0,1010.0,101020.0,10102020.0,2111,1311
014938,2011-09-30,LOGIC DEVICES INC,LOGC.1,45.0,4530.0,453010.0,45301020.0,334413,3674
014960,2025-12-31,LABCORP HOLDINGS INC,LH,35.0,3510.0,351020.0,35102015.0,621511,8071
015027,2018-12-31,TOR MINERALS INTL INC,TORM,15.0,1510.0,151010.0,15101050.0,325130,2810
015037,2018-12-31,GOLDCORP INC,GG,15.0,1510.0,151040.0,15104030.0,212221,1040
015056,2016-01-31,XURA INC,MESG,45.0,4510.0,451030.0,45103010.0,519130,7370
015060,2023-12-31,CALLON PETROLEUM CO/DE,CPE,10.0,1010.0,101020.0,10102020.0,2111,1311
015087,2025-12-31,LIFEWAY FOODS INC,LWAY,30.0,3020.0,302020.0,30202030.0,311511,2020
015093,2017-12-31,CVR REFINING LP,CVRR,10.0,1010.0,101020.0,10102030.0,324110,2911
015101,2025-12-31,MFA FINANCIAL INC,MFA,40.0,4020.0,402040.0,40204010.0,525990,6798
015106,2010-12-31,BECKMAN COULTER INC,BEC,35.0,3510.0,351010.0,35101010.0,334516,3826
015111,2022-12-31,RPT REALTY,RPT.1,60.0,6010.0,601070.0,60107010.0,531120,6798
015129,2018-12-31,LKA GOLD INC,LKAI,15.0,1510.0,151040.0,15104030.0,21222,1040
015142,2022-12-31,ISTAR INC,STAR,60.0,6010.0,601010.0,60101010.0,531190,6798
015148,2014-12-31,ARMORED AUTOGROUP INC,8552B,30.0,3030.0,303010.0,30301010.0,325612,2842
015172,2020-12-31,FIAT CHRYSLER AUTOMOBILES NV,FCAU,25.0,2510.0,251020.0,25102010.0,336111,3711
015212,2025-12-31,CROSSAMERICA PARTNERS LP,CAPL,10.0,1010.0,101020.0,10102040.0,424720,5172
015247,2025-12-31,VALERO ENERGY CORP,VLO,10.0,1010.0,101020.0,10102030.0,324110,2911
015252,2025-12-31,TRIMAS CORP,TRS,15.0,1510.0,151030.0,15103010.0,332119,3460
015253,2010-12-31,CKX INC,CKXE,25.0,2540.0,254010.0,25401030.0,512110,7812
015267,2025-12-31,IDEX CORP,IEX,20.0,2010.0,201060.0,20106020.0,333914,3561
015274,2014-12-31,WALTER ENERGY INC,WLTGQ,15.0,1510.0,151040.0,15104050.0,21211,1220
015314,2015-12-31,SOLARCITY CORP,SCTY.1,20.0,2010.0,201040.0,20104010.0,335999,3620
015319,2025-12-31,REPSOL SA,REPYY,10.0,1010.0,101020.0,10102010.0,324110,2911
015327,2024-03-31,BONSO ELECTRONICS INTL INC,BNSOF,45.0,4520.0,452030.0,45203010.0,333998,3590
015396,2018-12-31,SUNCOKE ENERGY PARTNERS LP,SXCP,15.0,1510.0,151040.0,15104050.0,324199,3312
015414,2025-06-30,BIO-TECHNE CORP,TECH,35.0,3520.0,352030.0,35203010.0,325414,2836
015420,2025-01-31,AMBARELLA INC,AMBA,45.0,4530.0,453010.0,45301020.0,334413,3674
015444,2025-12-31,CRH PLC,CRH,15.0,1510.0,151020.0,15102010.0,327310,3241
015459,2025-12-31,TREDEGAR CORP,TG,15.0,1510.0,151040.0,15104010.0,3313,3350
015489,2022-12-31,HUMANIGEN INC,HGENQ,35.0,3520.0,352010.0,35201010.0,325414,2836
015509,2025-12-31,HSBC HLDGS PLC,HSBC,40.0,4010.0,401010.0,40101010.0,522110,6020
015520,2025-01-31,SIGNET JEWELERS LTD,SIG,25.0,2550.0,255040.0,25504040.0,458310,5944
015521,2017-01-31,STAPLES INC,SPLS.1,25.0,2550.0,255040.0,25504040.0,424120,5110
015539,2022-12-31,PARATEK PHARMACEUTCLS INC,PRTK,35.0,3520.0,352020.0,35202010.0,325412,2834
015545,2025-12-31,AVIVA PLC,AVVIY,40.0,4030.0,403010.0,40301030.0,524113,6311
015576,2025-12-31,DEUTSCHE BANK AG,DB,40.0,4020.0,402030.0,40203030.0,522110,6020
015617,2025-12-31,ING GROEP NV,ING,40.0,4010.0,401010.0,40101010.0,522110,6020
015634,2025-12-31,NATWEST GROUP PLC,NWG,40.0,4010.0,401010.0,40101010.0,522110,6020
015704,2025-12-31,THOMSON REUTERS CORP,TRI,20.0,2020.0,202020.0,20202020.0,519290,7370
015708,2014-12-31,ALLERGAN INC,AGN.2,35.0,3520.0,352020.0,35202010.0,325412,2834
015803,2018-12-31,NOVELION THERAPEUTICS INC,NVLNF,35.0,3520.0,352010.0,35201010.0,325412,2834
015855,2025-03-31,GEN DIGITAL INC,GEN,45.0,4510.0,451030.0,45103020.0,513210,7372
016009,2025-01-31,SPORTSMANS WAREHOUSE HLDGS,SPWH,25.0,2550.0,255040.0,25504040.0,459110,5940
016026,2020-12-31,SEADRILL PARTNERS LLC,SDLPQ,10.0,1010.0,101010.0,10101010.0,213111,1381
016051,2025-12-31,ALLIANCEBERNSTEIN LP,8622B,40.0,4020.0,402030.0,40203010.0,523,6200
016101,2025-12-31,ABBVIE INC,ABBV,35.0,3520.0,352010.0,35201010.0,325414,2836
016116,2021-12-31,CYRUSONE INC,CONE,60.0,6010.0,601010.0,60101080.0,531120,6798
016125,2025-12-31,CHIRON REAL ESTATE INC,XRN,60.0,6010.0,601050.0,60105010.0,531120,6798
016188,2025-12-31,COGNEX CORP,CGNX,45.0,4520.0,452030.0,45203010.0,334513,3823
016225,2025-12-31,WESTERN MIDSTRM PRTNRS LP,WES,10.0,1010.0,101020.0,10102040.0,486210,4922
016269,2025-09-30,ENANTA PHARMACEUTICALS INC,ENTA,35.0,3520.0,352010.0,35201010.0,325414,2836
016401,2025-03-31,CIRRUS LOGIC INC,CRUS,45.0,4530.0,453010.0,45301020.0,334413,3674
016416,2015-12-31,RUCKUS WIRELESS INC,RKUS,45.0,4520.0,452010.0,45201020.0,3342,3576
016453,2025-05-31,NEOGEN CORP,NEOG,35.0,3510.0,351010.0,35101020.0,325412,2834
016476,2025-11-30,LEVI STRAUSS & CO,LEVI,25.0,2520.0,252030.0,25203010.0,315,2300
016477,2025-12-31,LEAR CORP,LEA,25.0,2510.0,251010.0,25101010.0,336360,2531
016478,2025-12-31,EOG RESOURCES INC,EOG,10.0,1010.0,101020.0,10102020.0,2111,1311
016486,2025-12-31,BOISE CASCADE CO,BCC,20.0,2010.0,201070.0,20107010.0,423310,5031
016582,2025-12-31,NUTRIEN LTD,NTR,15.0,1510.0,151010.0,15101030.0,325311,2870
016597,2025-12-31,LATTICE SEMICONDUCTOR CORP,LSCC,45.0,4530.0,453010.0,45301020.0,334413,3674
016653,2025-12-31,TAYLOR MORRISON HOME CORP,TMHC,25.0,2520.0,252010.0,25201030.0,236117,1531
016700,2019-12-31,FRONT YARD RESIDENTIAL CORP,RESI.1,60.0,6010.0,601010.0,60101060.0,531110,6798
016720,2023-12-31,ACCELITRON ADN MTR CNTRL INC,AAMCF,60.0,6020.0,602010.0,60201040.0,522292,6162
016721,2025-03-31,ELECTRONIC ARTS INC,EA,50.0,5020.0,502020.0,50202020.0,513210,7372
016738,2021-12-31,HOUGHTON MIFFLIN HARCOURT CO,HMHC,25.0,2530.0,253020.0,25302010.0,511130,2731
016745,2025-12-31,PROTHENA CORPORATION PLC,PRTA,35.0,3520.0,352010.0,35201010.0,325414,2836
016775,2025-12-31,CITIZENS INC,CIA,40.0,4030.0,403010.0,40301020.0,524113,6311
016878,2025-12-31,ELAH HOLDINGS INC,ELLH,15.0,1510.0,151040.0,15104010.0,525990,6726
016947,2025-12-31,ACTINIUM PHARMACEUTICALS INC,ATNM,35.0,3520.0,352010.0,35201010.0,325414,2836
017101,2022-12-31,IMMUNOGEN INC,IMGN,35.0,3520.0,352010.0,35201010.0,325414,2836
017200,2025-11-30,BNY MELLON STRG MNPL BD FD,DSM,,,,,525990,6726
017228,2025-12-31,TALOS ENERGY INC,TALO,10.0,1010.0,101020.0,10102020.0,211120,1311
017239,2017-12-31,KINDRED HEALTHCARE INC,KND,35.0,3510.0,351020.0,35102020.0,623110,8051
017266,2016-12-31,UNIVERSAL AMERICAN CORP,UAM,35.0,3510.0,351020.0,35102030.0,524114,6321
017277,2024-12-31,NV5 GLOBAL INC,NVEE,20.0,2020.0,202020.0,20202020.0,541330,8711
017287,2024-12-31,SIBANYE-STILLWATER LIMITED,SBSW,15.0,1510.0,151040.0,15104040.0,212290,1090
017350,2019-12-31,TETRAPHASE PHARMACEUTICALS,TTPH,35.0,3520.0,352020.0,35202010.0,325414,2836
017376,2023-12-31,MARIN SOFTWARE INC,MRINQ,45.0,4510.0,451030.0,45103010.0,518210,7370
017396,2025-12-31,AMPLITECH GROUP INC,AMPG,45.0,4520.0,452030.0,45203015.0,334220,3663
017408,2025-12-31,NAVIGATOR HOLDINGS LTD,NVGS,10.0,1010.0,101020.0,10102040.0,483111,4412
017454,2025-12-31,KNOT OFFSHORE PRTNRS LP,KNOP,10.0,1010.0,101020.0,10102040.0,483,4400
017494,2025-01-31,MAMA'S CREATIONS INC,MAMA,30.0,3020.0,302020.0,30202030.0,311941,2030
017505,2015-01-31,RALLY SOFTWARE DEV CORP,RALY,45.0,4510.0,451030.0,45103020.0,511210,7372
017550,2017-12-31,BLACKHAWK NETWORK HLDGS INC,HAWK.1,45.0,4510.0,451020.0,45102020.0,518210,7374
017553,2023-09-30,MODEL N INC,MODN,45.0,4510.0,451030.0,45103010.0,519290,7370
017556,2020-12-31,BROOKFIELD PROPERTY PRTRS LP,BPY,60.0,6010.0,601020.0,60102020.0,531120,6512
017567,2018-12-31,ARATANA THERAPEUTICS,PETX,35.0,3520.0,352020.0,35202010.0,325414,2836
017626,2025-12-31,AH REALTY TRUST INC,AHRT,60.0,6010.0,601010.0,60101010.0,531120,6798
017628,2018-12-31,EMERGE ENERGY SERVICES LP,EMESQ,10.0,1010.0,101020.0,10102030.0,212322,1400
017651,2025-06-30,REZOLUTE INC,RZLT,35.0,3520.0,352010.0,35201010.0,325414,2836
017653,2025-12-31,ADMA BIOLOGICS INC,ADMA,35.0,3520.0,352010.0,35201010.0,325414,2836
017699,2016-12-31,CST BRANDS INC,CST,25.0,2550.0,255040.0,25504050.0,447110,5500
017808,2021-12-31,EPIZYME INC,EPZM,35.0,3520.0,352010.0,35201010.0,325414,2836
017812,2020-01-31,HD SUPPLY HOLDINGS INC,HDS,20.0,2010.0,201070.0,20107010.0,42,5000
017874,2025-12-31,T-MOBILE US INC,TMUS,50.0,5010.0,501020.0,50102010.0,517112,4812
017878,2025-12-31,RITHM CAPITAL CORP,RITM,40.0,4020.0,402040.0,40204010.0,525990,6798
017910,2024-12-31,SCORPIUS HOLDINGS INC,SCPX,35.0,3520.0,352010.0,35201010.0,325414,2836
017928,2025-12-31,IQVIA HOLDINGS INC,IQV,35.0,3520.0,352030.0,35203010.0,54171,8731
017931,2019-12-31,PORTOLA PHARMACEUTICALS INC,PTLA,35.0,3520.0,352010.0,35201010.0,325414,2836
017934,2025-12-31,SPROUTS FARMERS MARKET,SFM,30.0,3010.0,301010.0,30101030.0,445110,5411
017941,2014-12-31,QEP MIDSTREAM PARTNERS LP,QEPM,10.0,1010.0,101020.0,10102040.0,486210,4922
017956,2020-12-31,FRANK'S INTL NV,FI.4,10.0,1010.0,101010.0,10101020.0,213112,1389
017997,2025-12-31,CONSTELLIUM SE,CSTM,15.0,1510.0,151040.0,15104010.0,331315,3350
017998,2024-12-31,BLUEBIRD BIO INC,BLUE,35.0,3520.0,352010.0,35201010.0,325414,2836
018003,2017-12-31,PLY GEM HOLDINGS INC,PGEM,20.0,2010.0,201020.0,20102010.0,321911,2430
018005,2014-12-31,CHAMBERS STREET PROPERTIES,CSG,40.0,4040.0,404020.0,40402010.0,531120,6798
018009,2022-12-31,NANOSTRING TECHNOLOGIES INC,NSTGQ,35.0,3520.0,352030.0,35203010.0,325413,2835
018036,2025-12-31,VISTANCE NETWORKS INC,VISN,45.0,4520.0,452010.0,45201020.0,334210,3661
018043,2025-06-30,NEWS CORP,NWSA,50.0,5020.0,502010.0,50201040.0,513110,2711
018050,2018-03-31,LUXOFT HOLDING INC,LXFT,45.0,4510.0,451020.0,45102010.0,541519,7370
018071,2025-12-31,REXFORD INDUS REALTY,REXR,60.0,6010.0,601025.0,60102510.0,531120,6798
018086,2022-12-31,MALLINCKRODT PLC,MNKTQ,35.0,3520.0,352020.0,35202010.0,325412,2834
018103,2017-12-31,CIM RL ESTATE FINANCE TR INC,CMRF,60.0,6010.0,601010.0,60101070.0,531120,6798
018104,2013-12-31,COLE CREDIT PROPERTY TR INC,9075B,40.0,4040.0,404020.0,40402060.0,531120,6798
018109,2018-12-31,JONES ENERGY INC,JONEQ,10.0,1010.0,101020.0,10102020.0,211120,1311
018115,2014-12-31,CELLULAR DYNAMICS INTL INC,ICEL,35.0,3520.0,352010.0,35201010.0,325414,2836
018145,2023-12-31,PHYSICIANS REALTY TR,DOC.5,60.0,6010.0,601050.0,60105010.0,531120,6798
018159,2025-12-31,AGIOS PHARMACEUTICALS,AGIO,35.0,3520.0,352010.0,35201010.0,325414,2836
018161,2019-12-31,CONATUS PHARMACEUTICALS INC,CNAT,35.0,3520.0,352010.0,35201010.0,325414,2836
018172,2025-12-31,TRAWS PHARMA INC,TRAW,35.0,3520.0,352020.0,35202010.0,325414,2836
018179,2016-12-31,WORLD POINT TERMINALS LP,WPT,10.0,1010.0,101020.0,10102040.0,424710,5171
018204,2025-12-31,ANI PHARMACEUTICALS INC,ANIP,35.0,3520.0,352020.0,35202010.0,325412,2834
018235,2019-12-31,SAEXPLORATION HOLDINGS INC,SAEXQ,10.0,1010.0,101010.0,10101020.0,541360,1382
018240,2019-12-31,FTE NETWORKS INC,FTNW,20.0,2010.0,201030.0,20103010.0,237990,1600
018261,2018-12-31,OWENS REALTY MORTGAGE INC,ORM,40.0,4020.0,402040.0,40204010.0,525990,6798
018271,2016-12-31,YUME INC,YUME,45.0,4510.0,451010.0,45101010.0,541850,7310
018276,2025-12-31,FIRST FINANCIAL CORP,THFF,40.0,4010.0,401010.0,40101015.0,522110,6020
018289,2025-12-31,ARDMORE SHIPPING CORP,ASC,10.0,1010.0,101020.0,10102040.0,483111,4412
018293,2025-12-31,CLEARWAY ENERGY INC,CWEN,55.0,5510.0,551050.0,55105020.0,2211,4911
018306,2020-12-31,SANTANDER CONSUMER USA HLDGS,SC,40.0,4020.0,402020.0,40202010.0,522291,6141
018312,2025-12-31,US FOODS HOLDING CORP,USFD,30.0,3010.0,301010.0,30101020.0,4244,5140
018315,2025-12-31,PRECIGEN INC,PGEN,35.0,3520.0,352010.0,35201010.0,325414,2836
018320,2025-12-31,FOX FACTORY HOLDING CP,FOXF,25.0,2510.0,251010.0,25101010.0,336991,3751
018321,2022-12-31,SISECAM RESOURCES LP,SIRE,15.0,1510.0,151010.0,15101010.0,212390,1400
018339,2016-12-31,CLUBCORP HOLDINGS INC,MYCC,25.0,2530.0,253010.0,25301030.0,713910,7997
018383,2025-12-31,BRIXMOR PROPERTY GROUP INC,BRX,60.0,6010.0,601070.0,60107010.0,531120,6798
018386,2017-07-31,STRAIGHT PATH COMMUNICATIONS,STRP,50.0,5010.0,501010.0,50101010.0,517210,4812
018424,2025-12-31,LIPOCINE INC,LPCN,35.0,3520.0,352020.0,35202010.0,325412,2834
018430,2020-12-31,FIVE PRIME THERAPEUTICS INC,FPRX,35.0,3520.0,352010.0,35201010.0,325414,2836
018443,2013-12-31,ATHLON ENERGY INC,ATHL,10.0,1010.0,101020.0,10102020.0,211111,1311
018465,2025-12-31,ANTERO RESOURCES CORP,AR,10.0,1010.0,101020.0,10102020.0,2111,1311
018468,2025-12-31,PLAINS GP HOLDINGS LP,PAGP,10.0,1010.0,101020.0,10102040.0,424710,5171
018469,2017-12-31,FOUNDATION MEDICINE INC,FMI,35.0,3520.0,352010.0,35201010.0,325414,2836
018494,2025-12-31,INDEPENDENCE REALTY TRUST,IRT,60.0,6010.0,601060.0,60106010.0,531110,6798
018498,2025-12-31,MURPHY USA INC,MUSA,25.0,2550.0,255040.0,25504050.0,457110,5500
018509,2025-12-31,IDEAL POWER INC,IPWR,45.0,4530.0,453010.0,45301020.0,334413,3674
018510,2020-12-31,ACCELERON PHARMA INC,XLRN,35.0,3520.0,352010.0,35201010.0,325414,2836
018561,2021-12-31,BENEFITFOCUS INC,BNFT,45.0,4510.0,451030.0,45103010.0,518210,7370
018562,2025-12-31,FATE THERAPEUTICS INC,FATE,35.0,3520.0,352010.0,35201010.0,325414,2836
018564,2025-12-31,APPLIED OPTOELECTRONICS INC,AAOI,45.0,4520.0,452010.0,45201020.0,334413,3674
018571,2017-03-31,COVISINT CORP,COVS,45.0,4510.0,451010.0,45101010.0,519130,7370
018578,2025-12-31,RE/MAX HOLDINGS INC,RMAX,60.0,6020.0,602010.0,60201040.0,531210,6531
018623,2016-01-31,VIOLIN MEMORY INC,VMEMQ,45.0,4520.0,452020.0,45202030.0,334112,3572
018624,2025-06-30,PREMIER INC,PINC,35.0,3510.0,351020.0,35102015.0,541614,8742
018626,2025-12-31,GLOBANT SA,GLOB,45.0,4510.0,451020.0,45102010.0,54151,7370
018629,2025-12-31,LGI HOMES INC,LGIH,25.0,2520.0,252010.0,25201030.0,236117,1531
018630,2025-12-31,RINGCENTRAL INC,RNG,45.0,4510.0,451030.0,45103010.0,518210,7370
018636,2025-06-30,DIAGEO PLC,DEO,30.0,3020.0,302010.0,30201020.0,312140,2085
018658,2025-12-31,MACROGENICS INC,MGNX,35.0,3520.0,352010.0,35201010.0,325414,2836
018660,2019-12-31,EP ENERGY CORP,EPEGQ,10.0,1010.0,101020.0,10102020.0,211120,1311
018675,2025-01-31,BURLINGTON STORES INC,BURL,25.0,2550.0,255040.0,25504010.0,458110,5600
018677,2019-12-31,PATTERN ENERGY GROUP INC,PEGI,55.0,5510.0,551050.0,55105020.0,221115,4991
018679,2015-12-31,SUNEDISON SEMICONDUCTOR LTD,SEMI.1,45.0,4530.0,453010.0,45301010.0,334413,3674
018695,2025-12-31,CB FINANCIAL SERVICES INC,CBFV,40.0,4010.0,401010.0,40101015.0,522110,6020
018699,2025-09-30,PTC INC,PTC,45.0,4510.0,451030.0,45103010.0,513210,7372
018745,2025-12-31,ESSENT GROUP LTD,ESNT,40.0,4020.0,402010.0,40201050.0,524126,6351
018748,2023-12-31,VOXELJET AG,VJTTY,20.0,2010.0,201060.0,20106020.0,333248,3555
018749,2021-12-31,AERIE PHARMACEUTICALS INC,AERI,35.0,3520.0,352020.0,35202010.0,325412,2834
018841,2016-12-31,SURGICAL CARE AFFILIATES INC,SCAI,35.0,3510.0,351020.0,35102020.0,621498,8090
018850,2025-12-31,EMPIRE STATE REALTY OP LP,ESBA,60.0,6010.0,601010.0,60101010.0,531120,6798
018868,2017-12-31,OCI PARTNERS LP,OCIP,15.0,1510.0,151010.0,15101010.0,325199,2860
018872,2021-12-31,TWITTER INC,TWTR,50.0,5020.0,502030.0,50203010.0,519130,7370
018878,2025-12-31,CRESCENT BIOPHARMA INC,CBIO,35.0,3520.0,352010.0,35201010.0,325414,2836
018879,2014-12-31,MAVENIR SYSTEMS INC,MVNR.1,45.0,4510.0,451030.0,45103020.0,334118,3576
018888,2025-12-31,AMNEAL PHARMACEUTICALS INC,AMRX,35.0,3520.0,352020.0,35202010.0,325412,2834
018892,2024-12-31,NFT LTD,MI,50.0,5020.0,502030.0,50203010.0,519290,7370
018899,2025-12-31,TANDEM DIABETES CARE INC,TNDM,35.0,3510.0,351010.0,35101010.0,334510,3845
018926,2025-12-31,DYNAGAS LNG PARTNERS LP,DLNG,10.0,1010.0,101020.0,10102040.0,483111,4412
018938,2025-12-31,XENCOR INC,XNCR,35.0,3520.0,352010.0,35201010.0,325414,2836
018947,2025-12-31,VERACYTE INC,VCYT,35.0,3520.0,352010.0,35201010.0,325413,2835
018952,2022-12-31,BROOKFLD DTLA OFFICE TR INV,DTLAP,60.0,6010.0,601040.0,60104010.0,531120,6798
018975,2017-01-31,NIMBLE STORAGE INC,NMBL.1,45.0,4520.0,452020.0,45202030.0,334112,3572
018983,2019-12-31,OXFORD IMMUNOTEC GLOBAL PLC,OXFD,35.0,3510.0,351010.0,35101010.0,325413,2835
019025,2023-12-31,SOCIETAL CDMO INC,SCTL,35.0,3520.0,352020.0,35202010.0,325412,2834
019071,2025-12-31,CAMPING WORLD HOLDINGS INC,CWH,25.0,2550.0,255040.0,25504050.0,441210,5500
019104,2016-12-31,MIDCOAST ENERGY PARTNERS LP,MEP,10.0,1010.0,101020.0,10102010.0,486210,4922
019129,2025-12-31,HALLADOR ENERGY CO,HNRG,55.0,5510.0,551050.0,55105010.0,22111,4911
019143,2020-12-31,KINDRED BIOSCIENCES INC,KIN,35.0,3520.0,352010.0,35201010.0,325414,2836
019149,2025-12-31,ULTRAGENYX PHARMACEUTICAL,RARE,35.0,3520.0,352010.0,35201010.0,325414,2836
019151,2020-12-31,TELECOM ITALIA SPA,TIIAY,50.0,5010.0,501010.0,50101020.0,517311,4813
019171,2017-12-31,RSP PERMIAN INC,RSPP,10.0,1010.0,101020.0,10102020.0,211111,1311
019172,2025-06-30,GOLD.COM INC,GOLD,25.0,2550.0,255010.0,25501010.0,423510,5051
019175,2025-01-31,VINCE HOLDING CORP,VNCE,25.0,2520.0,252030.0,25203010.0,315,2300
019184,2021-12-31,CYPRESS ENVIRONMNTL PRTNS LP,CELPQ,10.0,1010.0,101010.0,10101020.0,213112,1389
019209,2025-08-31,NORTHERN TECH INTL,NTIC,15.0,1510.0,151010.0,15101050.0,325998,2890
019349,2025-09-30,SIEMENS AG,SIEGY,20.0,2010.0,201050.0,20105010.0,999977,9997
019377,2016-12-31,RICE ENERGY INC,RICE.,10.0,1010.0,101020.0,10102020.0,211111,1311
019391,2025-06-30,MALIBU BOATS INC,MBUU,25.0,2520.0,252020.0,25202010.0,336612,3730
019394,2025-12-31,BRIGHT MOUNTAIN MEDIA INC,BMTM,50.0,5020.0,502010.0,50201010.0,5418,7310
019402,2025-01-31,G-III APPAREL GROUP LTD,GIII,25.0,2520.0,252030.0,25203010.0,315250,2300
019412,2024-12-31,INTRA-CELLULAR THERAPIES INC,ITCI,35.0,3520.0,352020.0,35202010.0,325414,2836
019433,2024-12-31,PHX MINERALS INC,PHX,10.0,1010.0,101020.0,10102020.0,2111,1311
019458,2024-12-31,CARISMA THERAPEUTICS INC,CARM,35.0,3520.0,352010.0,35201010.0,325414,2836
019470,2020-12-31,DICERNA PHARMACEUTICALS INC,DRNA,35.0,3520.0,352010.0,35201010.0,325414,2836
019471,2023-12-31,REVANCE THERAPEUTICS INC,RVNC,35.0,3520.0,352020.0,35202010.0,325414,2836
019507,2025-12-31,OUTFRONT MEDIA INC,OUT,60.0,6010.0,601080.0,60108010.0,531190,6798
019511,2020-12-31,FLEXION THERAPEUTICS INC,FLXN.1,35.0,3520.0,352010.0,35201010.0,325412,2834
019516,2025-12-31,INSTALLED BLDG PRODUCTS INC,IBP,25.0,2520.0,252010.0,25201030.0,238310,1700
019518,2025-12-31,KNOWLES CORP,KN,45.0,4520.0,452030.0,45203015.0,334419,3670
019526,2025-12-31,FARMLAND PARTNERS INC,FPI,60.0,6010.0,601080.0,60108010.0,531190,6798
019534,2021-12-31,CONCERT PHARMACEUTICLS INC,CNCE,35.0,3520.0,352010.0,35201010.0,325414,2836
019581,2025-01-31,LANDS' END INC,LE,25.0,2550.0,255040.0,25504010.0,458110,5961
019582,2025-12-31,CARETRUST REIT INC,CTRE,60.0,6010.0,601050.0,60105010.0,531120,6798
019600,2023-12-31,CYMABAY THERAPEUTICS INC,CBAY,35.0,3520.0,352020.0,35202010.0,325414,2836
019602,2025-12-31,TURTLE BEACH CORP,TBCH,45.0,4520.0,452020.0,45202030.0,334118,3577
019649,2025-12-31,SABRE CORP,SABR,25.0,2530.0,253010.0,25301020.0,518210,7370
019661,2025-03-31,TOYOTA MOTOR CORP,TM,25.0,2510.0,251020.0,25102010.0,336110,3711
019744,2025-12-31,JD.COM INC,JD,25.0,2550.0,255030.0,25503030.0,449210,5961
019784,2022-12-31,EAGLE PHARMACEUTICALS INC,EGRX,35.0,3520.0,352010.0,35201010.0,325412,2834
019800,2020-12-31,COREPOINT LODGING INC,CPLG,60.0,6010.0,601010.0,60101030.0,531120,6798
019807,2011-12-31,U S HOME SYSTEMS INC,USHS,20.0,2010.0,201020.0,20102010.0,337110,2430
019845,2014-12-31,LUMENIS LTD,LMNS,35.0,3510.0,351010.0,35101010.0,334510,3845
019849,2025-12-31,A10 NETWORKS INC,ATEN,45.0,4510.0,451030.0,45103020.0,513210,7372
019851,2024-12-31,CITY OFFICE REIT INC,CIO,60.0,6010.0,601040.0,60104010.0,531120,6798
019855,2025-12-31,INVENTRUST PROPERTIES CORP,IVT,60.0,6010.0,601070.0,60107010.0,531120,6798
019858,2022-12-31,VERITIV CORP,VRTV,20.0,2010.0,201070.0,20107010.0,424110,5110
019859,2025-12-31,AKEBIA THERAPEUTICS INC,AKBA,35.0,3520.0,352010.0,35201010.0,325414,2836
019877,2025-12-31,Q2 HOLDINGS INC,QTWO,45.0,4510.0,451030.0,45103010.0,518210,7370
019908,2025-12-31,FIVE9 INC,FIVN,45.0,4510.0,451030.0,45103010.0,518210,7370
019910,2015-12-31,OPOWER INC,OPWR,45.0,4510.0,451010.0,45101010.0,519130,7370
019911,2012-09-30,WILLIAMS CONTROLS INC,WMCO,25.0,2510.0,251010.0,25101010.0,336320,3714
019912,2017-09-30,CORIUM INTERNATIONAL INC,CORI,35.0,3520.0,352020.0,35202010.0,325412,2834
019965,2019-12-31,POPE RESOURCES/DE  -LP,POPE,15.0,1510.0,151050.0,15105010.0,113110,800
019966,2025-12-31,CREATIVE MEDIA & COM TR CORP,CMCT,60.0,6010.0,601040.0,60104010.0,531120,6798
019967,2022-06-30,APPLIED GENETIC TECHNOLOGIES,AGTC,35.0,3520.0,352010.0,35201010.0,325414,2836
019988,2025-12-31,MEDIWOUND LTD,MDWD,35.0,3520.0,352020.0,35202010.0,325414,2836
019998,2025-12-31,MEDPACE HOLDINGS INC,MEDP,35.0,3520.0,352030.0,35203010.0,54171,8731
020010,2023-12-31,AGILE THERAPEUTICS INC,AGRX,35.0,3520.0,352020.0,35202010.0,325412,2834
020011,2025-12-31,METALLUS INC,MTUS,15.0,1510.0,151040.0,15104050.0,331110,3312
020020,2025-12-31,CIVEO CORP,CVEO,20.0,2020.0,202010.0,20201070.0,721,7011
020033,2018-12-31,ALDER BIOPHARMACEUTICALS INC,ALDR,35.0,3520.0,352010.0,35201010.0,325414,2836
020040,2025-12-31,SCYNEXIS INC,SCYX,35.0,3520.0,352020.0,35202010.0,325414,2836
020059,2025-10-31,FIRST REAL ESTATE TR NJ INC,FREVS,60.0,6010.0,601010.0,60101010.0,5311,6798
020067,2025-12-31,INTERCONTINENTAL HOTELS GRP,IHG,25.0,2530.0,253010.0,25301020.0,721110,7011
020088,2025-01-31,BOX INC,BOX,45.0,4510.0,451030.0,45103010.0,518210,7370
020090,2015-12-31,TUBEMOGUL INC,TUBE,45.0,4510.0,451030.0,45103020.0,511210,7372
020115,2025-06-30,PHIBRO ANIMAL HEALTH CORP,PAHC,35.0,3520.0,352020.0,35202010.0,325411,2833
020126,2025-03-31,ADVANCED DRAINAGE SYSTEMS,WMS,20.0,2010.0,201020.0,20102010.0,326122,3080
020128,2024-12-31,CHEETAH MOBILE INC  -ADR,CMCM,45.0,4510.0,451030.0,45103010.0,513210,7372
020129,2025-12-31,MATERIALISE NV,MTLS,45.0,4510.0,451030.0,45103010.0,513210,7372
020136,2013-12-31,AMERICAN REALTY CAP HLTHCR,HCT,40.0,4040.0,404020.0,40402045.0,531120,6798
020147,2023-12-31,SUPERIOR DRILLING PRODUCTS,SDPI,10.0,1010.0,101010.0,10101020.0,333132,3533
020168,2015-12-31,MEMORIAL RESOURCE DEV CORP,MRD,10.0,1010.0,101020.0,10102020.0,211111,1311
020179,2022-12-31,GASLOG PARTNERS LP,GLOP,10.0,1010.0,101020.0,10102040.0,483111,4412
020185,2025-09-30,SCOTTS MIRACLE-GRO CO,SMG,15.0,1510.0,151010.0,15101030.0,3253,2870
020196,2017-12-31,LUXOTTICA GROUP SPA,LUXTY,25.0,2520.0,252030.0,25203010.0,339115,3851
020202,2011-12-31,TRANSCEND SERVICES INC,TRCR,35.0,3510.0,351030.0,35103010.0,621999,8090
020204,2020-12-31,ICONIX BRAND GROUP INC,ICON.1,25.0,2520.0,252030.0,25203010.0,533110,6794
020217,2014-12-31,POSTROCK ENERGY CORP,PSTRQ,10.0,1010.0,101020.0,10102020.0,211111,1311
020228,2024-06-30,CATALENT INC,CTLT,35.0,3520.0,352020.0,35202010.0,325412,2834
020232,2025-10-31,KEYSIGHT TECHNOLOGIES INC,KEYS,45.0,4520.0,452030.0,45203010.0,334515,3825
020233,2025-12-31,THERAVANCE BIOPHARMA INC,TBPH,35.0,3520.0,352020.0,35202010.0,325412,2834
020245,2017-12-31,CASCADIAN THERAPEUTICS INC,CASC,35.0,3520.0,352010.0,35201010.0,325414,2836
020259,2016-04-30,CHC GROUP LTD,HELIQ,10.0,1010.0,101010.0,10101020.0,481211,4522
020280,2018-12-31,NEW YORK REIT INC,NYRT,60.0,6010.0,601010.0,60101040.0,531120,6798
020298,2019-12-31,PARSLEY ENERGY INC,PE,10.0,1010.0,101020.0,10102020.0,211120,1311
020344,2020-12-31,WASHINGTON PRIME GROUP INC,WPGGQ,60.0,6010.0,601010.0,60101070.0,531120,6798
020412,2025-12-31,ARES MANAGEMENT CORP,ARES,40.0,4020.0,402030.0,40203010.0,523940,6282
020420,2025-12-31,ORION SA,OEC,15.0,1510.0,151010.0,15101010.0,325180,2890
020423,2019-12-31,CAESARS ENTERTAINMENT CORP,CZR.3,25.0,2530.0,253010.0,25301010.0,721120,7990
020477,2025-12-31,METROPOLITAN LIFE INSURANCE,MET1,40.0,4030.0,403010.0,40301020.0,524113,6311
020496,2022-12-31,ATENTO SA,ATTOF,20.0,2020.0,202020.0,20202030.0,518210,7374
020502,2025-12-31,RAYONIER ADVANCED MATERIALS,RYAM,15.0,1510.0,151010.0,15101050.0,3252,2820
020513,2019-12-31,MONTAGE RESOURCES CORP,MR,10.0,1010.0,101020.0,10102020.0,211130,1311
020534,2025-12-31,VIPER ENERGY INC,VNOM,10.0,1010.0,101020.0,10102020.0,533110,6792
020537,2016-12-31,JP ENERGY PARTNERS LP,JPEP,10.0,1010.0,101020.0,10102040.0,486110,4610
020548,2025-12-31,COTERRA ENERGY INC,CTRA,10.0,1010.0,101020.0,10102020.0,2111,1311
020554,2025-12-31,ENVUE MEDICAL INC,FEED,35.0,3510.0,351010.0,35101010.0,334510,3845
020567,2023-12-31,MARINUS PHARMACEUTICALS INC,MRNS,35.0,3520.0,352020.0,35202010.0,325414,2836
020643,2016-12-31,KITE PHARMA INC,KITE,35.0,3520.0,352010.0,35201010.0,325414,2836
020644,2025-12-31,GOPRO INC,GPRO,25.0,2520.0,252010.0,25201010.0,333310,3861
020645,2025-12-31,ARDELYX INC,ARDX,35.0,3520.0,352010.0,35201010.0,325414,2836
020653,2022-12-31,DENBURY INC,DEN,10.0,1010.0,101020.0,10102020.0,2111,1311
020659,2025-12-31,AMPHASTAR PHARMACEUTICLS INC,AMPH,35.0,3520.0,352020.0,35202010.0,325412,2834
020672,2015-12-31,ADEPTUS HEALTH INC,ADPTQ,35.0,3510.0,351020.0,35102015.0,621493,8011
020692,2025-06-30,KIMBALL ELECTRONICS INC,KE,45.0,4520.0,452030.0,45203020.0,334413,3674
020699,2024-12-31,LIBERTY TRIPADVISOR HOLDINGS,LTRPA,50.0,5020.0,502030.0,50203010.0,519290,7370
020747,2016-12-31,TESCO CORP,TESO,10.0,1010.0,101010.0,10101020.0,333132,3533
020748,2025-12-31,ARISTA NETWORKS INC,ANET,45.0,4520.0,452010.0,45201020.0,334118,3576
020756,2025-12-31,MATINAS BIOPHARMA HLDGS INC,MTNB,35.0,3520.0,352010.0,35201010.0,325414,2836
020779,2025-07-31,CISCO SYSTEMS INC,CSCO,45.0,4520.0,452010.0,45201020.0,334118,3576
020798,2019-12-31,PFENEX INC,PFNX,35.0,3520.0,352010.0,35201010.0,325414,2836
020904,2025-09-30,HOLOGIC INC,HOLX,35.0,3510.0,351010.0,35101010.0,334517,3844
020943,2024-12-31,SAGE THERAPEUTICS INC,SAGE,35.0,3520.0,352010.0,35201010.0,325414,2836
020949,2016-12-31,MOBILEYE NV,MBBYF,45.0,4510.0,451030.0,45103010.0,511210,7372
020959,2024-12-31,PLYMOUTH INDL REIT INC,PLYM,60.0,6010.0,601025.0,60102510.0,531120,6798
020961,2025-03-31,ANTERIX INC,ATEX,50.0,5010.0,501010.0,50101010.0,517810,4899
021002,2025-12-31,CYBERARK SOFTWARE LTD,CYBR,45.0,4510.0,451030.0,45103020.0,513210,7372
021003,2021-12-31,ZOSANO PHARMA CORP,ZSANQ,35.0,3510.0,351010.0,35101010.0,325412,2834
021004,2025-12-31,LANTHEUS HOLDINGS INC,LNTH,35.0,3510.0,351010.0,35101020.0,325413,2835
021010,2015-12-31,TRANSOCEAN PARTNERS LLC,RIGP,10.0,1010.0,101010.0,10101010.0,213111,1381
021012,2025-12-31,ATARA BIOTHERAPEUTICS INC,ATRA,35.0,3520.0,352010.0,35201010.0,325414,2836
021015,2025-12-31,OCULAR THERAPEUTIX INC,OCUL,35.0,3520.0,352020.0,35202010.0,325414,2836
021016,2017-12-31,LOXO ONCOLOGY INC,LOXO,35.0,3520.0,352010.0,35201010.0,325414,2836
021020,2024-12-31,ADVERUM BIOTECHNOLOGIES,ADVM,35.0,3520.0,352010.0,35201010.0,325414,2836
021040,2025-11-30,SURGE COMPONENTS INC,SPRS,45.0,4520.0,452030.0,45203030.0,423690,5065
021047,2018-12-31,DIPLOMAT PHARMACY INC,DPLO,35.0,3510.0,351020.0,35102015.0,446110,5912
021118,2024-12-31,ACCELERATE DIAGNOSTICS INC,AXDXQ,35.0,3510.0,351010.0,35101010.0,325413,2835
021132,2018-12-31,FIBROCELL SCIENCE INC,FCSC,35.0,3520.0,352010.0,35201010.0,325414,2836
021138,2016-12-31,RIGHTSIDE GROUP LTD,NAME,45.0,4510.0,451010.0,45101010.0,519130,7370
021145,2021-12-31,OTONOMY INC,OTIC,35.0,3520.0,352020.0,35202010.0,325414,2836
021150,2017-12-31,ASTERIAS BIOTHERAPEUTICS INC,AST,35.0,3520.0,352010.0,35201010.0,325414,2836
021165,2023-12-31,INDEPENDENCE CONTRACT DRLLNG,ICDIQ,10.0,1010.0,101010.0,10101010.0,213111,1381
021186,2011-12-31,MEDICIS PHARMACEUT CP  -CL A,MRX.3,35.0,3520.0,352020.0,35202010.0,325412,2834
021232,2020-12-31,NTN BUZZTIME INC,NTN,50.0,5020.0,502020.0,50202010.0,519130,7370
021237,2025-12-31,TETRA TECHNOLOGIES INC/DE,TTI,10.0,1010.0,101010.0,10101020.0,213112,1389
021261,2015-12-31,VIRGIN AMERICA INC,VA,20.0,2030.0,203020.0,20302010.0,481111,4512
021352,2025-12-31,AVANOS MEDICAL INC,AVNS,35.0,3510.0,351010.0,35101020.0,339113,3842
021427,2011-06-30,CRAFTMADE INTERNATIONAL INC,CRFT,25.0,2520.0,252010.0,25201040.0,335121,3640
021431,2025-12-31,CALIFORNIA RESOURCES CORP,CRC,10.0,1010.0,101020.0,10102020.0,211120,1311
021487,2016-12-31,B/E AEROSPACE INC,BEAV,20.0,2010.0,201010.0,20101010.0,336360,2531
021496,2013-12-31,ORBITAL SCIENCES CORP,ORB,20.0,2010.0,201010.0,20101010.0,336414,3760
021503,2025-12-31,KEMPER CORP/DE,KMPR,40.0,4030.0,403010.0,40301040.0,524126,6331
021515,2022-12-31,UNIVAR SOLUTIONS INC,UNVR,20.0,2010.0,201070.0,20107010.0,424690,5160
021522,2025-12-31,VYNE THERAPEUTICS INC,VYNE,35.0,3520.0,352020.0,35202010.0,325412,2834
021524,2025-12-31,PROQR THERAPEUTICS NV,PRQR,35.0,3520.0,352010.0,35201010.0,325414,2836
021540,2025-12-31,WAYFAIR INC,W,25.0,2550.0,255040.0,25504060.0,449129,5961
021595,2011-12-31,VIST FINANCIAL CORP,VIST.1,40.0,4010.0,401010.0,40101015.0,522110,6020
021604,2024-12-31,PARAMOUNT GROUP INC,PGRE,60.0,6010.0,601040.0,60104010.0,531120,6798
021626,2019-12-31,VIVINT SOLAR INC,VSLR,20.0,2010.0,201040.0,20104010.0,335999,3620
021627,2022-12-31,CALITHERA BIOSCIENCES INC,CALA,35.0,3520.0,352010.0,35201010.0,325414,2836
021630,2021-12-31,STORE CAPITAL CORP,STOR,60.0,6010.0,601010.0,60101010.0,531120,6798
021635,2023-12-31,AFFIMED NV,AFMDQ,35.0,3520.0,352010.0,35201010.0,325414,2836
021652,2019-12-31,CNX MIDSTREAM PARTNERS LP,CNXM,10.0,1010.0,101020.0,10102040.0,486210,4922
021732,2015-12-31,YUMA ENERGY INC -OLD,YUMA.1,10.0,1010.0,101020.0,10102020.0,211111,1311
021744,2025-12-31,XENON PHARMACEUTICALS INC,XENE,35.0,3520.0,352010.0,35201010.0,325414,2836
021761,2021-06-30,CDK GLOBAL INC,CDK,45.0,4510.0,451030.0,45103010.0,519130,7370
021776,2014-09-30,AVANIR PHARMACEUTICALS INC,AVNR,35.0,3520.0,352020.0,35202010.0,325412,2834
021798,2025-12-31,FRESHPET INC,FRPT,30.0,3020.0,302020.0,30202030.0,311111,2040
021808,2025-12-31,CAESARS ENTERTAINMENT INC,CZR,25.0,2530.0,253010.0,25301010.0,713210,7990
021816,2018-12-31,TRAVELPORT WORLDWIDE LTD,TVPT,45.0,4510.0,451020.0,45102020.0,519130,7370
021834,2025-12-31,MAMMOTH ENERGY SERVICES INC,TUSK,10.0,1010.0,101010.0,10101020.0,213112,1389
021841,2025-12-31,COHERUS ONCOLOGY INC,CHRS,35.0,3520.0,352010.0,35201010.0,325414,2836
021845,2016-12-31,METALDYNE PERFORMANCE GROUP,MPG.4,25.0,2510.0,251010.0,25101010.0,336350,3714
021847,2025-12-31,HUBSPOT INC,HUBS,45.0,4510.0,451030.0,45103010.0,518210,7370
021867,2018-12-31,MEDEQUITIES REALTY TRUST INC,MRT.4,60.0,6010.0,601010.0,60101050.0,531120,6798
021898,2025-03-31,BOOT BARN HOLDINGS INC,BOOT,25.0,2550.0,255040.0,25504010.0,458210,5661
021901,2025-12-31,KYNTRA BIO INC,KYNB,35.0,3520.0,352010.0,35201010.0,325414,2836
022025,2020-12-31,NEW SENIOR INVESTMENT GROUP,SNR,60.0,6010.0,601010.0,60101050.0,531110,6798
022037,2022-12-31,SIENTRA INC,SIENQ,35.0,3510.0,351010.0,35101020.0,339113,3842
022039,2022-12-31,SYNEOS HEALTH INC,SYNH,35.0,3520.0,352030.0,35203010.0,54171,8731
022053,2020-12-31,CONTANGO OIL & GAS CO,MCF,10.0,1010.0,101020.0,10102020.0,2111,1311
022059,2010-09-30,INTEGRAL SYSTEMS INC,ISYS,45.0,4510.0,451020.0,45102010.0,541512,7373
022124,2020-12-31,LANDMARK INFRAST PRTNS LP,LMRK,60.0,6010.0,601020.0,60102020.0,531190,6519
022134,2025-12-31,AXALTA COATING SYSTEMS LTD,AXTA,15.0,1510.0,151010.0,15101050.0,325510,2851
022165,2019-12-31,ON DECK CAPITAL INC,ONDK,40.0,4020.0,402010.0,40201040.0,522298,6159
022168,2021-12-31,UNIROYAL GLOBAL ENGINEERED,UNIR,25.0,2520.0,252030.0,25203030.0,313320,2200
022178,2017-12-31,HORTONWORKS INC,HDP,45.0,4510.0,451030.0,45103010.0,511210,7372
022180,2021-12-31,UNIQUE FABRICATING INC,UFABQ,25.0,2510.0,251010.0,25101010.0,336390,3714
022205,2012-12-31,K-SWISS INC  -CL A,KSWS,25.0,2520.0,252030.0,25203020.0,316210,3140
022207,2025-12-31,TRUEBLUE INC,TBI,20.0,2020.0,202020.0,20202010.0,561320,7363
022229,2018-12-31,HISTOGENICS CORP,HSGX,35.0,3520.0,352010.0,35201010.0,339113,3842
022230,2017-12-31,JUNO THERAPEUTICS INC,JUNO,35.0,3520.0,352010.0,35201010.0,325414,2836
022260,2025-12-31,HCA HEALTHCARE INC,HCA,35.0,3510.0,351020.0,35102020.0,622110,8062
022284,2025-12-31,SMART SAND INC,SND,10.0,1010.0,101010.0,10101020.0,212322,1400
022318,2025-12-31,RELIANCE GLOBAL GROUP INC,EZRA,40.0,4030.0,403010.0,40301010.0,524210,6411
022325,2021-03-31,XILINX INC,XLNX,45.0,4530.0,453010.0,45301020.0,334413,3674
022362,2024-12-31,1847 HOLDINGS LLC,LBRA,20.0,2010.0,201050.0,20105010.0,337110,5712
022405,2025-12-31,BRIXMOR OPERATING PRTNRS LP,BRX1,60.0,6010.0,601070.0,60107010.0,531120,6798
022439,2023-12-31,CURO GROUP HLDGS CORP,CUROQ,40.0,4020.0,402020.0,40202010.0,522291,6141
022459,2025-12-31,URBAN EDGE PROPERTIES,UE,60.0,6010.0,601070.0,60107010.0,531120,6798
022583,2025-04-30,GMS INC,GMS,20.0,2010.0,201070.0,20107010.0,4233,5030
022590,2025-12-31,PALVELLA THERAPEUTICS INC,PVLA,35.0,3520.0,352010.0,35201010.0,325414,2836
022604,2025-12-31,ASCENDIS PHARMA AS,ASND,35.0,3520.0,352010.0,35201010.0,325414,2836
022632,2022-06-30,LANNETT CO INC,LCINQ,35.0,3520.0,352020.0,35202010.0,325412,2834
022653,2024-03-31,VISTA OUTDOOR INC,VSTO,25.0,2520.0,252020.0,25202010.0,33299,3480
022674,2025-12-31,EASTERLY GOVERNMENT PPTYS,DEA,60.0,6010.0,601040.0,60104010.0,531120,6798
022697,2023-12-31,TRACON PHARMACEUTICALS INC,TCON,35.0,3520.0,352010.0,35201010.0,325414,2836
022709,2018-12-31,SPARK THERAPEUTICS INC,ONCE,35.0,3520.0,352010.0,35201010.0,325414,2836
022731,2023-09-30,PATRIOT TRANSPORTATION HLDG,PATI,20.0,2030.0,203040.0,20304030.0,484230,4213
022734,2015-12-31,BAXALTA INC,BXLT,35.0,3520.0,352010.0,35201010.0,325414,2836
022797,2018-03-31,COMMAND SECURITY CORP,MOC,20.0,2020.0,202010.0,20201080.0,561612,7381
022829,2011-12-31,O'CHARLEY'S INC,CHUX,25.0,2530.0,253010.0,25301040.0,722110,5812
022861,2025-12-31,CKX LANDS INC,CKX,60.0,6020.0,602010.0,60201020.0,531190,6519
022962,2025-12-31,RESERVE PETROLEUM CO,RSRV,10.0,1010.0,101020.0,10102020.0,211120,1311
023002,2017-12-31,COMSTOCK RESOURCES INC -OLD,CRK.5,10.0,1010.0,101020.0,10102020.0,211111,1311
023062,2014-11-30,JOE'S JEANS INC,JOEZ,25.0,2520.0,252030.0,25203010.0,315,2300
023077,2025-12-31,UNITI GROUP INC,UNIT,50.0,5010.0,501010.0,50101020.0,517111,4813
023084,2025-12-31,BENCHMARK ELECTRONICS INC,BHE,45.0,4520.0,452030.0,45203020.0,334412,3672
023092,2018-12-31,VALERITAS HOLDINGS INC,VLRXQ,35.0,3510.0,351010.0,35101020.0,339112,3841
023093,2021-12-31,FORTERRA INC,FRTA,15.0,1510.0,151020.0,15102010.0,327332,3272
023109,2020-12-31,GENESIS HEALTHCARE INC,GENNQ,35.0,3510.0,351020.0,35102020.0,623110,8051
023119,2025-12-31,SOLAREDGE TECHNOLOGIES INC,SEDG,45.0,4530.0,453010.0,45301010.0,334413,3674
023147,2025-12-31,NATIONAL STORAGE AFFILIATES,NSA,60.0,6010.0,601080.0,60108020.0,531120,6798
023167,2025-09-30,BLUE BIRD CORP,BLBD,20.0,2010.0,201060.0,20106010.0,336211,3713
023195,2025-06-30,MATRIX SERVICE CO,MTRX,20.0,2010.0,201030.0,20103010.0,237120,1623
023220,2017-12-31,ORBITAL ATK INC,OA,20.0,2010.0,201010.0,20101010.0,332993,3480
023224,2025-09-30,ESCO TECHNOLOGIES INC,ESE,20.0,2010.0,201060.0,20106020.0,334515,3825
023225,2025-12-31,CABLE ONE INC,CABO,50.0,5020.0,502010.0,50201030.0,516210,4841
023226,2025-12-31,INUVO INC,INUV,45.0,4510.0,451030.0,45103010.0,519290,7370
023243,2025-12-31,KORNIT DIGITAL LTD,KRNT,20.0,2010.0,201060.0,20106020.0,333248,3555
023249,2025-06-30,LUMENTUM HOLDINGS INC,LITE,45.0,4520.0,452010.0,45201020.0,334210,3661
023287,2017-11-30,8POINT3 ENERGY PARTNERS LP,CAFD,55.0,5510.0,551050.0,55105020.0,221114,4991
023291,2023-12-31,BIOLASE INC,BIOLQ,35.0,3510.0,351010.0,35101010.0,339114,3843
023335,2019-12-31,ADURO BIOTECH INC,ADRO,35.0,3520.0,352010.0,35201010.0,325414,2836
023339,2025-12-31,ZEVRA THERAPEUTICS INC,ZVRA,35.0,3520.0,352020.0,35202010.0,325412,2834
023358,2024-12-31,CIDARA THERAPEUTICS INC,CDTX,35.0,3520.0,352010.0,35201010.0,325414,2836
023363,2017-12-31,ZAIS GROUP HLDGS INC,ZAIS,40.0,4020.0,402030.0,40203010.0,523920,6282
023407,2024-12-31,BLUEPRINT MEDICINES CORP,BPMC,35.0,3520.0,352010.0,35201010.0,325414,2836
023423,2016-07-31,APIGEE CORP,APIC,45.0,4510.0,451010.0,45101010.0,519130,7370
023433,2025-12-31,BLACK STONE MINERALS LP,BSM,10.0,1010.0,101020.0,10102020.0,2111,1311
023464,2025-12-31,OPTIMIZERX CORP,OPRX,35.0,3510.0,351030.0,35103010.0,518210,7370
023494,2015-12-31,CODE REBEL CORP,CDRBQ,45.0,4510.0,451030.0,45103010.0,511210,7370
023537,2019-12-31,CONSOL COAL RESOURCES LP,CCR,10.0,1010.0,101020.0,10102050.0,212112,1220
023555,2025-12-31,COLLEGIUM PHARMACEUTICAL INC,COLL,35.0,3520.0,352020.0,35202010.0,325412,2834
023556,2025-12-31,COMMUNITY HEALTHCARE TRUST,CHCT,60.0,6010.0,601050.0,60105010.0,531120,6798
023574,2024-12-31,ADAPTIMMUNE THERAPEUTICS PLC,ADAPY,35.0,3520.0,352010.0,35201010.0,325414,2836
023577,2013-06-30,TANDY BRANDS ACCESSORIES INC,TBACQ,25.0,2520.0,252030.0,25203010.0,315990,2300
023587,2023-09-30,HAYNES INTERNATIONAL INC,HAYN,15.0,1510.0,151040.0,15104050.0,331110,3310
023698,2020-12-31,ALTABANCORP,ALTA,40.0,4010.0,401010.0,40101015.0,522110,6020
023704,2017-12-31,INVUITY INC,IVTY,35.0,3510.0,351010.0,35101010.0,339112,3841
023714,2025-12-31,COMMUNITY HEALTH SYSTEMS INC,CYH,35.0,3510.0,351020.0,35102020.0,622110,8062
023753,2025-12-31,DORMAN PRODUCTS INC,DORM,25.0,2510.0,251010.0,25101010.0,336390,3714
023767,2015-12-31,ATMEL CORP,ATML,45.0,4530.0,453010.0,45301020.0,334413,3674
023793,2021-12-31,PS BUSINESS PARKS,PSB,60.0,6010.0,601010.0,60101010.0,531120,6798
023809,2025-08-31,AUTOZONE INC,AZO,25.0,2550.0,255040.0,25504050.0,441330,5531
023810,2020-12-31,ION GEOPHYSICAL CORP,IOGPQ,10.0,1010.0,101010.0,10101020.0,541360,1382
023812,2025-12-31,REGENERON PHARMACEUTICALS,REGN,35.0,3520.0,352010.0,35201010.0,325412,2834
023813,2023-12-31,VIRACTA THERAPEUTICS INC,VIRX,35.0,3520.0,352010.0,35201010.0,325414,2836
023818,2025-12-31,EVOLENT HEALTH INC,EVH,35.0,3510.0,351030.0,35103010.0,513210,7372
023856,2019-12-31,FITBIT INC,FIT.2,45.0,4520.0,452030.0,45203010.0,334220,3663
023864,2021-12-31,EXTERRAN CORP,EXTN,10.0,1010.0,101010.0,10101020.0,213112,1389
023898,2016-12-31,RENTECH INC,RTKHQ,15.0,1510.0,151050.0,15105010.0,321999,2400
023943,2014-12-31,PMC-SIERRA INC,PMCS,45.0,4530.0,453010.0,45301020.0,334413,3674
023945,2010-12-31,CEPHALON INC,CEPH,35.0,3520.0,352010.0,35201010.0,325412,2834
023978,2024-12-31,UNITED STATES STEEL CORP,X,15.0,1510.0,151040.0,15104050.0,331110,3312
023996,2025-12-31,GLOBAL NET LEASE INC,GNL,60.0,6010.0,601010.0,60101010.0,531120,6798
024021,2025-03-31,HAEMONETICS CORP,HAE,35.0,3510.0,351010.0,35101020.0,339112,3841
024032,2013-12-31,JONES GROUP INC,JNY,25.0,2520.0,252030.0,25203010.0,315210,2330
024040,2025-12-31,IONIS PHARMACEUTICALS INC,IONS,35.0,3520.0,352010.0,35201010.0,325414,2836
024076,2025-01-31,OLLIE'S BARGAIN OUTLET HLDGS,OLLI,25.0,2550.0,255030.0,25503030.0,455219,5331
024084,2022-12-31,CONFORMIS INC,CFMS,35.0,3510.0,351010.0,35101010.0,339113,3842
024096,2020-01-31,APEX GLOBAL BRANDS INC,APEX.1,25.0,2520.0,252030.0,25203010.0,533110,6794
024099,2025-12-31,LIFETIME BRANDS INC,LCUT,25.0,2520.0,252010.0,25201050.0,332215,3420
024113,2016-12-31,PANERA BREAD CO,PNRA,25.0,2530.0,253010.0,25301040.0,722513,5812
024131,2025-12-31,SPINDLETOP OIL & GAS CO,SPND,10.0,1010.0,101020.0,10102020.0,211120,1311
024171,2025-01-31,DESIGNER BRANDS INC,DBI,25.0,2550.0,255040.0,25504010.0,458210,5661
024176,2025-12-31,NATERA INC,NTRA,35.0,3520.0,352010.0,35201010.0,621511,8071
024177,2025-12-31,SERES THERAPEUTICS INC,MCRB,35.0,3520.0,352010.0,35201010.0,325414,2836
024204,2025-06-30,BLOOMIA HOLDINGS INC,TULP,50.0,5020.0,502010.0,50201010.0,522299,6159
024293,2025-12-31,KAISER ALUMINUM CORP,KALU,15.0,1510.0,151040.0,15104010.0,331318,3350
024302,2025-12-31,ALKERMES PLC,ALKS,35.0,3520.0,352010.0,35201010.0,325414,2836
024316,2025-12-31,MONSTER BEVERAGE CORP,MNST,30.0,3020.0,302010.0,30201030.0,312111,2086
024318,2017-12-31,XL GROUP LTD,XL.1,40.0,4030.0,403010.0,40301040.0,524126,6351
024330,2025-12-31,SERITAGE GROWTH PROPERTIES,SRG,60.0,6020.0,602010.0,60201020.0,531120,6512
024344,2025-12-31,VERTEX PHARMACEUTICALS INC,VRTX,35.0,3520.0,352010.0,35201010.0,325414,2836
024396,2021-12-31,TIVITY HEALTH INC,TVTY,35.0,3510.0,351020.0,35102015.0,621999,8090
024405,2025-12-31,ZEBRA TECHNOLOGIES CP  -CL A,ZBRA,45.0,4520.0,452030.0,45203010.0,334118,3577
024415,2019-12-31,BMC STOCK HOLDINGS INC,BMCH,20.0,2010.0,201070.0,20107010.0,444110,5211
024426,2025-12-31,XPENG INC,XPEV,25.0,2510.0,251020.0,25102010.0,336110,3711
024428,2022-12-31,ADDVANTAGE TECHNOLOGIES GP,AEYGQ,45.0,4520.0,452030.0,45203030.0,423690,5065
024436,2012-03-31,THQ INC,THQIQ,45.0,4510.0,451030.0,45103030.0,511210,7372
024468,2025-12-31,BIOGEN INC,BIIB,35.0,3520.0,352010.0,35201010.0,325414,2836
024481,2025-06-30,MADISON SQUARE GARDEN SPORTS,MSGS,50.0,5020.0,502020.0,50202010.0,711110,7900
024483,2017-01-31,BON-TON STORES INC,BONTQ,25.0,2550.0,255030.0,25503030.0,455110,5311
024506,2025-12-31,PULMATRIX INC,PULM,35.0,3520.0,352020.0,35202010.0,325414,2836
024533,2025-12-31,NATIONAL HEALTH INVESTORS,NHI,60.0,6010.0,601050.0,60105010.0,531120,6798
024554,2020-07-31,NUVEEN MICH QUAL MUN INCM,NUM,,,,,525990,6726
024601,2025-03-31,CSW INDUSTRIALS INC,CSW,20.0,2010.0,201020.0,20102010.0,333310,3559
024610,2022-12-31,WIRELESS TELECOM GROUP INC,WTT,45.0,4520.0,452030.0,45203010.0,334220,3663
024616,2025-12-31,PAYPAL HOLDINGS INC,PYPL,40.0,4020.0,402010.0,40201060.0,522320,7389
024625,2025-12-31,TOTALENERGIES SE,TTE,10.0,1010.0,101020.0,10102010.0,324110,2911
024638,2025-12-31,TRANSUNION,TRU,20.0,2020.0,202020.0,20202020.0,561450,7323
024678,2025-12-31,HORACE MANN EDUCATORS CORP,HMN,40.0,4030.0,403010.0,40301030.0,524126,6331
024708,2025-12-31,ATN INTERNATIONAL INC,ATNI,50.0,5010.0,501010.0,50101020.0,517112,4812
024710,2019-12-31,BIOSPECIFICS TECHNOLOGIES CP,BSTC,35.0,3520.0,352010.0,35201010.0,325412,2834
024724,2025-12-31,LIBERTY LATIN AMERICA LTD,LILAK,50.0,5010.0,501010.0,50101010.0,517111,4813
024731,2025-12-31,KIMCO REALTY CORP,KIM,60.0,6010.0,601070.0,60107010.0,531120,6798
024755,2025-06-30,SANFILIPPO JOHN B&SON,JBSS,30.0,3020.0,302020.0,30202030.0,311911,2060
024782,2025-12-31,PERRIGO CO PLC,PRGO,35.0,3520.0,352020.0,35202010.0,325412,2834
024795,2025-03-31,AMERICAN SUPERCONDUCTOR CP,AMSC,20.0,2010.0,201040.0,20104010.0,335312,3621
024800,2025-09-30,QUALCOMM INC,QCOM,45.0,4530.0,453010.0,45301020.0,334413,3674
024803,2014-09-30,VITESSE SEMICONDUCTOR CORP,VTSS,45.0,4530.0,453010.0,45301020.0,334413,3674
024810,2017-12-31,ENBRIDGE ENERGY PRTNRS  -LP,EEP,10.0,1010.0,101020.0,10102040.0,486,4610
024825,2025-12-31,COPT DEFENSE PROPERTIES,CDP,60.0,6010.0,601040.0,60104010.0,531120,6798
024843,2011-12-31,AMYLIN PHARMACEUTICALS INC,AMLN,35.0,3520.0,352010.0,35201010.0,325412,2834
024856,2025-12-31,GILEAD SCIENCES INC,GILD,35.0,3520.0,352010.0,35201010.0,325414,2836
024861,2025-12-31,PLANET FITNESS INC,PLNT,25.0,2530.0,253010.0,25301030.0,713940,7997
024878,2019-12-31,PDL BIOPHARMA INC,PDLI,35.0,3520.0,352010.0,35201010.0,325414,2836
024888,2018-03-31,ABAXIS INC,ABAX,35.0,3510.0,351010.0,35101010.0,334510,3845
024890,2021-06-30,MISONIX INC,MSON,35.0,3510.0,351010.0,35101010.0,339112,3841
024893,2016-09-30,WHOLE FOODS MARKET INC,WFM,30.0,3010.0,301010.0,30101030.0,445110,5411
024905,2025-12-31,SUNRUN INC,RUN,20.0,2010.0,201040.0,20104010.0,335999,3620
024912,2025-12-31,ACORN ENERGY INC,ACFN,45.0,4520.0,452030.0,45203010.0,334511,3812
024922,2015-12-31,POWERSECURE INTL INC,POWR.1,20.0,2010.0,201040.0,20104020.0,221118,4991
024937,2020-03-31,MAJESCO,MJCO,45.0,4510.0,451030.0,45103010.0,511210,7372
024975,2025-10-31,SYNOPSYS INC,SNPS,45.0,4510.0,451030.0,45103010.0,511210,7372
024990,2016-12-31,AMPLIFY SNACK BRANDS,BETR.1,30.0,3020.0,302020.0,30202030.0,311919,2090
024996,2025-12-31,LINEAGE CELL THERAPEUTICS IN,LCTX,35.0,3520.0,352010.0,35201010.0,325414,2836
025021,2012-12-31,VALASSIS COMMUNICATIONS INC,VCI,25.0,2540.0,254010.0,25401040.0,541870,7310
025047,2016-12-31,SCICLONE PHARMACEUTICALS LLC,SCLN,35.0,3520.0,352020.0,35202010.0,325412,2834
025056,2017-12-31,TIME WARNER INC,TWX,25.0,2540.0,254010.0,25401030.0,512110,4888
025069,2021-12-31,USA TRUCK INC,USAK,20.0,2030.0,203040.0,20304020.0,484121,4213
025095,2015-12-31,STEMCELLS INC,STEM.1,35.0,3520.0,352010.0,35201010.0,325414,2836
025108,2020-01-31,CHRISTOPHER & BANKS CORP,CBKCQ,25.0,2550.0,255040.0,25504010.0,448120,5621
025110,2025-12-31,ICU MEDICAL INC,ICUI,35.0,3510.0,351010.0,35101020.0,339112,3841
025119,2025-12-31,MOHAWK INDUSTRIES INC,MHK,25.0,2520.0,252010.0,25201020.0,314110,2273
025157,2018-12-31,FIRST DATA CORP,FDC,45.0,4510.0,451020.0,45102020.0,518210,7374
025160,2015-12-31,EMPRESAS ICA SAB DE CV,ICAYY,20.0,2010.0,201030.0,20103010.0,237,1600
025166,2025-12-31,KOPIN CORP,KOPN,45.0,4530.0,453010.0,45301020.0,334413,3674
025167,2020-01-31,TAILORED BRANDS INC,TLRDQ,25.0,2550.0,255040.0,25504010.0,448110,5600
025180,2025-12-31,AGCO CORP,AGCO,20.0,2010.0,201060.0,20106015.0,333111,3523
025186,2020-01-31,STEIN MART INC,SMRTQ,25.0,2550.0,255040.0,25504010.0,448140,5651
025234,2025-01-31,BUCKLE INC,BKE,25.0,2550.0,255040.0,25504010.0,458110,5651
025274,2025-12-31,UNIVERSAL DISPLAY CORP,OLED,45.0,4530.0,453010.0,45301020.0,334413,3674
025279,2025-12-31,BOSTON SCIENTIFIC CORP,BSX,35.0,3510.0,351010.0,35101010.0,334510,3845
025283,2025-01-31,KOHL'S CORP,KSS,25.0,2550.0,255030.0,25503030.0,455110,5311
025320,2018-09-30,DATAWATCH CORP,DWCH,45.0,4510.0,451030.0,45103010.0,511210,7372
025340,2025-09-30,D R HORTON INC,DHI,25.0,2520.0,252010.0,25201030.0,236117,1531
025349,2021-12-31,GLOBAL BLOOD THERAPEUTICS,GBT,35.0,3520.0,352010.0,35201010.0,325414,2836
025356,2017-12-31,EXPRESS SCRIPTS HOLDING CO,ESRX,35.0,3510.0,351020.0,35102015.0,446110,5912
025357,2018-02-28,FINISH LINE INC  -CL A,FINL,25.0,2550.0,255040.0,25504010.0,448210,5661
025367,2024-12-31,MAGIC SOFTWARE ENTERPRISES,MGIC,45.0,4510.0,451030.0,45103010.0,513210,7372
025396,2012-12-31,BIOCLINICA INC,BIOC.1,35.0,3520.0,352030.0,35203010.0,621511,8071
025399,2014-12-31,HAMPSHIRE GROUP LTD,HAMPQ,25.0,2520.0,252030.0,25203010.0,315190,2253
025424,2022-12-31,HOSTESS BRANDS INC,TWNK,30.0,3020.0,302020.0,30202030.0,311812,2050
025430,2025-10-31,FUELCELL ENERGY INC,FCEL,20.0,2010.0,201040.0,20104010.0,335999,3690
025434,2025-09-30,STARBUCKS CORP,SBUX,25.0,2530.0,253010.0,25301040.0,722513,5812
025472,2025-12-31,LIFEMD INC,LFMD,35.0,3510.0,351030.0,35103010.0,621999,8090
025495,2017-12-31,DYNEGY INC,DYN.2,55.0,5510.0,551050.0,55105010.0,221112,1311
025509,2019-12-31,SUPERIOR ENERGY SERVICES INC,SPNX,10.0,1010.0,101010.0,10101020.0,213112,1389
025527,2019-12-31,FULING GLOBAL INC,FORK,25.0,2520.0,252010.0,25201050.0,326199,3089
025529,2023-12-31,VIZIO HOLDING CORP,VZIO,25.0,2520.0,252010.0,25201010.0,334310,3651
025536,2025-09-30,CENTRAL GARDEN & PET CO,CENTA,30.0,3030.0,303010.0,30301010.0,424490,5140
025538,2024-12-31,CORE AI HOLDINGS INC,CHAI,45.0,4520.0,452010.0,45201020.0,334220,3663
025539,2025-12-31,CPI CARD GROUP INC,PMTS,45.0,4520.0,452020.0,45202030.0,334112,3572
025570,2015-12-31,ANCHOR BANCORP WISCONSIN INC,ABCW,40.0,4010.0,401020.0,40102010.0,522120,6035
025600,2016-12-31,CARE CAPITAL PPTYS INC,CCP,60.0,6010.0,601010.0,60101050.0,531120,6798
025623,2013-04-30,HI TECH PHARMACAL CO INC,HITK,35.0,3520.0,352020.0,35202010.0,325412,2834
025633,2025-12-31,OMEGA HEALTHCARE INVS INC,OHI,60.0,6010.0,601050.0,60105010.0,531190,6798
025645,2025-02-28,ALBERTSONS COS INC,ACI,30.0,3010.0,301010.0,30101030.0,445110,5411
025648,2025-12-31,ROCHE HOLDING AG,RHHBY,35.0,3520.0,352020.0,35202010.0,325412,2834
025665,2025-12-31,LTC PROPERTIES INC,LTC,60.0,6010.0,601050.0,60105010.0,531190,6798
025676,2020-06-30,PERCEPTRON INC,PRCP,45.0,4520.0,452030.0,45203010.0,333314,3827
025683,2016-12-31,PAYBOX CORP,PBOX,45.0,4510.0,451020.0,45102020.0,518210,7370
025726,2025-12-31,CPI AEROSTRUCTURES INC,CVU,20.0,2010.0,201010.0,20101010.0,336413,3728
025745,2012-12-31,CRIMSON EXPLORATION INC,CXPO,10.0,1010.0,101020.0,10102020.0,211111,1311
025747,2025-12-31,LITTELFUSE INC,LFUS,45.0,4520.0,452030.0,45203015.0,335313,3613
025774,2018-12-31,ELECTRONICS FOR IMAGING INC,EFII,45.0,4520.0,452020.0,45202030.0,334118,3577
025776,2019-06-30,SANTA FE GOLD CORP,SFEG,15.0,1510.0,151040.0,15104040.0,2122,1000
025783,2010-12-31,MCAFEE INC,MFE,45.0,4510.0,451030.0,45103020.0,511210,7372
025848,2020-03-31,KEMET CORP,KEM.2,45.0,4520.0,452030.0,45203020.0,334416,3670
025874,2017-12-31,PETROQUEST ENERGY INC,PQUEQ,10.0,1010.0,101020.0,10102020.0,211111,1311
025893,2025-12-31,SITEONE LANDSCAPE SUPPLY INC,SITE,20.0,2010.0,201070.0,20107010.0,423820,5080
025895,2025-12-31,RADIAN GROUP INC,RDN,40.0,4020.0,402010.0,40201050.0,524126,6351
025904,2025-12-31,ACLARIS THERAPEUTICS INC,ACRS,35.0,3520.0,352020.0,35202010.0,325412,2834
025921,2011-12-31,RAILAMERICA INC,RA.3,20.0,2030.0,203040.0,20304010.0,482112,4013
025923,2025-12-31,HG HOLDINGS INC,STLY,25.0,2520.0,252010.0,25201020.0,524127,6361
025924,2022-12-31,NAVIDEA BIOPHARMACEUTICALS,NAVBQ,35.0,3520.0,352010.0,35201010.0,325413,2835
025929,2011-12-31,SATCON TECHNOLOGY CORP,SATCQ,20.0,2010.0,201040.0,20104020.0,335312,3621
025937,2025-12-31,LIGAND PHARMACEUTICAL INC,LGND,35.0,3520.0,352020.0,35202010.0,325412,2834
025950,2019-12-31,TAUBMAN CENTERS INC,TCO.2,60.0,6010.0,601010.0,60101070.0,531120,6798
025964,2025-12-31,CHART INDUSTRIES INC,GTLS,20.0,2010.0,201060.0,20106020.0,332410,3443
025978,2016-12-31,MRV COMMUNICATIONS INC,MRVC,45.0,4520.0,452010.0,45201020.0,334210,3661
025999,2025-12-31,GYRE THERAPEUTICS INC,GYRE,35.0,3520.0,352010.0,35201010.0,325414,2836
026011,2014-03-31,COMPUWARE CORP,CPWR.1,45.0,4510.0,451030.0,45103010.0,511210,7372
026013,2025-12-31,SM ENERGY CO,SM,10.0,1010.0,101020.0,10102020.0,2111,1311
026021,2020-12-31,SEACOR HOLDINGS INC,CKH,20.0,2030.0,203030.0,20303010.0,483111,4412
026045,2025-12-31,ULTRALIFE CORP,ULBI,20.0,2010.0,201040.0,20104010.0,335910,3690
026061,2025-12-31,MATCH GROUP INC,MTCH,50.0,5020.0,502030.0,50203010.0,519290,7370
026069,2025-12-31,GULFPORT ENERGY CORP,GPOR,10.0,1010.0,101020.0,10102020.0,2111,1311
026094,2016-12-31,MIRNA THERAPEUTICS INC,MIRN,35.0,3520.0,352010.0,35201010.0,325414,2836
026112,2025-12-31,CYTOMX THERAPEUTICS INC,CTMX,35.0,3520.0,352010.0,35201010.0,325414,2836
026123,2025-12-31,NOVOCURE LIMITED,NVCR,35.0,3510.0,351010.0,35101010.0,334510,3845
026144,2021-01-31,AT HOME GROUP INC,HOME,25.0,2550.0,255040.0,25504060.0,442299,5700
026146,2025-12-31,REGENXBIO INC,RGNX,35.0,3520.0,352010.0,35201010.0,325414,2836
026147,2025-12-31,PENUMBRA INC,PEN,35.0,3510.0,351010.0,35101010.0,339112,3841
026156,2025-10-31,HEWLETT PACKARD ENTERPRISE,HPE,45.0,4520.0,452020.0,45202030.0,334111,3571
026162,2025-12-31,ANAPTYSBIO INC,ANAB,35.0,3520.0,352010.0,35201010.0,325414,2836
026187,2019-12-31,ADESTO TECHNOLOGIES CORP,IOTS,45.0,4530.0,453010.0,45301020.0,334413,3674
026246,2014-03-31,VISION-SCIENCES INC,VSCI,35.0,3510.0,351010.0,35101010.0,334510,3845
026269,2019-12-31,MYOKARDIA INC,MYOK,35.0,3520.0,352020.0,35202010.0,325414,2836
026273,2018-12-31,EDGE THERAPEUTICS INC,EDGE.2,35.0,3520.0,352010.0,35201010.0,325414,2836
026297,2025-12-31,LOANDEPOT INC,LDI,40.0,4020.0,402010.0,40201050.0,522292,6162
026304,2017-03-31,CSRA INC,CSRA,45.0,4510.0,451020.0,45102010.0,54151,7370
026336,2021-12-31,PLX PHARMA INC,PLXPQ,35.0,3520.0,352020.0,35202010.0,325412,2834
026340,2025-12-31,WAVE LIFE SCIENCES LTD,WVE,35.0,3520.0,352020.0,35202010.0,325414,2836
026341,2025-12-31,VOYAGER THERAPEUTICS INC,VYGR,35.0,3520.0,352010.0,35201010.0,325414,2836
026351,2018-12-31,NORTHSTAR REALTY EUROPE CORP,NRE,60.0,6010.0,601010.0,60101040.0,531120,6798
026359,2025-12-31,APELLIS PHARMACEUTICALS,APLS,35.0,3520.0,352010.0,35201010.0,325414,2836
026367,2025-12-31,BLOCK INC,XYZ,40.0,4020.0,402010.0,40201060.0,518210,7374
026376,2025-12-31,BEONE MEDICINES LTD,ONC,35.0,3520.0,352010.0,35201010.0,325414,2836
026385,2024-12-31,MERUS NV,MRUS,35.0,3520.0,352010.0,35201010.0,325414,2836
026410,2025-12-31,FOUR CORNERS PROPERTY TR INC,FCPT,60.0,6010.0,601080.0,60108010.0,531120,6798
026494,2025-06-30,ATLASSIAN CORP,TEAM,45.0,4510.0,451030.0,45103010.0,519290,7370
026514,2016-12-31,MONSTER DIGITAL INC -OLD,MSDI.2,45.0,4520.0,452020.0,45202030.0,334112,3572
026543,2018-12-31,PETROSHARE CORP,PRHRQ,10.0,1010.0,101020.0,10102020.0,211120,1311
026545,2025-09-30,RMR GROUP INC,RMR,60.0,6020.0,602010.0,60201010.0,561110,8741
026658,2023-12-31,AVANGRID INC,AGR,55.0,5510.0,551010.0,55101010.0,2211,4911
026676,2025-03-31,AZURE POWER GLOBAL LIMITED,AZREF,55.0,5510.0,551050.0,55105020.0,2211,4911
026677,2024-01-31,SECUREWORKS CORP,SCWX,45.0,4510.0,451030.0,45103020.0,513210,7372
026709,2018-09-30,VERSUM MATERIALS INC,VSM,45.0,4530.0,453010.0,45301010.0,325199,2860
026722,2020-12-31,ACACIA COMMUNICATIONS INC,ACIA,45.0,4520.0,452010.0,45201020.0,334220,3663
026746,2025-07-31,NUTANIX INC,NTNX,45.0,4510.0,451030.0,45103010.0,518210,7370
026768,2025-12-31,SSR MINING INC,SSRM,15.0,1510.0,151040.0,15104030.0,212220,1040
026798,2024-12-31,CLEARSIDE BIOMEDICAL INC,CLSDQ,35.0,3520.0,352020.0,35202010.0,325412,2834
026839,2025-12-31,PHILLIPS EDISON & CO INC,PECO,60.0,6010.0,601070.0,60107010.0,531120,6798
026863,2018-12-31,CENTRIC BRANDS INC,CTRCQ,25.0,2520.0,252030.0,25203010.0,315,2300
026864,2025-12-31,PERMIAN RESOURCES CORP,PR,10.0,1010.0,101020.0,10102020.0,211120,1311
026874,2025-12-31,EDITAS MEDICINE INC,EDIT,35.0,3520.0,352010.0,35201010.0,325414,2836
026892,2022-12-31,REATA PHARMACEUTICALS INC,RETA,35.0,3520.0,352020.0,35202010.0,325414,2836
027119,2025-12-31,INGEVITY CORP,NGVT,15.0,1510.0,151010.0,15101050.0,3251,2810
027148,2016-12-31,ADVANCEPIERRE FOODS HOLDINGS,APFH,30.0,3020.0,302020.0,30202030.0,311,2000
027155,2025-12-31,INTELLIA THERAPEUTICS INC,NTLA,35.0,3520.0,352010.0,35201010.0,325414,2836
027198,2016-12-31,PHASERX INC,PZRXQ,35.0,3520.0,352010.0,35201010.0,325414,2836
027199,2025-12-31,VAALCO ENERGY INC,EGY,10.0,1010.0,101020.0,10102020.0,2111,1311
027201,2018-12-31,GEMPHIRE THERAPEUTICS INC,GEMP,35.0,3520.0,352010.0,35201010.0,325414,2836
027240,2025-12-31,BALLYS CORP,BALY,25.0,2530.0,253010.0,25301010.0,7132,7990
027318,2025-07-31,ZEDGE INC,ZDGE,50.0,5020.0,502030.0,50203010.0,513210,7372
027333,2025-09-30,ADIENT PLC,ADNT,25.0,2510.0,251010.0,25101010.0,336360,2531
027335,2025-12-31,HIGHLANDS REIT INC,HHDS,60.0,6010.0,601010.0,60101010.0,531120,6798
027354,2025-12-31,CARTESIAN THERAPEUTICS INC,RNAC,35.0,3520.0,352010.0,35201010.0,325414,2836
027372,2025-12-31,AC IMMUNE SA,ACIU,35.0,3520.0,352010.0,35201010.0,325414,2836
027373,2025-09-30,VALVOLINE INC,VVV,25.0,2550.0,255040.0,25504050.0,457120,5500
027386,2025-12-31,JELD-WEN HOLDING INC,JELD,20.0,2010.0,201020.0,20102010.0,321911,2430
027387,2025-12-31,IMPINJ INC,PI,45.0,4530.0,453010.0,45301020.0,334413,3674
027392,2023-12-31,SYROS PHARMACEUTICALS INC,SYRS,35.0,3520.0,352010.0,35201010.0,325414,2836
027393,2025-12-31,HILTON GRAND VACATIONS,HGV,25.0,2530.0,253010.0,25301020.0,531390,6532
027463,2025-12-31,INLAND REAL ESTATE INCOME TR,INRE,60.0,6010.0,601010.0,60101070.0,531120,6798
027476,2020-12-31,KADMON HOLDINGS INC,KDMN,35.0,3520.0,352010.0,35201010.0,325414,2836
027574,2025-12-31,TPI COMPOSITES INC,TPICQ,20.0,2010.0,201040.0,20104020.0,333611,3510
027576,2025-08-31,SIMPLY GOOD FOODS COMPANY,SMPL,30.0,3020.0,302020.0,30202030.0,311340,2060
027635,2017-12-31,COMMERCEHUB INC,CHUBK,45.0,4510.0,451010.0,45101010.0,519130,7370
027653,2025-12-31,YETI HOLDINGS INC,YETI,25.0,2520.0,252020.0,25202010.0,339920,3949
027670,2025-12-31,PROTAGONIST THERAPEUTICS INC,PTGX,35.0,3520.0,352010.0,35201010.0,325414,2836
027677,2020-12-31,EXTRACTION OIL & GAS INC,XOG,10.0,1010.0,101020.0,10102020.0,211120,1311
027760,2024-03-31,BOWFLEX INC,BFXXQ,25.0,2520.0,252020.0,25202010.0,339920,3949
027780,2025-12-31,SITE CENTERS CORP,SITC,60.0,6010.0,601070.0,60107010.0,531120,6798
027786,2025-12-31,EXPAND ENERGY CORP,EXE,10.0,1010.0,101020.0,10102020.0,2111,1311
027794,2025-06-30,WOLFSPEED INC,WOLF,45.0,4530.0,453010.0,45301020.0,334413,3674
027800,2017-12-31,QUALITY CARE PROPERTIES INC,QCP,60.0,6010.0,601010.0,60101050.0,531120,6798
027802,2019-12-31,LSC COMMUNICATIONS INC,LKSDQ,20.0,2020.0,202010.0,20201010.0,323111,2750
027816,2010-12-31,GLOBAL INDUSTRIES LTD,GLBL.1,10.0,1010.0,101010.0,10101020.0,213112,1389
027828,2025-12-31,UNIVERSAL ELECTRONICS INC,UEIC,25.0,2520.0,252010.0,25201010.0,334310,3651
027841,2025-12-31,ALPHA METALLURGICAL RESOURCE,AMR,15.0,1510.0,151040.0,15104050.0,21211,1220
027845,2019-12-31,ALLERGAN PLC,AGN,35.0,3520.0,352020.0,35202010.0,325412,2834
027875,2025-12-31,EQUITY LIFESTYLE PPTYS INC,ELS,60.0,6010.0,601060.0,60106020.0,531190,6798
027905,2022-12-31,NVN LIQUIDATION INC,NOVNQ,35.0,3520.0,352020.0,35202010.0,325412,2834
027907,2025-03-31,E.L.F. BEAUTY INC,ELF,30.0,3030.0,303020.0,30302010.0,325620,2844
027914,2025-12-31,HUMANA INC,HUM,35.0,3510.0,351020.0,35102030.0,621491,6324
027925,2022-12-31,AVID TECHNOLOGY INC,AVID,45.0,4520.0,452020.0,45202030.0,333310,3861
027928,2025-07-31,INTUIT INC,INTU,45.0,4510.0,451030.0,45103010.0,513210,7372
027965,2025-03-31,MICROCHIP TECHNOLOGY INC,MCHP,45.0,4530.0,453010.0,45301020.0,334413,3674
027980,2015-12-31,JARDEN CORP,JAH,25.0,2520.0,252010.0,25201050.0,326199,3089
027981,2023-01-31,CHICOS FAS INC,CHS,25.0,2550.0,255040.0,25504010.0,458110,5621
028004,2022-12-31,REVLON CONSUMER PRODUCTS CP,8135A,30.0,3030.0,303020.0,30302010.0,325620,2844
028027,2025-12-31,AMARIN CORPORATION PLC,AMRN,35.0,3520.0,352010.0,35201010.0,325414,2836
028071,2023-12-31,DZS INC,DZSIQ,45.0,4520.0,452010.0,45201020.0,334210,3661
028087,2025-12-31,EVERSPIN TECHNOLOGIES INC,MRAM,45.0,4530.0,453010.0,45301020.0,334413,3674
028091,2025-12-31,POLAR POWER INC,POLA,20.0,2010.0,201040.0,20104020.0,335312,3621
028113,2025-12-31,CRISPR THERAPEUTICS AG,CRSP,35.0,3520.0,352010.0,35201010.0,325414,2836
028119,2020-12-31,BROOKFIELD PROPERTY REIT,BPYU,60.0,6010.0,601010.0,60101070.0,531120,6798
028139,2025-09-30,SANMINA CORP,SANM,45.0,4520.0,452030.0,45203020.0,334412,3672
028169,2017-12-31,AGRIUM INC,AGU,15.0,1510.0,151010.0,15101030.0,325311,2870
028180,2025-12-31,O'REILLY AUTOMOTIVE INC,ORLY,25.0,2550.0,255040.0,25504050.0,441330,5531
028192,2025-12-31,HOWMET AEROSPACE INC,HWM,20.0,2010.0,201010.0,20101010.0,336413,3728
028194,2025-12-31,AVIENT CORP,AVNT,15.0,1510.0,151010.0,15101050.0,325130,2810
028195,2025-08-31,JABIL INC,JBL,45.0,4520.0,452030.0,45203020.0,334412,3672
028262,2024-12-31,NATUZZI SPA,NTZ,25.0,2520.0,252010.0,25201020.0,337121,2510
028266,2015-03-31,OPTI INC,OPTI.,45.0,4530.0,453010.0,45301020.0,999990,9995
028272,2025-12-31,ASTRAZENECA PLC,AZN,35.0,3520.0,352020.0,35202010.0,325412,2834
028295,2025-12-31,TITAN INTERNATIONAL INC,TWI,20.0,2010.0,201060.0,20106015.0,333111,3523
028303,2018-01-31,ELLIS PERRY INTL INC,PERY,25.0,2520.0,252030.0,25203010.0,315220,2320
028320,2025-12-31,CDW CORP,CDW,45.0,4520.0,452030.0,45203030.0,423430,5045
028323,2025-12-31,ACADIA REALTY TRUST,AKR,60.0,6010.0,601070.0,60107010.0,531120,6798
028338,2025-12-31,TRANSOCEAN LTD,RIG,10.0,1010.0,101010.0,10101010.0,213111,1381
028340,2025-12-31,TANGER INC,SKT,60.0,6010.0,601070.0,60107010.0,531120,6798
028349,2025-12-31,ALLSTATE CORP,ALL,40.0,4030.0,403010.0,40301040.0,524126,6331
028365,2025-12-31,SENESTECH INC,SNES,35.0,3520.0,352020.0,35202010.0,325320,2870
028378,2025-03-31,LIONSGATE STUDIOS CORP,LION,50.0,5020.0,502020.0,50202010.0,512110,7812
028383,2018-12-31,ATTUNITY LTD,ATTU,45.0,4510.0,451030.0,45103020.0,511210,7372
028386,2014-12-31,EZCHIP SEMICONDUCTOR LTD,EZCH,45.0,4530.0,453010.0,45301020.0,334118,3576
028388,2011-12-31,ALDILA INC,ALDA.1,25.0,2520.0,252020.0,25202010.0,339920,3949
028408,2025-12-31,GENTHERM INC,THRM,25.0,2510.0,251010.0,25101010.0,336390,3714
028421,2022-03-31,MYOVANT SCIENCES LTD,MYOV,35.0,3520.0,352010.0,35201010.0,325412,2834
028456,2025-12-31,SUBSEA 7 SA,SUBCY,10.0,1010.0,101010.0,10101020.0,238910,1389
028470,2019-12-31,RA PHARMACEUTICALS INC,RARX,35.0,3520.0,352010.0,35201010.0,325414,2836
028485,2025-12-31,COLLIERS INTL GROUP INC,CIGI,60.0,6020.0,602010.0,60201040.0,531210,6531
028515,2025-12-31,GROWGENERATION CORP,GRWG,25.0,2550.0,255040.0,25504030.0,444240,5200
028518,2019-10-31,SHILOH INDUSTRIES INC,SHLOQ,25.0,2510.0,251010.0,25101010.0,336370,3460
028520,2025-12-31,YACIMIENTOS PETE FISCALES SA,YPF,10.0,1010.0,101020.0,10102010.0,324110,2911
028535,2024-12-31,GRUPO SIMEC SA DE CV,SIM,15.0,1510.0,151040.0,15104050.0,331110,3312
028543,2011-12-31,SUN HEALTHCARE GROUP INC,SUNH.1,35.0,3510.0,351020.0,35102015.0,623110,8051
028564,2017-12-31,STONE ENERGY CORP,SGY,10.0,1010.0,101020.0,10102020.0,211111,1311
028641,2017-09-30,KEY TECHNOLOGY INC,KTEC.1,20.0,2010.0,201060.0,20106020.0,333241,3550
028648,2015-01-31,PETSMART INC,PETM,25.0,2550.0,255040.0,25504040.0,453910,5990
028670,2025-12-31,INNOVATIVE INDUSTRIAL PPTYS,IIPR,60.0,6010.0,601025.0,60102510.0,531120,6798
028717,2025-12-31,INNODATA INC,INOD,20.0,2020.0,202020.0,20202020.0,5416,8700
028724,2025-12-31,BALLARD POWER SYSTEMS INC,BLDP,20.0,2010.0,201040.0,20104010.0,335999,3690
028742,2025-12-31,BORGWARNER INC,BWA,25.0,2510.0,251010.0,25101010.0,336310,3714
028762,2024-12-31,SPARTANNASH CO,SPTN,30.0,3010.0,301010.0,30101020.0,424410,5141
028769,2025-12-31,SAUL CENTERS INC,BFS,60.0,6010.0,601070.0,60107010.0,531120,6798
028775,2013-09-30,XRS CORP,XRSC,45.0,4510.0,451030.0,45103020.0,511210,7372
028787,2025-06-30,PERFORMANCE FOOD GROUP CO,PFGC,30.0,3010.0,301010.0,30101020.0,4244,5140
028790,2025-05-31,LAMB WESTON HOLDINGS INC,LW,30.0,3020.0,302020.0,30202030.0,311411,2030
028806,2025-09-30,ARROWHEAD PHARMACEUTICAL INC,ARWR,35.0,3520.0,352010.0,35201010.0,325414,2836
028838,2022-12-31,CREDIT SUISSE GROUP,CS,40.0,4020.0,402030.0,40203030.0,523150,6211
028853,2018-12-31,ARRIS INTERNATIONAL PLC,ARRS,45.0,4520.0,452010.0,45201020.0,334220,3663
028877,2025-12-31,KEURIG DR PEPPER INC,KDP,30.0,3020.0,302010.0,30201030.0,311930,2080
028916,2024-12-31,INFINITE GROUP INC,IMCI,45.0,4510.0,451020.0,45102010.0,541512,7373
028919,2016-12-31,ONEOK PARTNERS -LP,OKS,10.0,1010.0,101020.0,10102040.0,486210,4922
028924,2019-04-30,BARNES & NOBLE INC,BKS,25.0,2550.0,255040.0,25504040.0,451211,5940
028930,2025-12-31,MARRIOTT INTL INC,MAR,25.0,2530.0,253010.0,25301020.0,721110,7011
028938,2016-12-31,ULTRATECH INC,UTEK,45.0,4530.0,453010.0,45301010.0,333242,3559
028940,2025-12-31,BELDEN INC,BDC,45.0,4520.0,452030.0,45203015.0,33441,3670
028998,2012-12-31,LODGENET INTERACTIVE CORP,LNETQ,25.0,2540.0,254010.0,25401030.0,517410,4899
029001,2014-12-31,OM GROUP INC,OMG,15.0,1510.0,151010.0,15101050.0,331492,3341
029004,2025-09-30,VAREX IMAGING CORP,VREX,35.0,3510.0,351010.0,35101010.0,334517,3844
029011,2025-12-31,BOYD GAMING CORP,BYD,25.0,2530.0,253010.0,25301010.0,721120,7011
029013,2024-12-31,CHECKPOINT THERAPEUTICS INC,CKPT,35.0,3520.0,352010.0,35201010.0,325414,2836
029015,2025-03-31,DECKERS OUTDOOR CORP,DECK,25.0,2520.0,252030.0,25203020.0,31621,3140
029028,2025-08-31,COSTCO WHOLESALE CORP,COST,30.0,3010.0,301010.0,30101040.0,455211,5399
029032,2014-12-31,INSITE VISION INC,INSV,35.0,3520.0,352020.0,35202010.0,325412,2834
029052,2025-12-31,LXP INDUSTRIAL TRUST,LXP,60.0,6010.0,601025.0,60102510.0,531120,6798
029082,2025-12-31,CBL & ASSOCIATES PPTYS INC,CBL,60.0,6010.0,601070.0,60107010.0,531120,6798
029086,2025-06-30,PALATIN TECHNOLOGIES INC,PTN,35.0,3520.0,352010.0,35201010.0,325414,2836
029099,2025-12-31,REGENCY CENTERS CORP,REG,60.0,6010.0,601070.0,60107010.0,531120,6798
029127,2025-12-31,INCYTE CORP,INCY,35.0,3520.0,352010.0,35201010.0,325414,2836
029133,2025-12-31,ITRON INC,ITRI,45.0,4520.0,452030.0,45203010.0,334514,3824
029150,2025-01-31,URBAN OUTFITTERS INC,URBN,25.0,2550.0,255040.0,25504010.0,458110,5651
029151,2025-12-31,CENTURY CASINOS INC,CNTY,25.0,2530.0,253010.0,25301010.0,721120,7990
029155,2025-12-31,CARS.COM INC,CARS,50.0,5020.0,502030.0,50203010.0,519290,7370
029156,2025-12-31,UFP INDUSTRIES INC,UFPI,20.0,2010.0,201020.0,20102010.0,321999,2421
029191,2025-12-31,ICHOR HOLDINGS LTD,ICHR,45.0,4530.0,453010.0,45301010.0,333242,3559
029207,2025-12-31,BEYONDSPRING INC,BYSI,35.0,3520.0,352010.0,35201010.0,325414,2836
029241,2025-06-30,VIAVI SOLUTIONS INC,VIAV,45.0,4520.0,452010.0,45201020.0,334210,3661
029274,2013-12-31,ATMI INC,ATMI.1,45.0,4530.0,453010.0,45301010.0,325180,2810
029278,2010-10-31,MARTEK BIOSCIENCES CORP,MATK,35.0,3520.0,352010.0,35201010.0,325411,2833
029312,2011-12-31,HUMAN GENOME SCIENCES INC,HGSI,35.0,3520.0,352010.0,35201010.0,325413,2835
029375,2022-12-31,CASA SYSTEMS INC,CASSQ,45.0,4520.0,452010.0,45201020.0,334118,3576
029382,2025-12-31,MADDEN STEVEN LTD,SHOO,25.0,2520.0,252030.0,25203020.0,316210,3140
029386,2013-12-31,TRIQUINT SEMICONDUCTOR INC,TQNT,45.0,4530.0,453010.0,45301020.0,334413,3674
029392,2025-12-31,EASTMAN CHEMICAL CO,EMN,15.0,1510.0,151010.0,15101050.0,325,2800
029433,2015-03-31,SPEED COMMERCE INC,SPDC,45.0,4520.0,452030.0,45203030.0,519130,7370
029435,2014-09-30,PLANAR SYSTEMS INC,PLNR,45.0,4520.0,452030.0,45203010.0,334419,3679
029449,2025-12-31,UFP TECHNOLOGIES INC,UFPT,35.0,3510.0,351010.0,35101020.0,339113,3842
029453,2025-12-31,CHENIERE ENERGY INC,LNG,10.0,1010.0,101020.0,10102040.0,211130,1311
029517,2025-12-31,MEDIFAST INC,MED,30.0,3030.0,303020.0,30302010.0,311999,2090
029524,2022-12-31,NEXTIER OILFIELD SOLUTNS INC,NEX,10.0,1010.0,101010.0,10101020.0,213112,1389
029537,2025-12-31,TRIVAGO NV,TRVG,50.0,5020.0,502030.0,50203010.0,519290,7370
029576,2025-12-31,NI HOLDINGS INC,NODK,40.0,4030.0,403010.0,40301040.0,524126,6331
029609,2025-06-30,HAIN CELESTIAL GROUP INC,HAIN,30.0,3020.0,302020.0,30202030.0,311,2000
029621,2024-07-31,STEEL CONNECT INC,STCN,20.0,2020.0,202020.0,20202030.0,561910,7389
029627,2016-03-31,MAD CATZ INTERACTIVE INC,MCZAF,25.0,2520.0,252010.0,25201010.0,339930,3944
029634,2012-09-30,TELULAR CORP,WRLS.1,45.0,4520.0,452010.0,45201020.0,334220,3663
029670,2025-12-31,RAMACO RESOURCES INC,METC,15.0,1510.0,151040.0,15104050.0,212115,1220
029684,2022-12-31,JOUNCE THERAPEUTICS INC,JNCE,35.0,3520.0,352010.0,35201010.0,325414,2836
029698,2024-04-30,SIGMATRON INTERNATIONAL INC,SGMA,45.0,4520.0,452030.0,45203020.0,334412,3672
029709,2010-03-31,SONIC SOLUTIONS,SNIC,45.0,4510.0,451030.0,45103010.0,511210,7372
029710,2015-12-31,HEALTH NET INC,HNT,35.0,3510.0,351020.0,35102030.0,524114,6324
029722,2020-12-31,DSP GROUP INC,DSPG,45.0,4530.0,453010.0,45301020.0,334220,3663
029736,2025-12-31,TRACTOR SUPPLY CO,TSCO,25.0,2550.0,255040.0,25504040.0,459999,5200
029751,2025-12-31,ALBEMARLE CORP,ALB,15.0,1510.0,151010.0,15101050.0,325180,2810
029755,2025-09-30,BEAZER HOMES USA INC,BZH,25.0,2520.0,252010.0,25201030.0,236117,1531
029760,2025-12-31,KIMBELL ROYALTY PARTNERS LP,KRP,10.0,1010.0,101020.0,10102020.0,2111,1311
029762,2018-12-31,AROTECH CORP,ARTX,20.0,2010.0,201010.0,20101010.0,333318,3690
029791,2016-03-31,QLOGIC CORP,QLGC,45.0,4520.0,452030.0,45203020.0,334118,3570
029819,2017-12-31,BIOVERATIV INC,BIVV,35.0,3520.0,352010.0,35201010.0,325414,2836
029830,2023-09-30,WESTROCK CO,WRK,15.0,1510.0,151030.0,15103020.0,322211,2650
029837,2025-12-31,BIOCRYST PHARMACEUTICALS INC,BCRX,35.0,3520.0,352010.0,35201010.0,325414,2836
029850,2025-12-31,GRUPO TELEVISA SAB,TV,50.0,5010.0,501010.0,50101020.0,516210,4841
029868,2025-12-31,MACERICH CO,MAC,60.0,6010.0,601070.0,60107010.0,531120,6798
029887,2015-06-30,TOWERS WATSON & CO,TW.3,20.0,2020.0,202020.0,20202010.0,541612,8742
029894,2025-12-31,NN INC,NNBR,20.0,2010.0,201060.0,20106020.0,332991,3562
029910,2025-06-30,SCANSOURCE INC,SCSC,45.0,4520.0,452030.0,45203030.0,423430,5045
029930,2025-03-31,MOTORCAR PARTS OF AMER INC,MPAA,25.0,2510.0,251010.0,25101010.0,336320,3690
029955,2025-12-31,BAUSCH HEALTH COMPANIES INC,BHC,35.0,3520.0,352020.0,35202010.0,325412,2834
029962,2025-10-31,LIMONEIRA CO,LMNR,30.0,3020.0,302020.0,30202010.0,111320,100
029968,2019-12-31,AK STEEL HOLDING CORP,AKS,15.0,1510.0,151040.0,15104050.0,331110,3312
029984,2025-12-31,PROLOGIS INC,PLD,60.0,6010.0,601025.0,60102510.0,531120,6798
030007,2019-12-31,VIVUS INC,VVUSQ,35.0,3520.0,352020.0,35202010.0,325412,2834
030059,2025-01-31,AMERN EAGLE OUTFITTERS INC,AEO,25.0,2550.0,255040.0,25504010.0,4481,5600
030067,2025-12-31,AGREE REALTY CORP,ADC,60.0,6010.0,601070.0,60107010.0,531120,6798
030091,2025-12-31,SNAP INC,SNAP,50.0,5020.0,502030.0,50203010.0,519290,7370
030098,2025-12-31,INGERSOLL RAND INC,IR,20.0,2010.0,201060.0,20106020.0,333912,3560
030137,2025-12-31,NEKTAR THERAPEUTICS,NKTR,35.0,3520.0,352020.0,35202010.0,325412,2834
030145,2025-12-31,PROPETRO HOLDING CORP,PUMP,10.0,1010.0,101010.0,10101020.0,213112,1389
030169,2015-12-31,INTERNATIONAL TEXTLE GRP INC,ITXN,25.0,2520.0,252030.0,25203030.0,313210,2211
030170,2025-03-31,FLEX LTD,FLEX,45.0,4520.0,452030.0,45203020.0,334412,3672
030185,2010-03-31,CARACO PHARMACEUTICAL LABS,CPD,35.0,3520.0,352020.0,35202010.0,325412,2834
030220,2025-12-31,SYPRIS SOLUTIONS INC,SYPR,25.0,2510.0,251010.0,25101010.0,336350,3714
030232,2025-06-30,HERZFELD CREDIT INCM FND INC,HERZ,,,,,525990,6726
030234,2012-12-31,MCMORAN EXPLORATION CO,MMR,10.0,1010.0,101020.0,10102020.0,211111,1311
030255,2014-12-31,NPS PHARMACEUTICALS INC,NPSP,35.0,3520.0,352010.0,35201010.0,325414,2836
030259,2025-12-31,PENN ENTERTAINMENT INC,PENN,25.0,2530.0,253010.0,25301010.0,713290,7990
030260,2025-12-31,SIMPSON MANUFACTURING INC,SSD,20.0,2010.0,201020.0,20102010.0,332510,3420
030277,2011-12-31,COLE KENNETH PROD INC  -CL A,KCP,25.0,2520.0,252030.0,25203010.0,3162,3140
030284,2025-12-31,LIBERTY ENERGY INC,LBRT,10.0,1010.0,101010.0,10101020.0,213112,1389
030298,2025-12-31,HIGHWOODS PROPERTIES INC,HIW,60.0,6010.0,601040.0,60104010.0,531120,6798
030311,2025-12-31,VIRIDIAN THERAPEUTICS INC,VRDN,35.0,3520.0,352010.0,35201010.0,325414,2836
030354,2018-12-31,LIBERTY PROPERTY TRUST,LPT,60.0,6010.0,601010.0,60101010.0,531120,6798
030397,2025-12-31,WARRIOR MET COAL INC,HCC,15.0,1510.0,151040.0,15104050.0,21211,1220
030398,2025-12-31,FALCONSTOR SOFTWARE INC,FALC,45.0,4510.0,451030.0,45103020.0,541512,7373
030428,2019-12-31,ALTA MESA RESOURCES INC,AMRQQ,10.0,1010.0,101020.0,10102020.0,211120,1311
030443,2025-12-31,FRESH DEL MONTE PRODUCE INC,FDP,30.0,3020.0,302020.0,30202010.0,111339,100
030463,2025-08-31,GREENBRIER COS INC (THE),GBX,20.0,2010.0,201060.0,20106010.0,336510,3743
030495,2016-12-31,FELCOR LODGING TRUST INC,FCH,60.0,6010.0,601010.0,60101030.0,531110,6798
030501,2025-12-31,KB FINANCIAL GROUP,KB,40.0,4010.0,401010.0,40101010.0,522110,6020
030547,2025-12-31,SOLARIS ENRGY INFRASTRUCTURE,SEI,10.0,1010.0,101010.0,10101020.0,532412,7359
030571,2021-12-31,ARDAGH GROUP SA,ARD,15.0,1510.0,151030.0,15103010.0,332431,3411
030576,2025-12-31,ADTRAN HOLDINGS INC,ADTN,45.0,4520.0,452010.0,45201020.0,334210,3661
030614,2025-12-31,ENERGY FOCUS INC,EFOI,20.0,2010.0,201040.0,20104010.0,335132,3640
030622,2025-01-31,YEXT INC,YEXT,45.0,4510.0,451030.0,45103010.0,519290,7370
030637,2025-12-31,VERIS RESIDENTIAL INC,VRE,60.0,6010.0,601060.0,60106010.0,531110,6798
030649,2014-12-31,WAVE SYSTEMS CORP  -CL A,WAVXQ,45.0,4510.0,451030.0,45103020.0,511210,7372
030655,2023-12-31,ALTERYX INC,AYX,45.0,4510.0,451030.0,45103010.0,519290,7370
030674,2015-12-31,ARIAD PHARMACEUTICALS INC,ARIA,35.0,3520.0,352010.0,35201010.0,325414,2836
030710,2015-12-31,MATTSON TECHNOLOGY INC,MTSN,45.0,4530.0,453010.0,45301010.0,333242,3559
030714,2023-03-31,TESSCO TECHNOLOGIES INC,TESS,45.0,4520.0,452010.0,45201020.0,423690,5065
030736,2025-01-31,OKTA INC,OKTA,45.0,4510.0,451020.0,45102030.0,519290,7370
030822,2025-12-31,REALTY INCOME CORP,O,60.0,6010.0,601070.0,60107010.0,531120,6798
030838,2025-12-31,TRANSPORTADORA DE GAS DEL SU,TGS,10.0,1010.0,101020.0,10102040.0,211130,1311
030861,2025-12-31,KNIGHT-SWIFT TRPTN HLDGS INC,KNX,20.0,2030.0,203040.0,20304030.0,484121,4213
030877,2025-12-31,COVENANT LOGISTICS GROUP INC,CVLG,20.0,2030.0,203040.0,20304030.0,484121,4213
030923,2025-12-31,TECHNIPFMC PLC,FTI,10.0,1010.0,101010.0,10101020.0,213112,1389
030990,2025-12-31,CAPITAL ONE FINANCIAL CORP,COF,40.0,4020.0,402020.0,40202010.0,522210,6141
030999,2025-12-31,CARVANA CO,CVNA,25.0,2550.0,255040.0,25504050.0,441120,5500
031059,2025-12-31,ZYMEWORKS INC,ZYME,35.0,3520.0,352010.0,35201010.0,325414,2836
031061,2025-12-31,UROGEN PHARMA LTD,URGN,35.0,3520.0,352010.0,35201010.0,325414,2836
031091,2025-12-31,VERITONE INC,VERI,45.0,4510.0,451030.0,45103010.0,518210,7370
031094,2021-12-31,BIOHAVEN PHRMCUTCL HLD,BHVN.1,35.0,3520.0,352010.0,35201010.0,325412,2834
031112,2025-12-31,OVID THRPUTCS INC,OVID,35.0,3520.0,352010.0,35201010.0,325414,2836
031142,2025-12-31,STMICROELECTRONICS NV,STM,45.0,4530.0,453010.0,45301020.0,334413,3674
031170,2023-12-31,UNVL STAINLESS & ALLOY PRODS,USAP,15.0,1510.0,151040.0,15104050.0,331110,3312
031203,2016-12-31,STILLWATER MINING CO,SWC,15.0,1510.0,151040.0,15104040.0,212299,1090
031227,2018-12-31,NUTRISYSTEM INC,NTRI,25.0,2550.0,255020.0,25502020.0,454110,5961
031252,2025-12-31,MAGNOLIA OIL & GAS CORP,MGY,10.0,1010.0,101020.0,10102020.0,211120,1311
031255,2025-12-31,TOWER SEMICONDUCTOR LTD,TSEM,45.0,4530.0,453010.0,45301020.0,334413,3674
031292,2018-12-31,ASV HOLDINGS INC,ASV,20.0,2010.0,201060.0,20106010.0,333120,3531
031343,2015-03-31,IMAGENETIX INC,IAGX,30.0,3030.0,303020.0,30302010.0,325412,2834
031384,2025-12-31,SEACOR MARINE HLDGS INC,SMHI,10.0,1010.0,101010.0,10101020.0,483111,4412
031405,2022-12-31,ATHENEX INC,ATNXQ,35.0,3520.0,352010.0,35201010.0,325414,2836
031418,2025-12-31,PROPHASE LABS INC,PRPH,35.0,3520.0,352020.0,35202010.0,325412,2834
031453,2025-12-31,INSIGHT ENTERPRISES INC,NSIT,45.0,4520.0,452030.0,45203030.0,423430,5045
031477,2025-09-30,AZENTA INC,AZTA,35.0,3520.0,352030.0,35203010.0,541714,8731
031494,2025-08-31,PENGUIN SOLUTIONS INC,PENG,45.0,4530.0,453010.0,45301020.0,334413,3674
031507,2025-12-31,NINE ENERGY SERVICE INC,NINE,10.0,1010.0,101010.0,10101020.0,213112,1389
031519,2022-12-31,YAMANA GOLD INC,AUY,15.0,1510.0,151040.0,15104030.0,212220,1040
031560,2018-12-31,SPEEDWAY MOTORSPORTS INC,TRK,25.0,2530.0,253010.0,25301030.0,711212,7948
031567,2025-06-30,STRATTEC SECURITY CORP,STRT,25.0,2510.0,251010.0,25101010.0,336390,3714
031587,2025-01-31,DOLLAR TREE INC,DLTR,30.0,3010.0,301010.0,30101040.0,455219,5331
031616,2014-12-31,CATAMARAN CORP,CTRX,35.0,3510.0,351020.0,35102015.0,511210,7372
031626,2024-12-31,CHINA NATURAL RESOURCES INC,CHNR,15.0,1510.0,151040.0,15104020.0,2122,1000
031656,2025-12-31,REIN THERAPEUTICS INC,RNTX,35.0,3520.0,352010.0,35201010.0,325414,2836
031673,2025-09-30,CENCORA INC,COR,35.0,3510.0,351020.0,35102010.0,424210,5122
031743,2015-12-31,ANADIGICS INC,ANAD,45.0,4530.0,453010.0,45301020.0,334413,3674
031748,2013-09-30,HAUPPAUGE DIGITAL INC,HAUP,45.0,4520.0,452020.0,45202030.0,334118,3577
031802,2019-12-31,DELPHI TECHNOLOGIES PLC,DLPH,25.0,2510.0,251010.0,25101010.0,336310,3714
031823,2022-12-31,VENATOR MATERIALS PLC,VNTRF,15.0,1510.0,151010.0,15101050.0,325180,2810
031825,2019-12-31,ADOMANI INC -OLD,ADOM.1,25.0,2510.0,251010.0,25101010.0,336350,3714
031843,2025-12-31,HARMONIC INC,HLIT,45.0,4520.0,452010.0,45201020.0,334220,3663
031845,2025-12-31,RANGER ENERGY SERVICES,RNGR,10.0,1010.0,101010.0,10101020.0,213112,1389
031846,2025-05-31,DARDEN RESTAURANTS INC,DRI,25.0,2530.0,253010.0,25301040.0,722511,5812
031848,2025-12-31,AVENUE THERAPEUTICS INC,ATXI,35.0,3520.0,352020.0,35202010.0,325412,2834
031881,2015-12-31,FEI CO,FEIC,45.0,4520.0,452030.0,45203010.0,334516,3826
031914,2022-12-31,NECESSITY RET REIT INC (THE),RTL,60.0,6010.0,601070.0,60107010.0,531120,6798
032106,2025-12-31,BAKER HUGHES CO,BKR,10.0,1010.0,101010.0,10101020.0,213112,1389
032154,2025-12-31,JBG SMITH PPTYS,JBGS,60.0,6010.0,601040.0,60104010.0,531120,6798
032219,2023-12-31,PETIQ INC,PETQ,35.0,3510.0,351020.0,35102010.0,325412,2834
032245,2023-12-31,ALPINE IMMUNE SCIENCES INC,ALPN,35.0,3520.0,352010.0,35201010.0,325414,2836
032247,2025-09-30,NEUROONE MED TECHNOLOGIES CO,NMTC,35.0,3510.0,351010.0,35101010.0,334510,3845
032267,2023-12-31,MOLECULAR TEMPLATES INC,MTEMQ,35.0,3520.0,352010.0,35201010.0,325414,2836
032273,2020-12-31,TREMONT MORTGAGE TRUST,TRMT,40.0,4020.0,402040.0,40204010.0,525990,6798
032280,2015-12-31,STARZ,STRZA,25.0,2540.0,254010.0,25401025.0,515120,4833
032285,2025-12-31,ECOVYST INC,ECVT,15.0,1510.0,151010.0,15101050.0,325180,2810
032303,2019-12-31,QUINTANA ENERGY SVC INC,QES,10.0,1010.0,101010.0,10101020.0,213112,1389
032315,2025-12-31,TDH HOLDINGS INC,PETZ,30.0,3020.0,302020.0,30202030.0,531120,6512
032334,2025-12-31,ZAI LAB LTD,ZLAB,35.0,3520.0,352010.0,35201010.0,325414,2836
032345,2024-12-31,BORQS TECHNOLOGIES INC,BRQSF,45.0,4520.0,452020.0,45202030.0,541512,7373
032352,2025-12-31,HAMILTON BEACH BND HDNG,HBB,25.0,2520.0,252010.0,25201040.0,3352,3630
032365,2025-12-31,SYNLOGIC INC,SYBX,35.0,3520.0,352010.0,35201010.0,325414,2836
032372,2025-12-31,CORE NATURAL RESOURCES INC,CNR,10.0,1010.0,101020.0,10102050.0,212115,1220
032382,2025-12-31,ROKU INC,ROKU,50.0,5020.0,502020.0,50202010.0,517111,4841
032383,2023-12-31,DECIPHERA PHRMCTAL INC,DCPH,35.0,3520.0,352010.0,35201010.0,325414,2836
032396,2025-12-31,ENVVENO MEDICAL CORPORATION,NVNO,35.0,3510.0,351010.0,35101010.0,339112,3841
032413,2021-12-31,BP MIDSTREAM PARTNERS,BPMP,10.0,1010.0,101020.0,10102040.0,486,4610
032451,2024-12-31,OPTINOSE INC,OPTN.1,35.0,3520.0,352020.0,35202010.0,325412,2834
032469,2021-12-31,SWITCH INC,SWCH,45.0,4510.0,451020.0,45102030.0,519130,7370
032524,2018-12-31,AQUANTIA CORP,AQ,45.0,4530.0,453010.0,45301020.0,334413,3674
032525,2025-12-31,SPERO THERAPEUTICS INC,SPRO,35.0,3520.0,352010.0,35201010.0,325414,2836
032528,2025-12-31,FUNKO INC,FNKO,25.0,2520.0,252020.0,25202010.0,339930,3942
032574,2025-12-31,NATIONAL VISION HOLDINGS INC,EYE,25.0,2550.0,255040.0,25504040.0,456130,5990
032580,2025-12-31,VICI PROPERTIES INC,VICI,60.0,6010.0,601080.0,60108010.0,531120,6798
032638,2025-12-31,ACM RESEARCH INC,ACMR,45.0,4530.0,453010.0,45301010.0,333242,3559
032671,2025-12-31,PEAKSTONE REALTY TRUST,PKST,60.0,6010.0,601040.0,60104010.0,531120,6798
032674,2025-12-31,CUE BIOPHARMA,CUE,35.0,3520.0,352010.0,35201010.0,325414,2836
032677,2022-12-31,SPARK NETWORKS SE,LOVLQ,50.0,5020.0,502030.0,50203010.0,519290,7370
032715,2025-12-31,ARCTURUS THERAPETCS HOLD INC,ARCT,35.0,3520.0,352010.0,35201010.0,325414,2836
032748,2025-12-31,NEWMARK GROUP INC,NMRK,60.0,6020.0,602010.0,60201040.0,531210,6531
032749,2025-12-31,ENTERA BIO LTD,ENTX,35.0,3520.0,352010.0,35201010.0,325414,2836
032751,2025-12-31,INDSTRL LGST PRPT TRST,ILPT,60.0,6010.0,601025.0,60102510.0,531120,6798
032767,2025-12-31,EQUITABLE HOLDINGS INC,EQH,40.0,4020.0,402010.0,40201020.0,524113,6311
032775,2025-12-31,DENALI THERAPEUTCS INC,DNLI,35.0,3520.0,352010.0,35201010.0,325414,2836
032804,2020-12-31,SELECT INTERIOR CONCEPTS INC,SIC,25.0,2530.0,253020.0,25302020.0,541410,7389
032819,2025-06-30,DOGNESS (INTL) CORP,DOGZ,25.0,2520.0,252030.0,25203010.0,339999,3990
032843,2025-12-31,CORPORACION AMERICA AIRPORTS,CAAP,20.0,2030.0,203050.0,20305010.0,4881,4581
032846,2025-12-31,PROCESSA PHARMACEUTICALS INC,PCSA,35.0,3520.0,352020.0,35202010.0,325412,2834
032851,2025-12-31,ONE STOP SYSTEMS INC,OSS,45.0,4520.0,452020.0,45202030.0,334111,3571
032855,2021-09-30,AVAYA HLDGS CORP,AVYAQ,45.0,4510.0,451030.0,45103010.0,511210,7372
032886,2025-12-31,GATES INDUSTRIAL CORP PLC,GTES,20.0,2010.0,201060.0,20106020.0,333612,3560
032894,2025-12-31,SOLID BIOSCIENCES INC,SLDB,35.0,3520.0,352010.0,35201010.0,325414,2836
032897,2025-12-31,SOL GEL TECHNOLOGIES LTD,SLGL,35.0,3520.0,352020.0,35202010.0,325412,2834
032938,2025-12-31,CACTUS INC,WHD,10.0,1010.0,101010.0,10101020.0,333132,3533
033064,2018-12-31,IPIC ENTERTAINMENT INC,IPIC,25.0,2530.0,253010.0,25301040.0,51213,7830
033067,2020-12-31,FTS INTERNATIONAL INC,FTSI,10.0,1010.0,101010.0,10101020.0,213112,1389
033068,2025-12-31,PURPLE INNOVATION INC,PRPL,25.0,2520.0,252010.0,25201020.0,337910,2510
033133,2025-12-31,ARCUS BIOSCIENCES INC,RCUS,35.0,3520.0,352010.0,35201010.0,325414,2836
033152,2025-12-31,DROPBOX INC,DBX,45.0,4510.0,451030.0,45103010.0,519290,7370
033175,2025-12-31,SPOTIFY TECHNOLOGY SA,SPOT,50.0,5020.0,502020.0,50202010.0,518210,7370
033240,2025-12-31,Q32 BIO INC,QTTB,35.0,3520.0,352010.0,35201010.0,325414,2836
033243,2025-12-31,WYNDHAM HOTELS & RESRTS,WH,25.0,2530.0,253010.0,25301020.0,721110,7011
033274,2022-12-31,SURFACE ONCOLOGY INC,SURF,35.0,3520.0,352010.0,35201010.0,325414,2836
033275,2024-01-31,SMARTSHEET INC,SMAR,45.0,4510.0,451030.0,45103010.0,518210,7370
033279,2021-12-31,INFRASTRUCTR & ENRGY ALT INC,IEA,20.0,2010.0,201030.0,20103010.0,237,1600
033301,2025-01-31,DOCUSIGN INC,DOCU,45.0,4510.0,451030.0,45103010.0,518210,7370
033326,2024-12-31,CHAMPIONX CORP,CHX,10.0,1010.0,101010.0,10101020.0,333132,3533
033420,2025-12-31,NLIGHT INC,LASR,45.0,4520.0,452030.0,45203010.0,334413,3674
033433,2022-12-31,WEWORK INC,WEWKQ,60.0,6020.0,602010.0,60201020.0,531120,6512
033445,2025-12-31,SCHOLAR ROCK HOLDNG CRP,SRRK,35.0,3520.0,352010.0,35201010.0,325414,2836
033476,2025-03-31,JERASH HOLDINGS (US),JRSH,25.0,2520.0,252030.0,25203010.0,315,2300
033487,2025-12-31,HUYA INC,HUYA,50.0,5020.0,502020.0,50202020.0,519290,7370
033499,2025-12-31,EXICURE INC,XCUR,35.0,3520.0,352010.0,35201010.0,325414,2836
033531,2021-12-31,GREENSKY INC,GSKY,45.0,4510.0,451020.0,45102020.0,519130,7370
033532,2025-06-30,CLPS INC,CLPS,45.0,4510.0,451020.0,45102010.0,518210,7370
033542,2018-12-31,SPIRIT MTA REIT,SMTA,60.0,6010.0,601010.0,60101070.0,531120,6798
033595,2025-12-31,MEIRAGTX HOLDINGS,MGTX,35.0,3520.0,352010.0,35201010.0,325414,2836
033596,2022-12-31,CHARAH SOLUTIONS,CHRA,20.0,2020.0,202010.0,20201050.0,562,4950
033598,2022-12-31,US XPRESS ENTRPRS INC,USX,20.0,2030.0,203040.0,20304030.0,4841,4210
033601,2020-12-31,TRANSLATE BIO INC,TBIO.2,35.0,3520.0,352010.0,35201010.0,325414,2836
033635,2025-12-31,AUTOLUS THERAPEUTICS -ADR,AUTL,35.0,3520.0,352010.0,35201010.0,325414,2836
033643,2022-12-31,APTINYX INC,APTX,35.0,3520.0,352010.0,35201010.0,325414,2836
033647,2021-12-31,VEONEER INC,VNE,25.0,2510.0,251010.0,25101010.0,3363,3714
033668,2025-12-31,BLOOM ENERGY CORP,BE,20.0,2010.0,201040.0,20104020.0,335312,3621
033684,2025-12-31,ESSENTIAL PPT RLTY TST,EPRT,60.0,6010.0,601010.0,60101010.0,5311,6798
033698,2025-12-31,NEURONETICS INC,STIM,35.0,3510.0,351010.0,35101010.0,334510,3845
033700,2018-12-31,AMERICAN MIDSTREAM PTNRS LP,AMID.2,10.0,1010.0,101020.0,10102040.0,486210,4922
033708,2022-12-31,RETAIL VALUE INC,RVIC,60.0,6010.0,601070.0,60107010.0,531120,6798
033725,2025-12-31,DATAVAULT AI INC,DVLT,45.0,4530.0,453010.0,45301020.0,334413,3674
033743,2025-12-31,AQUESTIVE THERAPETC INC,AQST,35.0,3520.0,352020.0,35202010.0,325412,2834
033749,2025-12-31,BIONANO GENOMICS INC,BNGO,35.0,3520.0,352030.0,35203010.0,339112,3841
033751,2022-12-31,PROVENTION BIO INC,PRVB,35.0,3520.0,352020.0,35202010.0,325414,2836
033759,2025-12-31,TENABLE HOLDINGS INC,TENB,45.0,4510.0,451030.0,45103020.0,518210,7370
033766,2025-12-31,ARLO TECHNOLOGIES INC,ARLO,45.0,4520.0,452030.0,45203010.0,334290,3669
033767,2025-09-30,SONOS INC,SONO,25.0,2520.0,252010.0,25201010.0,334310,3651
033780,2024-12-31,VACCINEX INC,VCNX,35.0,3520.0,352010.0,35201010.0,325414,2836
033809,2025-12-31,CUSHMAN & WAKEFIELD,CWK,60.0,6020.0,602010.0,60201040.0,531312,6531
033816,2020-03-31,UROVANT SCIENCES LTD,UROV,35.0,3520.0,352020.0,35202010.0,325414,2836
033850,2025-12-31,OPERA LIMITED,OPRA,45.0,4510.0,451030.0,45103010.0,519290,7370
033913,2025-06-30,ENDAVA PLC,DAVA,45.0,4510.0,451020.0,45102010.0,541512,7373
033955,2025-12-31,ELANCO ANIMAL HLTH INC,ELAN,35.0,3520.0,352020.0,35202010.0,325412,2834
033962,2025-12-31,REPUBLIC AIRWAYS HLDINGS INC,RJET,20.0,2030.0,203020.0,20302010.0,481111,4512
033997,2025-12-31,ETON PHARMACEUTICALS,ETON,35.0,3520.0,352020.0,35202010.0,325412,2834
034010,2025-12-31,COMSTOCK RESOURCES INC,CRK,10.0,1010.0,101020.0,10102020.0,2111,1311
034015,2019-12-31,PRINCIPIA BIOPHARMA,PRNB,35.0,3520.0,352010.0,35201010.0,325414,2836
034016,2021-12-31,ENTASIS THRPTCS HLDNG,ETTX,35.0,3520.0,352010.0,35201010.0,325414,2836
034034,2024-12-31,SITIO ROYALTIES CORP,STR,10.0,1010.0,101020.0,10102020.0,211120,1311
034051,2025-12-31,GARRETT MOTION INC,GTX,25.0,2510.0,251010.0,25101010.0,336310,3714
034053,2025-12-31,RESIDEO TECHNOLOGIES,REZI,20.0,2010.0,201020.0,20102010.0,423690,5065
034065,2025-12-31,SUTRO BIOPHARMA INC,STRO,35.0,3520.0,352010.0,35201010.0,325414,2836
034067,2024-12-31,NIO INC,NIO,25.0,2510.0,251020.0,25102010.0,336110,3711
034074,2021-12-31,QUTOUTIAO INC -ADR,QTTOY,50.0,5020.0,502030.0,50203010.0,519130,7370
034077,2025-12-31,ARVINAS INC,ARVN,35.0,3520.0,352020.0,35202010.0,325414,2836
034082,2023-12-31,GRITSTONE BIO INC,GRTSQ,35.0,3520.0,352010.0,35201010.0,325414,2836
034102,2025-12-31,GUARDANT HEALTH INC,GH,35.0,3510.0,351020.0,35102015.0,621511,8071
034135,2024-12-31,Y MABS THERAPEUTICS INC,YMAB,35.0,3520.0,352010.0,35201010.0,325414,2836
034160,2022-12-31,RVL PHARMACEUTICALS PLC,RVLPQ,35.0,3520.0,352020.0,35202010.0,325412,2834
034266,2021-12-31,LOGICBIO THERAPEUTICS INC,LOGC.2,35.0,3520.0,352010.0,35201010.0,325412,2834
034296,2018-12-31,ROAN RESOURCES INC,ROAN,10.0,1010.0,101020.0,10102020.0,211120,1311
034300,2025-12-31,VERRA MOBILITY CORP,VRRM,20.0,2020.0,202020.0,20202030.0,518210,7374
034361,2022-12-31,ORCHARD THERAPEUTICS PLC,ORTX,35.0,3520.0,352010.0,35201010.0,325414,2836
034410,2025-12-31,MODERNA INC,MRNA,35.0,3520.0,352010.0,35201010.0,325414,2836
034412,2021-12-31,US WELL SERVICES INC,USWS,10.0,1010.0,101010.0,10101010.0,213112,1389
034414,2025-12-31,KINETIK HOLDINGS INC,KNTK,10.0,1010.0,101020.0,10102040.0,486210,4922
034420,2025-12-31,MEDALIST DIVERSIFIED INC,MDRR,60.0,6020.0,602010.0,60201020.0,531120,6798
034443,2025-12-31,DOW INC,DOW,15.0,1510.0,151010.0,15101010.0,325211,2821
034447,2025-12-31,BEYOND MEAT INC,BYND,30.0,3020.0,302020.0,30202030.0,3114,2030
034459,2022-12-31,LIGHTNING EMOTORS INC,ZEVY,20.0,2010.0,201060.0,20106010.0,336120,3711
034467,2025-12-31,REVOLVE GROUP INC,RVLV,25.0,2550.0,255040.0,25504010.0,458110,5961
034562,2025-12-31,ORGANOGENESIS HOLDINGS INC,ORGO,35.0,3520.0,352010.0,35201010.0,325414,2836
034584,2025-12-31,PHUNWARE INC,PHUN,45.0,4510.0,451030.0,45103010.0,518210,7370
034587,2022-12-31,HARPOON THERAPEUTICS,HARP,35.0,3520.0,352010.0,35201010.0,325414,2836
034593,2021-12-31,STEALTH BIOTHERA -ADR,MITO,35.0,3520.0,352010.0,35201010.0,325414,2836
034601,2019-12-31,RMG ACQUISITION CORP,RMG,,,,,999990,9995
034616,2025-12-31,ALECTOR INC,ALEC,35.0,3520.0,352010.0,35201010.0,325414,2836
034746,2025-12-31,CYCLERION THERAPEUTICS,CYCN,35.0,3520.0,352010.0,35201010.0,325414,2836
034753,2025-12-31,GENERATION INCOME PROPER INC,GIPR,60.0,6010.0,601010.0,60101010.0,531120,6798
034765,2021-12-31,COVETRUS INC,CVET,35.0,3510.0,351020.0,35102010.0,446110,5912
034883,2025-12-31,PRECISION BIOSCIENCES,DTIL,35.0,3520.0,352010.0,35201010.0,325414,2836
034916,2020-03-31,RUHNN HOLDING LTD -ADR,RUHN,25.0,2550.0,255020.0,25502020.0,454110,5961
034919,2025-12-31,TRADEWEB MARKETS INC,TW,40.0,4020.0,402030.0,40203040.0,519290,7370
034941,2025-12-31,TARGET HOSPITALITY CORP,TH,25.0,2530.0,253010.0,25301020.0,531110,6510
034970,2025-12-31,AMERICAN HEALTHCARE REIT INC,AHR,60.0,6010.0,601050.0,60105010.0,531120,6798
035004,2021-12-31,BRIGHAM MINERALS INC,MNRL,10.0,1010.0,101020.0,10102020.0,211120,1311
035014,2024-12-31,HOOKIPA PHARMA INC,HOOK,35.0,3520.0,352010.0,35201010.0,325414,2836
035030,2025-12-31,POSTAL REALTY TRUST INC,PSTL,60.0,6010.0,601040.0,60104010.0,531120,6798
035035,2025-12-31,KONTOOR BRANDS INC,KTB,25.0,2520.0,252030.0,25203010.0,315,2300
035053,2023-12-31,WHOLE EARTH BRANDS INC,FREE,30.0,3020.0,302020.0,30202030.0,311999,2090
035055,2022-12-31,SCIPLAY CORP,SCPL,50.0,5020.0,502020.0,50202020.0,513210,7372
035056,2025-12-31,ALCON INC,ALC,35.0,3510.0,351010.0,35101020.0,339115,3851
035077,2025-12-31,UBER TECHNOLOGIES INC,UBER,20.0,2030.0,203040.0,20304040.0,485310,4100
035090,2025-12-31,NEXTCURE INC,NXTC,35.0,3520.0,352010.0,35201010.0,325414,2836
035099,2025-12-31,MAYVILLE ENGNERING CMPNY INC,MEC,20.0,2010.0,201060.0,20106020.0,33211,3460
035137,2025-12-31,BICYCLE THERAPEUTICS PLC,BCYC,35.0,3520.0,352010.0,35201010.0,325414,2836
035154,2021-12-31,CODIAK BIOSCIENCES IN,CDAKQ,35.0,3520.0,352010.0,35201010.0,325414,2836
035160,2025-12-31,SOLARMAX TECHNOLOGY INC,SMXT,20.0,2010.0,201040.0,20104010.0,541330,8711
035168,2025-12-31,CORTEVA INC,CTVA,15.0,1510.0,151010.0,15101030.0,111,100
035182,2025-01-31,CROWDSTRIKE HOLDINGS INC,CRWD,45.0,4510.0,451030.0,45103020.0,518210,7370
035245,2024-12-31,ENDEAVOR GROUP HOLDINGS,EDR,50.0,5020.0,502020.0,50202010.0,711,7900
035254,2025-12-31,PERSONALIS INC,PSNL,35.0,3520.0,352030.0,35203010.0,325413,2835
035255,2025-12-31,STOKE THERAPEUTICS INC,STOK,35.0,3520.0,352010.0,35201010.0,325414,2836
035264,2025-12-31,BRIDGEBIO PHARMA INC,BBIO,35.0,3520.0,352010.0,35201010.0,325414,2836
035270,2022-12-31,ATRECA INC,BCEL,35.0,3520.0,352010.0,35201010.0,325414,2836
035280,2023-12-31,MORPHIC HOLDING INC,MORF,35.0,3520.0,352010.0,35201010.0,325414,2836
035287,2025-01-31,CHEWY INC,CHWY,25.0,2550.0,255040.0,25504040.0,459910,5961
035290,2023-12-31,KARUNA THERPEUTICS INC,KRTX,35.0,3520.0,352010.0,35201010.0,325414,2836
035306,2023-12-31,INHIBRX INC,INBX.1,35.0,3520.0,352010.0,35201010.0,325414,2836
035345,2025-12-31,NIXXY INC,NIXX,20.0,2020.0,202020.0,20202010.0,519290,7370
035376,2025-12-31,FULCRUM THERAPEUTICS INC,FULC,35.0,3520.0,352020.0,35202010.0,325414,2836
035441,2019-12-31,NETFIN ACQUSITION CORP,NFIN,,,,,999990,9995
035451,2025-09-30,ONEWATER MARINE INC,ONEW,25.0,2550.0,255040.0,25504050.0,441222,5500
035497,2025-12-31,ENVISTA HOLDINGS CORP,NVST,35.0,3510.0,351010.0,35101010.0,339114,3843
035530,2025-12-31,STABILIS SOLUTIONS INC,SLNG,10.0,1010.0,101020.0,10102040.0,211130,1311
035600,2024-12-31,SPRINGWORKS THERAPEUTICS INC,SWTX,35.0,3520.0,352010.0,35201010.0,325414,2836
035614,2025-09-30,CERENCE INC,CRNC,45.0,4510.0,451030.0,45103010.0,513210,7372
035627,2025-06-30,PELOTON INTERACTIVE INC,PTON,25.0,2520.0,252020.0,25202010.0,518210,7370
035638,2025-12-31,VIR BIOTECHNOLOGY INC,VIR,35.0,3520.0,352010.0,35201010.0,325414,2836
035639,2024-12-31,IGM BIOSCIENCES INC,IGMS,35.0,3520.0,352010.0,35201010.0,325414,2836
035647,2025-12-31,KORRO BIO INC,KRRO,35.0,3520.0,352010.0,35201010.0,325414,2836
035649,2025-12-31,ADC THERAPEUTICS SA,ADCT,35.0,3520.0,352010.0,35201010.0,325414,2836
035653,2025-12-31,BIONTECH SE,BNTX,35.0,3520.0,352010.0,35201010.0,325414,2836
035684,2025-09-30,BELLRING BRANDS INC,BRBR,30.0,3030.0,303020.0,30302010.0,312111,2000
035708,2025-12-31,PROGYNY INC,PGNY,35.0,3510.0,351020.0,35102030.0,621999,8090
035714,2025-12-31,BEAM THERAPEUTICS INC,BEAM,35.0,3520.0,352010.0,35201010.0,325414,2836
035727,2025-12-31,CABALETTA BIO INC,CABA,35.0,3520.0,352010.0,35201010.0,325414,2836
035729,2025-12-31,4D MOLECULAR THER INC,FDMT,35.0,3520.0,352010.0,35201010.0,325414,2836
035747,2021-12-31,OYSTER POINT PHARM INC,OYST,35.0,3520.0,352010.0,35201010.0,325414,2836
035780,2023-12-31,CENTOGENE NV,CNTGF,35.0,3510.0,351020.0,35102015.0,621511,8071
035793,2025-12-31,ALPINE INCOME PROPERTY TRUST,PINE,60.0,6010.0,601010.0,60101010.0,531120,6798
035794,2025-12-31,SITIME CORP,SITM,45.0,4530.0,453010.0,45301020.0,334413,3674
035836,2024-12-31,NOVABRIDGE BIOSCIENCES,NBP,35.0,3520.0,352010.0,35201010.0,325414,2836
035852,2025-12-31,ADAPTHEALTH CORP,AHCO,35.0,3510.0,351020.0,35102010.0,423450,5047
035858,2024-12-31,ONECONNECT FINANCIAL,OCFT,45.0,4510.0,451030.0,45103010.0,519290,7370
035874,2025-12-31,REYNOLDS CONSUMER PRODUCTS,REYN,30.0,3030.0,303010.0,30301010.0,3222,2673
035909,2022-12-31,KALEYRA INC,KLR,45.0,4510.0,451030.0,45103010.0,518210,7370
035959,2025-12-31,UCOMMUNE INTERNATIONAL LTD,UK,60.0,6020.0,602010.0,60201020.0,531120,6512
035978,2022-12-31,ARCONIC CORP,ARNC,15.0,1510.0,151040.0,15104010.0,3313,3350
036025,2022-12-31,1LIFE HEALTHCARE INC,ONEM,35.0,3510.0,351020.0,35102015.0,621112,8011
036028,2025-12-31,ARCUTIS BIOTHERAPEUTICS INC,ARQT,35.0,3520.0,352010.0,35201010.0,325412,2834
036037,2025-12-31,AMERICAN STRATEGIC INVEST CO,NYC,60.0,6020.0,602010.0,60201020.0,531120,6512
036083,2025-12-31,REVOLUTION MEDICINES INC,RVMD,35.0,3520.0,352010.0,35201010.0,325414,2836
036234,2025-06-30,SELECTQUOTE INC,SLQT,40.0,4030.0,403010.0,40301010.0,524210,6411
036263,2024-02-29,ACCOLADE INC,ACCD,35.0,3510.0,351020.0,35102015.0,621999,8090
036264,2025-12-31,ORIC PHARMACEUTICALS,ORIC,35.0,3520.0,352010.0,35201010.0,325414,2836
036301,2025-12-31,ZENTALIS PHARMACEUTICALS INC,ZNTL,35.0,3520.0,352010.0,35201010.0,325414,2836
036328,2025-12-31,KEROS THERAPEUTICS INC,KROS,35.0,3520.0,352010.0,35201010.0,325412,2834
036333,2023-12-31,LUMOS PHARMA INC,LUMO,35.0,3520.0,352010.0,35201010.0,325414,2836
036404,2025-12-31,DRAFTKINGS INC,DKNG,25.0,2530.0,253010.0,25301010.0,713290,7990
036444,2025-12-31,UCLOUDLINK GROUP INC -ADR,UCL,50.0,5010.0,501020.0,50102010.0,517112,4899
036462,2025-12-31,SCIENJOY HOLDING CORP,SJ,50.0,5020.0,502020.0,50202010.0,518210,7370
036464,2025-12-31,PLIANT THERAPEUTICS INC,PLRX,35.0,3520.0,352020.0,35202010.0,325412,2834
036473,2025-12-31,AVIDITY BIOSCIENCE INC,RNAM,35.0,3520.0,352010.0,35201010.0,325414,2836
036475,2025-12-31,AIXCRYPTO HOLDINGS INC,AIXC,35.0,3520.0,352010.0,35201010.0,325414,2836
036477,2024-12-31,DADA NEXUS LIMITED,DADA,30.0,3010.0,301010.0,30101040.0,455,5960
036500,2025-12-31,PRESIDIO PROPERTY TRUST INC,SQFT,60.0,6010.0,601010.0,60101010.0,531120,6798
036525,2022-12-31,HISTOGEN INC,HSTOQ,35.0,3520.0,352010.0,35201010.0,325414,2836
036556,2024-12-31,REPARE THERAPEUTIC INC,RPTX,35.0,3520.0,352010.0,35201010.0,325414,2836
036557,2025-12-31,SYSTEM1 INC,SST,50.0,5020.0,502030.0,50203010.0,519290,7370
036565,2024-12-31,NIKOLA CORP,NKLAQ,20.0,2010.0,201060.0,20106010.0,336120,3711
036570,2025-12-31,AGORA INC,API,45.0,4510.0,451030.0,45103010.0,518210,7370
036599,2024-12-31,GENERATION BIO CO,GBIO,35.0,3520.0,352010.0,35201010.0,325414,2836
036600,2025-12-31,VAXCYTE INC,PCVX,35.0,3520.0,352010.0,35201010.0,325414,2836
036619,2023-12-31,BIORA THERAPEUTICS INC,BIORQ,35.0,3520.0,352010.0,35201010.0,325414,2836
036635,2025-12-31,GOHEALTH INC,GOCO,40.0,4030.0,403010.0,40301010.0,524210,6411
036677,2025-12-31,RELAY THERAPEUTICS INC,RLAY,35.0,3520.0,352010.0,35201010.0,325414,2836
036691,2025-12-31,IAC INC,IAC,50.0,5020.0,502030.0,50203010.0,513110,2711
036700,2025-12-31,IMMATICS NV,IMTX,35.0,3520.0,352010.0,35201010.0,325414,2836
036717,2024-12-31,JAMF HOLDING CORP,JAMF,45.0,4510.0,451030.0,45103010.0,518210,7370
036726,2025-12-31,VITAL FARMS INC,VITL,30.0,3020.0,302020.0,30202030.0,311999,2015
036728,2022-12-31,OAK STREET HEALTH INC,OSH,35.0,3510.0,351020.0,35102015.0,621,8000
036767,2025-11-30,NURIX THERAPEUTICS INC,NRIX,35.0,3520.0,352010.0,35201010.0,325414,2836
036777,2025-12-31,NETSTREIT CORP,NTST,60.0,6010.0,601070.0,60107010.0,531120,6798
036788,2022-08-31,DUCK CREEK TECHNOL INC,DCT,45.0,4510.0,451030.0,45103010.0,518210,7370
036819,2025-12-31,KYMERA THERAPEUTIC INC,KYMR,35.0,3520.0,352010.0,35201010.0,325414,2836
036828,2024-12-31,CUREVAC N.V.,CVAC,35.0,3520.0,352010.0,35201010.0,325414,2836
036853,2024-12-31,MAXEON SOLAR TECHNOLOGIES,MAXNQ,45.0,4530.0,453010.0,45301020.0,334413,3674
036898,2025-12-31,UNITY SOFTWARE INC,U,45.0,4510.0,451030.0,45103010.0,513210,7372
036950,2025-12-31,AMERICAN WELL CORP,AMWL,35.0,3510.0,351030.0,35103010.0,518210,7370
036967,2025-12-31,BROADSTONE NET LEASE INC,BNL,60.0,6010.0,601010.0,60101010.0,531120,6798
036985,2025-12-31,ELUTIA INC,ELUT,35.0,3520.0,352010.0,35201010.0,325414,2836
036987,2025-12-31,ADICET BIO INC,ACET,35.0,3520.0,352010.0,35201010.0,325414,2836
036989,2025-12-31,LAIRD SUPERFOOD INC,LSF,30.0,3020.0,302020.0,30202030.0,311,2000
037013,2025-12-31,TAYSHA GENE THERPS INC,TSHA,35.0,3520.0,352010.0,35201010.0,325414,2836
037032,2022-12-31,VIA OPTRONICS HOLDING AG,VIAOY,45.0,4520.0,452030.0,45203015.0,334419,3679
037035,2025-12-31,IMMUNOME INC,IMNM,35.0,3520.0,352010.0,35201010.0,325414,2836
037081,2025-12-31,C4 THERAPEUTICS INC,CCCC,35.0,3520.0,352010.0,35201010.0,325414,2836
037090,2025-12-31,CORSAIR GAMING INC,CRSR,45.0,4520.0,452020.0,45202030.0,33411,3570
037110,2025-12-31,SHATTUCK LABS INC,STTK,35.0,3520.0,352010.0,35201010.0,325414,2836
037134,2025-12-31,BIODESIX INC,BDSX,35.0,3510.0,351020.0,35102015.0,621511,8071
037135,2025-12-31,FOGHORN THERAPEUTICS INC,FHTX,35.0,3520.0,352010.0,35201010.0,325414,2836
037153,2025-12-31,GPGI INC,GPGI,45.0,4520.0,452020.0,45202030.0,334118,3577
037168,2022-12-31,CHINOOK THERAPEUTICS INC,KDNY,35.0,3520.0,352010.0,35201010.0,325414,2836
037180,2021-12-31,MCAFEE CORP,MCFE,45.0,4510.0,451030.0,45103020.0,511210,7372
037233,2023-12-31,LUFAX HOLDING LTD,LU,40.0,4020.0,402020.0,40202010.0,522291,6141
037282,2022-12-31,SQZ BIOTECHNOLOGIES CO,SQZB,35.0,3520.0,352010.0,35201010.0,325414,2836
037292,2025-12-31,ATEA PHARMACEUTICALS INC,AVIR,35.0,3520.0,352020.0,35202010.0,325412,2834
037325,2025-12-31,OPUS GENETICS INC,IRD,35.0,3520.0,352010.0,35201010.0,325412,2834
037354,2025-12-31,MARAVAI LIFESCIENS HLDGS INC,MRVI,35.0,3520.0,352030.0,35203010.0,541713,8731
037413,2025-06-30,AFFIRM HOLDINGS INC,AFRM,40.0,4020.0,402010.0,40201060.0,522291,6141
037420,2025-12-31,DOORDASH INC,DASH,25.0,2530.0,253010.0,25301040.0,519290,7370
037460,2025-12-31,AIRBNB INC,ABNB,25.0,2530.0,253010.0,25301020.0,721,7000
037473,2025-12-31,PETROS PHARMACEUTICALS INC,PTPI,35.0,3520.0,352020.0,35202010.0,325412,2834
037480,2025-12-31,908 DEVICES INC,MASS,45.0,4520.0,452030.0,45203010.0,334516,3826
037488,2022-12-31,SIGILON THERAPTICS INC,SGTX,35.0,3520.0,352010.0,35201010.0,325414,2836
037490,2025-12-31,LUMINAR TECHNOLOGIES INC,LAZRQ,25.0,2510.0,251010.0,25101010.0,336320,3714
037495,2025-12-31,ARS PHARMACEUTICALS INC,SPRY,35.0,3520.0,352010.0,35201010.0,325414,2836
037502,2025-01-31,PETCO HEALTH AND WELLNESS CO,WOOF,25.0,2550.0,255040.0,25504040.0,459910,5990
037510,2025-12-31,PUBMATIC INC,PUBM,50.0,5020.0,502010.0,50201010.0,518210,7370
037527,2025-12-31,ABCELLERA BIOLOGICS INC,ABCL,35.0,3520.0,352030.0,35203010.0,325414,2836
037541,2025-12-31,BIOATLA INC,BCAB,35.0,3520.0,352010.0,35201010.0,325414,2836
037559,2023-12-31,CLEVER LEAVES HOLDINGS INC,CLVR,35.0,3520.0,352020.0,35202010.0,325411,2833
037588,2024-12-31,KINETA INC,KANT,35.0,3520.0,352010.0,35201010.0,325414,2836
037593,2025-12-31,PORCH GROUP INC,PRCH,45.0,4510.0,451030.0,45103010.0,524126,6331
037610,2025-12-31,BUZZFEED INC,BZFD,50.0,5020.0,502030.0,50203010.0,519290,7370
037617,2021-12-31,ROMEO POWER INC,RMO,20.0,2010.0,201040.0,20104010.0,335911,3690
037672,2025-12-31,MONTAUK RENEWABLES INC,MNTK,55.0,5510.0,551050.0,55105020.0,211120,1311
037673,2023-12-31,BM TECHNOLOGIES INC,BMTX,40.0,4020.0,402010.0,40201060.0,518210,7370
037694,2025-12-31,ADS TEC ENERGY PLC,ADSE,20.0,2010.0,201040.0,20104010.0,335910,3690
037752,2025-12-31,PLAYTIKA HOLDING CORP,PLTK,50.0,5020.0,502020.0,50202020.0,513210,7372
037773,2025-12-31,EVAXION A/S  -ADR,EVAX,35.0,3520.0,352010.0,35201010.0,325414,2836
037775,2024-12-31,TELUS INTERNATIONAL IN,TIXT,20.0,2020.0,202020.0,20202030.0,518210,7374
037786,2025-12-31,BOLT BIOTHRPTCS INC,BOLT,35.0,3520.0,352010.0,35201010.0,325414,2836
037793,2025-12-31,DREAM FINDERS HOMES INC,DFH,25.0,2520.0,252010.0,25201030.0,236117,1531
037810,2024-12-31,SONDER HOLDINGS INC,SONDQ,25.0,2530.0,253010.0,25301020.0,721310,7000
037811,2022-12-31,SIGNIFY HEALTH INC,SGFY,35.0,3510.0,351020.0,35102015.0,621610,8082
037812,2025-12-31,IMMUNOCORE HOLDINGS PLC,IMCR,35.0,3520.0,352010.0,35201010.0,325414,2836
037839,2024-12-31,SUNCAR TECHNOLOGY GROUP INC,SDA,25.0,2530.0,253020.0,25302020.0,8111,7500
037856,2025-12-31,LOCAL BOUNTI CORP,LOCL,30.0,3020.0,302020.0,30202010.0,111,100
037862,2025-12-31,ADAGENE INC,ADAG,35.0,3520.0,352010.0,35201010.0,325414,2836
037871,2025-12-31,CORE SCIENTIFIC INC,CORZ,45.0,4510.0,451030.0,45103010.0,518210,7370
037925,2025-12-31,SANA BIOTCHNOLOGY INC,SANA,35.0,3520.0,352010.0,35201010.0,325414,2836
038022,2025-09-30,SYMBOTIC INC,SYM,20.0,2010.0,201060.0,20106020.0,333998,3569
038038,2025-12-31,SUN CONTY AIR HLD INC,SNCY,20.0,2030.0,203020.0,20302010.0,481111,4512
038073,2022-12-31,QUALTEK SERVICES INC,QTEKQ,20.0,2010.0,201030.0,20103010.0,237130,1623
038081,2023-01-31,JOANN INC,JOANQ,25.0,2550.0,255040.0,25504040.0,459130,5940
038107,2025-12-31,AURORA INNOVATION INC,AUR,45.0,4510.0,451030.0,45103010.0,513210,7372
038125,2025-12-31,HAYWARD HOLDINGS INC,HAYW,20.0,2010.0,201020.0,20102010.0,333996,3590
038132,2023-12-31,TERRAN ORBITAL CORP,LLAP,20.0,2010.0,201010.0,20101010.0,334220,3663
038222,2025-12-31,LOGISTIC PRP OF THE AMERICAS,LPA,60.0,6020.0,602010.0,60201020.0,531120,6512
038237,2025-12-31,HAGERTY INC,HGTY,40.0,4030.0,403010.0,40301010.0,524210,6411
038333,2025-12-31,GAIN THERAPEUTICS INC,GANX,35.0,3520.0,352010.0,35201010.0,325414,2836
038342,2022-12-31,PROMETHEUS BIOSCNC INC,RXDX,35.0,3520.0,352010.0,35201010.0,325414,2836
038389,2023-12-31,FINCH THERA GRP INC,FNCHQ,35.0,3520.0,352010.0,35201010.0,325414,2836
038465,2025-12-31,SKYWATER TECH INC,SKYT,45.0,4530.0,453010.0,45301020.0,334413,3674
038469,2025-12-31,IMAGENEBIO INC,IMA,35.0,3520.0,352020.0,35202010.0,325414,2836
038474,2025-12-31,RECURSION PHARMA INC,RXRX,35.0,3520.0,352010.0,35201010.0,325414,2836
038491,2025-12-31,KALTURA INC,KLTR,45.0,4510.0,451030.0,45103010.0,518210,7370
038513,2024-12-31,LAVA THERAPEUTICS N V,LVTX,35.0,3520.0,352010.0,35201010.0,325414,2836
038616,2025-03-31,QDM INTERNATIONAL INC,QDMI,40.0,4030.0,403010.0,40301010.0,524210,6411
038617,2025-12-31,ARTIVA BIOTHERAPEUTICS INC,ARTV,35.0,3520.0,352010.0,35201010.0,325414,2836
038621,2025-12-31,WESTROCK COFFEE CO,WEST,30.0,3020.0,302020.0,30202030.0,311920,2090
038635,2025-12-31,HONEST CO INC (THE),HNST,30.0,3030.0,303020.0,30302010.0,325620,2844
038647,2025-12-31,TASKUS INC,TASK,20.0,2020.0,202020.0,20202030.0,518210,7374
038676,2025-12-31,OATLY GROUP AB,OTLY,30.0,3020.0,302020.0,30202030.0,3115,2020
038745,2025-12-31,TSCAN THERAPEUTICS INC,TCRX,35.0,3520.0,352010.0,35201010.0,325414,2836
038762,2025-12-31,MOBILE INFRASTRUCTURE CORP,BEEP,20.0,2020.0,202010.0,20201050.0,531190,6519
038770,2025-12-31,FIGS INC,FIGS,25.0,2520.0,252030.0,25203010.0,315,2300
038782,2025-12-31,VERA THERAPEUTICS INC,VERA,35.0,3520.0,352010.0,35201010.0,325414,2836
038805,2025-12-31,CENTESSA PHARMACEUTICALS PLC,CNTA,35.0,3520.0,352010.0,35201010.0,325414,2836
038821,2025-12-31,ORGANON & CO,OGN,35.0,3520.0,352020.0,35202010.0,325412,2834
038832,2025-12-31,MARQETA INC,MQ,40.0,4020.0,402010.0,40201060.0,522320,7389
038835,2023-12-31,WALKME LTD,WKME,45.0,4510.0,451030.0,45103010.0,518210,7370
038870,2025-01-31,CORE & MAIN INC,CNM,20.0,2010.0,201070.0,20107010.0,4237,5070
038883,2025-12-31,LYELL IMMUNOPHARMA INC,LYEL,35.0,3520.0,352010.0,35201010.0,325414,2836
038908,2024-12-31,VERVE THERAPEUTICS INC,VERV,35.0,3520.0,352010.0,35201010.0,325414,2836
038915,2025-01-31,SPRINKLR INC,CXM,45.0,4510.0,451030.0,45103010.0,518210,7370
038920,2025-12-31,CENTURY THERAPEUTI INC,IPSC,35.0,3520.0,352010.0,35201010.0,325414,2836
038923,2023-12-31,TELESIS BIO INC,TBIO,35.0,3520.0,352030.0,35203010.0,334516,3826
038936,2025-12-31,MISTER CAR WASH INC,MCW,25.0,2530.0,253020.0,25302020.0,811192,7500
038978,2025-12-31,KATAPULT HOLDINGS INC,KPLT,40.0,4020.0,402020.0,40202010.0,522220,6141
038986,2025-12-31,ACUMEN PHARMACEUTICALS INC,ABOS,35.0,3520.0,352010.0,35201010.0,325414,2836
038995,2025-12-31,INDIE SEMICONDUCTOR INC,INDI,45.0,4530.0,453010.0,45301020.0,334413,3674
039041,2025-12-31,DT MIDSTREAM INC,DTM,10.0,1010.0,101020.0,10102040.0,486210,4922
039054,2025-12-31,PLAYSTUDIOS INC,MYPS,50.0,5020.0,502020.0,50202020.0,513210,7372
039056,2025-12-31,BLEND LABS INC,BLND,45.0,4510.0,451030.0,45103010.0,518210,7370
039057,2025-12-31,MONTE ROSA THERAPEUTICS INC,GLUE,35.0,3520.0,352010.0,35201010.0,325414,2836
039061,2022-12-31,F45 TRAINING HLDNGS INC,FXLV,25.0,2530.0,253010.0,25301030.0,713940,7990
039103,2025-12-31,PAYONEER GLBL INC,PAYO,40.0,4020.0,402010.0,40201060.0,522320,7389
039121,2025-09-30,MOBIX LABS INC,MOBX,45.0,4530.0,453010.0,45301020.0,334413,3674
039122,2025-12-31,DUOLINGO INC,DUOL,25.0,2530.0,253020.0,25302010.0,611630,8200
039124,2025-12-31,TABOOLA.COM LTD,TBLA,50.0,5020.0,502030.0,50203010.0,519290,7370
039170,2025-12-31,SERA PROGNOSTICS INC,SERA,35.0,3520.0,352010.0,35201010.0,325413,2835
039190,2025-12-31,RANI THERAPET HOLD INC,RANI,35.0,3520.0,352020.0,35202010.0,325412,2834
039197,2025-12-31,ZEVIA PBC,ZVIA,30.0,3020.0,302010.0,30201030.0,312111,2086
039246,2025-12-31,CYTEK BIOSCIENCES INC,CTKB,35.0,3520.0,352030.0,35203010.0,541714,8731
039259,2023-12-31,COLLECTIVE AUDIENCE INC,CAUD,50.0,5020.0,502010.0,50201010.0,5418,7310
039276,2025-12-31,XPONENTIAL FITNESS INC,XPOF,25.0,2530.0,253010.0,25301030.0,713940,7990
039280,2025-12-31,EVOLV TECHNOLOGIES HOLDINGS,EVLV,45.0,4520.0,452030.0,45203010.0,334511,3812
039291,2025-12-31,CARIBOU BIOSCIENCE INC,CRBU,35.0,3520.0,352010.0,35201010.0,325414,2836
039301,2023-12-31,STRYVE FOODS INC,SNAX,30.0,3020.0,302020.0,30202030.0,311612,2013
039309,2025-12-31,STAGWELL INC,STGW,50.0,5020.0,502010.0,50201010.0,541810,7311
039310,2025-01-31,VICTORIAS SECRET AND CO,VSCO,25.0,2550.0,255040.0,25504010.0,458110,5621
039316,2022-12-31,BERKSHIRE GREY INC,BGRY,20.0,2010.0,201060.0,20106020.0,333998,3569
039319,2025-12-31,GXO LOGISTIC INC,GXO,20.0,2030.0,203010.0,20301010.0,541614,4731
039359,2025-12-31,RALLYBIO CORP,RLYB,35.0,3520.0,352010.0,35201010.0,325414,2836
039371,2022-12-31,CYXTERA TECHNOLOGIES INC,CYXTQ,45.0,4510.0,451020.0,45102030.0,518210,7370
039402,2025-12-31,TANGO THERAPEUTICS INC,TNGX,35.0,3520.0,352010.0,35201010.0,325414,2836
039418,2021-12-31,ROCKLEY PHOTONICS HLDING LTD,RKLYQ,45.0,4530.0,453010.0,45301020.0,334413,3674
039448,2025-12-31,AEYE INC,LIDR,45.0,4520.0,452030.0,45203010.0,334519,3829
039464,2025-12-31,NEWLAKE CAPITAL PARTNERS INC,NLCP,60.0,6010.0,601025.0,60102510.0,531190,6798
039481,2025-12-31,ON HOLDING AG,ONON,25.0,2520.0,252030.0,25203020.0,316210,3140
039503,2025-12-31,ROCKET LAB CORP,RKLB,20.0,2010.0,201010.0,20101010.0,336414,3760
039508,2022-12-31,DICE THERAPEUTICS INC,DICE,35.0,3520.0,352020.0,35202010.0,325412,2834
039528,2024-12-31,SATIXFY COMMUNICATIONS LTD,SATX,45.0,4520.0,452010.0,45201020.0,334220,3663
039542,2023-12-31,SOVOS BRANDS INC,SOVO,30.0,3020.0,302020.0,30202030.0,311999,2030
039544,2025-12-31,OLAPLEX HOLDINGS INC,OLPX,30.0,3030.0,303020.0,30302010.0,325620,2844
039556,2025-12-31,BRILLIANT EARTH GP INC,BRLT,25.0,2550.0,255040.0,25504040.0,458310,5944
039563,2023-12-31,CUE HEALTH INC,HLTHQ,35.0,3510.0,351010.0,35101010.0,339112,3841
039596,2023-12-31,TDCX INC -ADS,TDCX,20.0,2020.0,202020.0,20202030.0,541613,8742
039627,2025-12-31,FGI INDUSTRIES LTD,FGI,20.0,2010.0,201070.0,20107010.0,423720,5070
039633,2025-12-31,CONTEXT THERAPEUTICS INC,CNTX,35.0,3520.0,352020.0,35202010.0,325412,2834
039636,2023-12-31,EXSCIENTIA PLC,EXAI,35.0,3520.0,352010.0,35201010.0,325414,2836
039663,2025-12-31,MODIV INDUSTRIAL INC,MDV,60.0,6010.0,601010.0,60101010.0,531120,6798
039680,2025-12-31,GINKGO BIOWORKS HOLDINGS INC,DNA,35.0,3520.0,352030.0,35203010.0,541715,8731
039683,2025-12-31,PYXIS ONCOLOGY INC,PYXS,35.0,3520.0,352010.0,35201010.0,325414,2836
039726,2024-12-31,ARIS WATER SOLUTIN INC,ARIS.3,10.0,1010.0,101010.0,10101020.0,213112,1389
039734,2024-12-31,PARAGON 28 INC,FNA,35.0,3510.0,351010.0,35101010.0,339113,3842
039756,2025-12-31,PORTILLO'S INC,PTLO,25.0,2530.0,253010.0,25301040.0,722513,5812
039782,2023-12-31,SOFGEN PHARMA SA,PROCF,35.0,3520.0,352020.0,35202010.0,325412,2834
039805,2025-12-31,ARTERIS INC,AIP,45.0,4510.0,451030.0,45103020.0,513210,7372
039806,2025-12-31,XILIO THERAPEUTICS INC,XLO,35.0,3520.0,352010.0,35201010.0,325414,2836
039811,2025-12-31,RIVIAN AUTOMOTIVE INC,RIVN,25.0,2510.0,251020.0,25102010.0,336110,3711
039815,2025-12-31,WALLBOX NV,WBX,20.0,2010.0,201040.0,20104010.0,336320,3690
039818,2025-12-31,UDEMY INC,UDMY,25.0,2530.0,253020.0,25302010.0,519290,7370
039820,2025-12-31,ARHAUS INC,ARHS,25.0,2550.0,255040.0,25504060.0,449110,5712
039822,2025-12-31,GLOBALFOUNDRIES INC,GFS,45.0,4530.0,453010.0,45301020.0,334413,3674
039823,2025-12-31,SOLO BRANDS INC,SBDS,25.0,2520.0,252020.0,25202010.0,339920,3949
039863,2025-12-31,ONCONETIX INC,ONCO,35.0,3520.0,352010.0,35201010.0,325414,2836
039869,2025-12-31,ENTRADA THERAPUTIS INC,TRDA,35.0,3520.0,352010.0,35201010.0,325414,2836
039872,2025-12-31,AURA BIOSCIENCES INC,AURA,35.0,3520.0,352010.0,35201010.0,325414,2836
039877,2022-12-31,THE REAL GOOD FOOD CO INC,RGFC,30.0,3020.0,302020.0,30202030.0,311412,2030
039907,2024-12-31,2SEVENTY BIO INC,TSVT,35.0,3520.0,352010.0,35201010.0,325414,2836
039941,2025-12-31,JOURNEY MEDICAL CORPO,DERM,35.0,3520.0,352020.0,35202010.0,325412,2834
039954,2021-12-31,REDBOX ENTERTAINMENT INC,RDBX,50.0,5020.0,502020.0,50202010.0,532282,7841
039961,2025-12-31,SWEETGREEN INC,SG,25.0,2530.0,253010.0,25301040.0,722513,5812
039962,2021-12-31,LOYALTY VENTURES INC,LYLTQ,50.0,5020.0,502010.0,50201010.0,561499,7389
040224,2025-12-31,DRILLING TOOLS INTERNAT CORP,DTI,10.0,1010.0,101010.0,10101020.0,532490,7359
040236,2025-12-31,TENON MEDICAL INC,TNON,35.0,3510.0,351010.0,35101010.0,339113,3842
040248,2025-12-31,ORION OFFICE REIT INC,ONL,60.0,6010.0,601040.0,60104010.0,531120,6798
040285,2024-12-31,OCEANPAL INC,SVRN,20.0,2030.0,203030.0,20303010.0,483111,4412
040305,2025-12-31,SIDUS SPACE INC,SIDU,20.0,2010.0,201010.0,20101010.0,336414,3760
040306,2025-12-31,PROFRAC HOLDING CORP,ACDC,10.0,1010.0,101010.0,10101020.0,213112,1389
040383,2025-12-31,CRESCENT ENERGY CO,CRGY,10.0,1010.0,101020.0,10102020.0,2111,1311
040417,2025-12-31,DOUGLAS ELLIMAN INC,DOUG,60.0,6020.0,602010.0,60201040.0,531210,6531
040460,2025-12-31,PERASO INC,PRSO,45.0,4530.0,453010.0,45301020.0,334413,3674
040492,2023-12-31,SMART FOR LIFE INC,SMFL,30.0,3030.0,303020.0,30302010.0,325412,2834
040605,2025-12-31,BAUSCH & LOMB CORP,BLCO,35.0,3510.0,351010.0,35101020.0,339115,3851
040610,2025-12-31,ARCELLX INC,ACLX,35.0,3520.0,352010.0,35201010.0,325414,2836
040645,2025-12-31,LASER PHOTONICS CORP,LASE,20.0,2010.0,201060.0,20106020.0,3335,3540
041050,2025-09-30,EMBECTA CORP,EMBC,35.0,3510.0,351010.0,35101020.0,339113,3842
041426,2025-06-30,TREASURE GLOBAL INC,TGL,50.0,5020.0,502010.0,50201010.0,541511,7371
041502,2025-06-30,GLOBAL ENGINE GROUP HLDG LTD,GLE,45.0,4510.0,451020.0,45102010.0,541512,7370
041507,2025-12-31,GIGACLOUD TECHNOLOGY INC,GCT,25.0,2550.0,255010.0,25501010.0,449110,5961
041545,2025-12-31,STRIVE INC,ASST,35.0,3510.0,351010.0,35101010.0,523940,6282
041615,2025-12-31,PRIME MEDICINE INC,PRME,35.0,3520.0,352010.0,35201010.0,325414,2836
041640,2025-12-31,MOBILEYE GLOBAL INC,MBLY,25.0,2510.0,251010.0,25101010.0,513210,7372
041687,2025-12-31,DEFI DEVELOPMENT CORP,DFDV,40.0,4020.0,402020.0,40202010.0,522310,6163
041797,2025-12-31,TXO ENERGY PARTNERS LP,TXO,10.0,1010.0,101020.0,10102020.0,2111,1311
041818,2025-12-31,GE HEALTHCARE TECHNOLOGI INC,GEHC,35.0,3510.0,351010.0,35101010.0,334510,3845
041835,2025-12-31,MASTERBRAND INC,MBC,20.0,2010.0,201020.0,20102010.0,337110,2430
041878,2025-12-31,COYA THERAPEUTICS INC,COYA,35.0,3520.0,352010.0,35201010.0,325414,2836
041953,2025-12-31,NEURAXIS INC,NRXS,35.0,3510.0,351010.0,35101010.0,339112,3841
041995,2025-12-31,HESAI GROUP,HSAI,25.0,2510.0,251010.0,25101010.0,336320,3714
041996,2025-03-31,NEXTPOWER INC,NXT,20.0,2010.0,201040.0,20104010.0,335999,3690
042033,2025-12-31,ATMUS FILTRATION TECHNLS INC,ATMU,20.0,2010.0,201060.0,20106010.0,336390,3714
042332,2024-12-31,VCI GLOBAL LTD,VCIG,20.0,2020.0,202020.0,20202020.0,541611,8742
042895,2025-03-31,SOLOWIN HOLDINGS,AXG,40.0,4020.0,402030.0,40203020.0,523940,6282
042984,2025-12-31,AZITRA INC,AZTR,35.0,3520.0,352010.0,35201010.0,325414,2836
042987,2025-12-31,BRANCHOUT FOOD INC,BOF,30.0,3020.0,302020.0,30202030.0,3119,2090
043057,2025-12-31,PHINIA INC,PHIN,25.0,2510.0,251010.0,25101010.0,3363,3714
043113,2025-12-31,SHARKNINJA INC,SN,25.0,2520.0,252010.0,25201040.0,3352,3630
043137,2024-12-31,TURNSTONE BIOLOGICS CORP,TSBX,35.0,3520.0,352010.0,35201010.0,325414,2836
043236,2024-12-31,WK KELLOGG CO,KLG,30.0,3020.0,302020.0,30202030.0,311230,2040
043285,2025-03-31,ARM HOLDINGS PLC,ARM,45.0,4530.0,453010.0,45301020.0,334413,3674
043363,2024-12-31,TUNGRAY TECHNOLOGIES INC,TRSG,45.0,4520.0,452030.0,45203020.0,333248,3559
043385,2025-12-31,LEXEO THERAPEUTICS INC,LXEO,35.0,3520.0,352010.0,35201010.0,325414,2836
043439,2024-12-31,FENBO HOLDINGS LTD,FEBO,25.0,2520.0,252010.0,25201040.0,335210,3634
043507,2025-12-31,MACH NATURAL RESOURCES LP,MNR,10.0,1010.0,101020.0,10102020.0,2111,1311
043521,2025-12-31,NET LEASE OFFICE PROPERTIES,NLOP,60.0,6010.0,601040.0,60104010.0,531120,6798
043524,2025-03-31,RAYTECH HOLDING LTD,RAY,25.0,2550.0,255010.0,25501010.0,423690,5065
043792,2025-12-31,METAGENOMI THERAPEUTICS INC,MGX,35.0,3520.0,352010.0,35201010.0,325414,2836
043843,2025-12-31,KYVERNA THERAPEUTICS INC,KYTX,35.0,3520.0,352010.0,35201010.0,325414,2836
045081,2025-12-31,SERVE ROBOTICS INC,SERV,25.0,2530.0,253010.0,25301040.0,492210,4210
045169,2025-12-31,GE VERNOVA INC,GEV,20.0,2010.0,201040.0,20104020.0,333611,3510
045232,2025-12-31,CENTURI HOLDINGS INC,CTRI,20.0,2010.0,201030.0,20103010.0,237120,1623
045265,2025-12-31,LOAR HOLDINGS INC,LOAR,20.0,2010.0,201010.0,20101010.0,336413,3728
045319,2025-12-31,PROFICIENT AUTO LGISTICS INC,PAL,20.0,2030.0,203040.0,20304030.0,484,4210
045351,2024-12-31,JINXIN TECHNO HOLDNG CO -ADR,NAMI,25.0,2530.0,253020.0,25302010.0,611,8200
045388,2025-12-31,INHIBRX BIOSCIENCES INC,INBX,35.0,3520.0,352010.0,35201010.0,325414,2836
045445,2025-12-31,LANDBRIDGE CO LLC,LB,60.0,6020.0,602010.0,60201020.0,533110,6792
045461,2024-12-31,NIP GROUP INC -ADR,NIPG,50.0,5020.0,502020.0,50202010.0,711211,7900
045542,2025-03-31,OMS ENERGY TECHNOLOGIES INC,OMSE,10.0,1010.0,101010.0,10101020.0,333132,3533
045686,2025-12-31,CALLAN JMB INC,CJMB,20.0,2030.0,203010.0,20301010.0,488991,4700
045711,2025-12-31,MAZE THERAPEUTICS INC,MAZE,35.0,3520.0,352020.0,35202010.0,325412,2834
045775,2025-12-31,SMITHFIELD FOODS INC,SFD,30.0,3020.0,302020.0,30202030.0,3116,2000
045785,2025-12-31,BETA BIONICS INC,BBNX,35.0,3510.0,351010.0,35101010.0,339112,3841
045802,2025-12-31,JFB CONSTRUCTION HOLDINGS,JFB,20.0,2010.0,201030.0,20103010.0,2362,1540
050297,2025-12-31,SAFE PRO GROUP INC,SPAI,20.0,2010.0,201010.0,20101010.0,339113,3842
050389,2025-12-31,LINEAGE INC,LINE,60.0,6010.0,601025.0,60102510.0,531130,6798
050517,2025-12-31,ZENAS BIOPHARMA INC,ZBIO,35.0,3520.0,352010.0,35201010.0,325414,2836
050619,2025-12-31,FRONTVIEW REIT INC,FVR,60.0,6010.0,601070.0,60107010.0,531120,6798
050682,2025-12-31,CAMP4 THERAPEUTICS CORP,CAMP,35.0,3520.0,352010.0,35201010.0,325414,2836
050688,2025-09-30,AMENTUM HOLDINGS INC,AMTM,20.0,2020.0,202020.0,20202020.0,541,8700
050721,2025-12-31,CURBLINE PROPERTIES CORP,CURB,60.0,6010.0,601070.0,60107010.0,531120,6798
050763,2025-12-31,SEPTERNA INC,SEPN,35.0,3520.0,352020.0,35202010.0,325412,2834
051058,2025-12-31,RESOLUTE HOLDINGS MANAGEMENT,RHLD,20.0,2020.0,202020.0,20202020.0,334112,3572
051139,2025-12-31,COREWEAVE INC,CRWV,45.0,4510.0,451020.0,45102030.0,518210,7370
051497,2025-12-31,HINGE HEALTH INC,HNGE,35.0,3510.0,351020.0,35102015.0,518210,7370
051654,2025-11-30,ELITE EXPRESS HOLDING INC,ETS,20.0,2030.0,203040.0,20304030.0,4841,4210
051747,2025-12-31,VOYAGER TECHNOLOGIES INC,VOYG,20.0,2010.0,201010.0,20101010.0,33641,3760
060707,2025-12-31,AMBIQ MICRO INC,AMBQ,45.0,4530.0,453010.0,45301020.0,334413,3674
060800,2025-12-31,SINCLAIR INC,SBGI,50.0,5020.0,502010.0,50201020.0,516120,4833
060801,2025-12-31,SOCKET MOBILE INC,SCKT,45.0,4520.0,452020.0,45202030.0,334220,3663
060839,2011-12-31,POINDEXTER (JB) & CO INC,9101B,25.0,2510.0,251010.0,25101010.0,336211,3713
060846,2012-12-31,TRANSWITCH CORP,TXCCQ,45.0,4530.0,453010.0,45301020.0,999990,9995
060900,2022-12-31,DISH NETWORK CORP,DISH,50.0,5020.0,502010.0,50201030.0,516210,4841
060923,2025-01-31,DAVE & BUSTER'S ENTMT INC,PLAY,25.0,2530.0,253010.0,25301030.0,713990,7990
060979,2025-12-31,WABTEC CORP,WAB,20.0,2010.0,201060.0,20106010.0,336510,3743
061028,2025-12-31,CLIMB GLOBAL SOLUTIONS INC,CLMB,45.0,4520.0,452030.0,45203030.0,423430,5045
061030,2025-03-31,DESWELL INDUSTRIES INC,DSWL,45.0,4520.0,452030.0,45203020.0,334310,3651
061034,2025-12-31,TEEKAY CORPORATION LTD,TK,10.0,1010.0,101020.0,10102040.0,483111,4412
061061,2011-06-30,CONTINUCARE CORP,CNU,35.0,3510.0,351020.0,35102015.0,621498,8093
061077,2023-12-31,GSE SYSTEMS INC,GVP,45.0,4510.0,451030.0,45103010.0,561312,7361
061163,2025-12-31,SUNSTONE HOTEL INVESTORS INC,SHO,60.0,6010.0,601030.0,60103010.0,531120,6798
061179,2025-12-31,KFORCE INC,KFRC,20.0,2020.0,202020.0,20202010.0,561320,7363
061188,2025-12-31,SERVICE PROPERTIES TRUST,SVC,60.0,6010.0,601030.0,60103010.0,531120,6798
061214,2025-12-31,ASML HOLDING NV,ASML,45.0,4530.0,453010.0,45301010.0,333242,3559
061236,2012-12-31,GATEWAY ENERGY CORP,GNRG,10.0,1010.0,101020.0,10102040.0,221210,4923
061285,2025-12-31,FG NEXUS INC,FGNX,40.0,4030.0,403010.0,40301040.0,333310,3861
061321,2025-12-31,SMITH MICRO SOFTWARE INC,SMSI,45.0,4510.0,451030.0,45103010.0,513210,7372
061325,2025-12-31,PEDIATRIX MEDICAL GROUP INC,MD,35.0,3510.0,351020.0,35102015.0,621111,8011
061350,2018-12-31,CRAY INC,CRAY,45.0,4520.0,452020.0,45202030.0,334111,3571
061399,2025-12-31,MYRIAD GENETICS INC,MYGN,35.0,3520.0,352010.0,35201010.0,325413,2835
061407,2010-12-31,APAC CUSTOMER SERVICES INC,APAC.1,20.0,2020.0,202010.0,20201060.0,561422,7389
061408,2025-12-31,HANOVER INSURANCE GROUP INC,THG,40.0,4030.0,403010.0,40301040.0,524126,6331
061409,2023-12-31,DIAMOND OFFSHRE DRILLING INC,DO,10.0,1010.0,101010.0,10101010.0,213111,1381
061420,2025-12-31,POOL CORP,POOL,25.0,2550.0,255010.0,25501010.0,423910,5090
061439,2017-12-31,RADISYS CORP,RSYS,45.0,4520.0,452030.0,45203020.0,334118,3577
061448,2014-12-31,PHARMACYCLICS INC,PCYC,35.0,3520.0,352010.0,35201010.0,325412,2835
061483,2025-12-31,DAVITA INC,DVA,35.0,3510.0,351020.0,35102015.0,621492,8090
061487,2025-12-31,BANNER CORP,BANR,40.0,4010.0,401010.0,40101015.0,522110,6020
061490,2025-12-31,OPKO HEALTH INC,OPK,35.0,3510.0,351020.0,35102015.0,621511,8071
061494,2025-12-31,HENRY SCHEIN INC,HSIC,35.0,3510.0,351020.0,35102010.0,423450,5047
061513,2015-12-31,SANDISK CORP -OLD,SNDK.1,45.0,4520.0,452020.0,45202030.0,334112,3572
061552,2015-12-31,LEXMARK INTL INC  -CL A,LXK,45.0,4520.0,452020.0,45202030.0,334118,3577
061562,2025-12-31,ADVANCED ENERGY INDS INC,AEIS,45.0,4520.0,452030.0,45203010.0,334418,3679
061567,2025-06-30,ESTEE LAUDER COMPANIES INC,EL,30.0,3030.0,303020.0,30302010.0,325620,2844
061572,2010-08-31,SMART MODULAR TECHNOLOGIES,SMOD,45.0,4520.0,452030.0,45203020.0,334413,3674
061584,2013-12-31,EMERITUS CORP,ESC,35.0,3510.0,351020.0,35102020.0,623312,8300
061587,2024-12-31,INTEVAC INC,IVAC,45.0,4520.0,452020.0,45202030.0,333248,3559
061591,2025-04-30,NETAPP INC,NTAP,45.0,4520.0,452020.0,45202030.0,334112,3572
061596,2013-06-30,BUCKEYE TECHNOLOGIES INC,BKI.1,15.0,1510.0,151050.0,15105020.0,322110,2611
061600,2017-06-30,PAREXEL INTERNATIONAL CORP,PRXL,35.0,3520.0,352030.0,35203010.0,541712,8731
061616,2025-12-31,ENI SPA,E,10.0,1010.0,101020.0,10102010.0,211120,1311
061646,2025-03-31,WESTELL TECH INC  -CL A,WSTL,45.0,4520.0,452010.0,45201020.0,334210,3661
061655,2025-12-31,NOVAVAX INC,NVAX,35.0,3520.0,352010.0,35201010.0,325414,2836
061676,2021-12-31,CITRIX SYSTEMS INC,CTXS,45.0,4510.0,451030.0,45103010.0,511210,7372
061685,2021-09-30,NUANCE COMMUNICATIONS INC,NUAN,45.0,4510.0,451030.0,45103010.0,511210,7372
061703,2011-06-30,KENSEY NASH CORP,KNSY,35.0,3510.0,351010.0,35101010.0,339113,3842
061711,2025-12-31,TG THERAPEUTICS INC,TGTX,35.0,3520.0,352010.0,35201010.0,325412,2834
061712,2022-12-31,BLONDER TONGUE LABS INC,BDRLQ,45.0,4520.0,452010.0,45201020.0,334220,3663
061725,2010-12-31,TOLLGRADE COMMUNICATIONS INC,TLGD,45.0,4520.0,452010.0,45201020.0,334515,3825
061739,2025-12-31,HARTFORD INSURANCE GROUP INC,HIG,40.0,4030.0,403010.0,40301040.0,524126,6331
061745,2017-12-31,IMPAX LABORATORIES INC,IPXL,35.0,3520.0,352020.0,35202010.0,325412,2834
061759,2025-12-31,CORE LABORATORIES INC,CLB,10.0,1010.0,101010.0,10101020.0,213112,1389
061880,2025-06-30,INTEGRATED BIOPHARMA INC,INBP,30.0,3030.0,303020.0,30302010.0,325412,2834
061903,2012-12-31,PERFORMANCE TECHNOLOGIES INC,PTIX.1,45.0,4520.0,452010.0,45201020.0,334210,3576
061971,2023-12-31,ENGLOBAL CORP,ENGCQ,10.0,1010.0,101010.0,10101020.0,2111,1311
062055,2010-09-30,PROSPECT MEDICAL HLDGS INC,PZZ,35.0,3510.0,351020.0,35102020.0,621493,8011
062088,2012-03-31,NEW FRONTIER MEDIA INC,NOOF,25.0,2540.0,254010.0,25401020.0,515210,4841
062168,2025-12-31,IRIDEX CORP,IRIX,35.0,3510.0,351010.0,35101010.0,334510,3845
062169,2025-12-31,LIFECORE BIOMEDL INC,LFCR,35.0,3520.0,352030.0,35203010.0,325412,2834
062217,2025-06-30,LIGHTPATH TECHNOLOGIES INC,LPTH,45.0,4520.0,452030.0,45203010.0,333310,3827
062221,2025-03-31,COLUMBUS MCKINNON CORP,CMCO,20.0,2010.0,201060.0,20106020.0,333923,3530
062263,2020-12-31,ALEXION PHARMACEUTICALS INC,ALXN,35.0,3520.0,352010.0,35201010.0,325414,2836
062266,2025-12-31,CSG SYSTEMS INTL INC,CSGS,20.0,2020.0,202020.0,20202030.0,518210,7374
062268,2011-12-31,FLANDERS CORP,FLDR.1,20.0,2010.0,201060.0,20106020.0,333411,3564
062374,2025-12-31,IRON MOUNTAIN INC,IRM,60.0,6010.0,601080.0,60108010.0,531120,6798
062382,2012-12-31,ASTEX PHARMACEUTICALS INC,ASTX.1,35.0,3520.0,352010.0,35201010.0,325414,2836
062388,2010-12-31,VERTRO INC,VTRO.1,45.0,4510.0,451010.0,45101010.0,541890,7310
062399,2011-12-31,JDA SOFTWARE GROUP INC,JDAS,45.0,4510.0,451030.0,45103010.0,511210,7372
062475,2025-12-31,ARBUTUS BIOPHARMA CORP,ABUS,35.0,3520.0,352010.0,35201010.0,325414,2836
062549,2025-12-31,KVH INDUSTRIES INC,KVHI,45.0,4520.0,452010.0,45201020.0,517410,4899
062592,2025-12-31,PROTALIX BIOTHERAPEUTICS INC,PLX,35.0,3520.0,352010.0,35201010.0,325414,2836
062597,2010-12-31,I/O MAGIC CORP,IOMG,45.0,4520.0,452020.0,45202030.0,334118,3577
062626,2025-06-30,EVOLUTION PETROLEUM CORP,EPM,10.0,1010.0,101020.0,10102020.0,211120,1311
062655,2019-12-31,DEAN FOODS CO,DFODQ,30.0,3020.0,302020.0,30202030.0,311511,2020
062686,2019-12-31,CARBO CERAMICS INC,CRRTQ,10.0,1010.0,101010.0,10101020.0,327999,3290
062723,2025-12-31,TUCOWS INC,TCX,45.0,4510.0,451020.0,45102030.0,519130,7370
062745,2025-12-31,JAKKS PACIFIC INC,JAKK,25.0,2520.0,252020.0,25202010.0,336991,3944
062823,2025-12-31,FTI CONSULTING INC,FCN,20.0,2020.0,202020.0,20202020.0,541611,8742
062826,2012-12-31,ONYX PHARMACEUTICALS INC,ONXX,35.0,3520.0,352010.0,35201010.0,325412,2834
062921,2025-12-31,NEUROCRINE BIOSCIENCES INC,NBIX,35.0,3520.0,352010.0,35201010.0,325414,2836
062967,2011-12-31,SUNRISE SENIOR LIVING INC,SRZ,35.0,3510.0,351020.0,35102020.0,623312,8300
062977,2014-12-31,SALIX PHARMACEUTICALS LTD,SLXP,35.0,3520.0,352020.0,35202010.0,325412,2834
062984,2011-12-31,TITANIUM METALS CORP,TIE,15.0,1510.0,151040.0,15104020.0,331491,3350
063000,2025-12-31,RUSH ENTERPRISES INC,RUSHA,20.0,2010.0,201070.0,20107010.0,441110,5500
063005,2024-12-31,AVADEL PHARMACEUTICALS PLC,AVDL,35.0,3520.0,352020.0,35202010.0,325412,2834
063018,2021-12-31,DATATRAK INTERNATIONAL INC,DTRK,35.0,3510.0,351030.0,35103010.0,518210,7370
063030,2024-12-31,CASI PHARMACEUTICALS INC,CASIF,35.0,3520.0,352010.0,35201010.0,325412,2834
063099,2018-12-31,BROADVISION INC,BVSN,45.0,4510.0,451030.0,45103010.0,5415,7370
063138,2022-12-31,GLASSBRIDGE ENTERPRISES INC,GLAE,40.0,4020.0,402030.0,40203010.0,523940,6282
063186,2025-12-31,QIAGEN NV,QGEN,35.0,3520.0,352030.0,35203010.0,334516,3826
063291,2011-12-31,SRI/SURGICAL EXPRESS INC,STRC.1,35.0,3510.0,351020.0,35102015.0,812332,7200
063405,2025-12-31,GERON CORP,GERN,35.0,3520.0,352010.0,35201010.0,325414,2836
063447,2025-01-31,GUESS INC,GES,25.0,2550.0,255040.0,25504010.0,3152,2330
063490,2018-12-31,BIOSCRIP INC,BIOS.1,35.0,3510.0,351020.0,35102015.0,621610,8082
063495,2017-12-31,WILLBROS GROUP INC,WGRP,20.0,2010.0,201030.0,20103010.0,237120,1623
063501,2019-12-31,E TRADE FINANCIAL CORP,ETFC,40.0,4020.0,402030.0,40203020.0,523120,6211
063520,2025-12-31,TRANSACT TECHNOLOGIES INC,TACT,45.0,4520.0,452020.0,45202030.0,334118,3577
063531,2025-12-31,MICROVISION INC,MVIS,45.0,4520.0,452030.0,45203010.0,334419,3679
063562,2025-12-31,COSCIENS BIOPHARMA INC,CSCIF,35.0,3520.0,352010.0,35201010.0,325414,2836
063605,2019-12-31,CALPINE CORP,8356B,55.0,5510.0,551050.0,55105010.0,22111,4991
063639,2025-12-31,ONITY GROUP INC,ONIT,40.0,4020.0,402010.0,40201050.0,522390,6162
063640,2014-01-31,PEERLESS SYSTEMS CORP,PRLS,45.0,4510.0,451030.0,45103010.0,511210,7372
063643,2025-01-31,ABERCROMBIE & FITCH  -CL A,ANF,25.0,2550.0,255040.0,25504010.0,458110,5651
063645,2023-12-31,ENDO INTERNATIONAL PLC,ENDPQ,35.0,3520.0,352020.0,35202010.0,325412,2834
063650,2022-12-31,SPECTRUM PHARMACEUTICALS INC,SPPI,35.0,3520.0,352010.0,35201010.0,325414,2836
063671,2013-12-31,BEEIO HONEY LTD,ORCT,30.0,3020.0,302020.0,30202030.0,334210,3661
063700,2021-12-31,ANTARES PHARMA INC,ATRS,35.0,3520.0,352020.0,35202010.0,325412,2834
063789,2018-12-31,ARQULE INC,ARQL,35.0,3520.0,352010.0,35201010.0,325414,2836
063790,2016-12-31,MAST THERAPEUTICS,MSTX.1,35.0,3520.0,352010.0,35201010.0,325412,2834
063847,2025-12-31,PENSKE AUTOMOTIVE GROUP INC,PAG,25.0,2550.0,255040.0,25504050.0,441110,5500
063866,2013-12-31,CUBIST PHARMACEUTICALS INC,CBST,35.0,3520.0,352010.0,35201010.0,325412,2834
063876,2025-03-31,TRIUMPH GROUP INC,TGI,20.0,2010.0,201010.0,20101010.0,336413,3728
063914,2012-12-31,CNH GLOBAL NV,CNH.2,20.0,2010.0,201060.0,20106010.0,333111,3523
063919,2015-12-31,INGRAM MICRO INC,IM,45.0,4520.0,452030.0,45203030.0,423430,5045
063927,2025-07-31,UNITED NATURAL FOODS INC,UNFI,30.0,3010.0,301010.0,30101020.0,424490,5140
063938,2023-01-31,SEACHANGE INTERNATIONAL INC,SEAC,45.0,4510.0,451030.0,45103010.0,513210,7372
063986,2025-03-31,EPLUS INC,PLUS,45.0,4520.0,452030.0,45203030.0,423430,5045
064004,2012-12-31,VIROPHARMA INC,VPHM,35.0,3520.0,352020.0,35202010.0,325412,2834
064021,2022-12-31,HOPTO INC,HPTO,45.0,4510.0,451030.0,45103010.0,513210,7372
064055,2016-12-31,WEST CORP,WSTC,20.0,2020.0,202010.0,20201060.0,561499,7389
064061,2025-12-31,FORRESTER RESEARCH INC,FORR,20.0,2020.0,202020.0,20202020.0,541910,8700
064063,2025-12-31,GENESIS ENERGY  -LP,GEL,10.0,1010.0,101020.0,10102040.0,424720,5172
064088,2025-03-31,VIASAT INC,VSAT,45.0,4520.0,452010.0,45201020.0,517410,4899
064102,2016-12-31,INVENTURE FOODS INC,SNAK,30.0,3020.0,302020.0,30202030.0,311411,2030
064163,2025-12-31,HYPERSCALE DATA INC,GPUS,20.0,2010.0,201050.0,20105010.0,999977,9997
064165,2014-12-31,IGATE CORP,IGTE,45.0,4510.0,451020.0,45102010.0,518210,7374
064166,2025-12-31,QUEST DIAGNOSTICS INC,DGX,35.0,3510.0,351020.0,35102015.0,621511,8071
064194,2013-12-31,FIRST MARINER BANCORP,FMARQ,40.0,4010.0,401010.0,40101015.0,522110,6020
064275,2025-05-31,CAL-MAINE FOODS INC,CALM,30.0,3020.0,302020.0,30202030.0,112310,200
064302,2025-12-31,INSPERITY INC,NSP,20.0,2020.0,202020.0,20202010.0,561320,7363
064306,2025-12-31,KILROY REALTY CORP,KRC,60.0,6010.0,601040.0,60104010.0,531120,6798
064327,2025-12-31,CERUS CORP,CERS,35.0,3510.0,351010.0,35101020.0,339113,3842
064334,2025-12-31,VERICEL CORP,VCEL,35.0,3520.0,352010.0,35201010.0,325414,2836
064346,2015-12-31,EPIQ SYSTEMS INC,EPIQ,45.0,4510.0,451030.0,45103010.0,511210,7372
064355,2024-12-31,GOLDEN OCEAN GROUP,GOGL,20.0,2030.0,203030.0,20303010.0,532411,4400
064356,2025-10-31,CIENA CORP,CIEN,45.0,4520.0,452010.0,45201020.0,334210,3661
064410,2025-02-28,CARMAX INC,KMX,25.0,2550.0,255040.0,25504050.0,441120,5500
064480,2019-12-31,TIVO CORP,TIVO,45.0,4510.0,451030.0,45103020.0,519130,7370
064515,2022-12-31,CTI BIOPHARMA CORP,CTIC,35.0,3520.0,352010.0,35201010.0,325414,2836
064549,2017-12-31,CHICAGO BRIDGE & IRON CO,CBI,20.0,2010.0,201030.0,20103010.0,237120,1600
064552,2019-09-30,TD AMERITRADE HOLDING CORP,AMTD.,40.0,4020.0,402030.0,40203020.0,523120,6211
064568,2024-12-31,GULF ISLAND FABRICATION INC,GIFI,10.0,1010.0,101010.0,10101020.0,213112,1389
064620,2012-12-31,VIEWCAST.COM INC,VCST,45.0,4520.0,452020.0,45202030.0,334220,3663
064630,2025-03-31,TAKE-TWO INTERACTIVE SFTWR,TTWO,50.0,5020.0,502020.0,50202020.0,513210,7372
064637,2024-09-30,EMCORE CORP,EMKR,45.0,4520.0,452010.0,45201020.0,334413,3674
064690,2025-12-31,AUTOLIV INC,ALV,25.0,2510.0,251010.0,25101010.0,336390,3714
064708,2012-05-31,SCHIFF NUTRITION INTL INC,SHF,30.0,3030.0,303020.0,30302010.0,325412,2834
064766,2025-12-31,RAMBUS INC,RMBS,45.0,4530.0,453010.0,45301020.0,533110,6794
064767,2010-12-31,VITAL IMAGES INC,VTAL,35.0,3510.0,351030.0,35103010.0,511210,7372
064768,2025-12-31,AMAZON.COM INC,AMZN,25.0,2550.0,255030.0,25503030.0,455219,5961
064794,2025-12-31,UNITED COMMUNITY BANKS INC,UCB,40.0,4010.0,401010.0,40101015.0,522110,6020
064821,2025-12-31,ALEXANDRIA R E EQUITIES INC,ARE,60.0,6010.0,601050.0,60105010.0,531120,6798
064848,2018-07-31,KMG CHEMICALS INC,KMG,15.0,1510.0,151010.0,15101050.0,325180,2860
064853,2025-03-31,QORVO INC,QRVO,45.0,4530.0,453010.0,45301020.0,334413,3674
064857,2025-12-31,SAREPTA THERAPEUTICS INC,SRPT,35.0,3520.0,352010.0,35201010.0,325414,2836
064891,2025-03-31,RALPH LAUREN CORP,RL,25.0,2520.0,252030.0,25203010.0,315,2300
064896,2010-12-31,RC2 CORP,RCRC,25.0,2520.0,252020.0,25202010.0,339932,3944
064901,2025-09-30,MAXIMUS INC,MMS,20.0,2020.0,202020.0,20202030.0,518210,7389
064915,2025-12-31,INTEST CORP,INTT,45.0,4530.0,453010.0,45301010.0,334416,3825
064925,2025-12-31,BXP INC,BXP,60.0,6010.0,601040.0,60104010.0,531120,6798
064942,2017-12-31,STARTEK INC -OLD,SRT.2,45.0,4510.0,451020.0,45102020.0,561499,7389
065006,2025-12-31,HELIX ENERGY SOLUTIONS GROUP,HLX,10.0,1010.0,101010.0,10101020.0,213112,1389
065009,2025-12-31,ARCHROCK INC,AROC,10.0,1010.0,101010.0,10101020.0,333132,3533
065011,2022-12-31,HESKA CORP,HSKA,35.0,3510.0,351010.0,35101010.0,325413,2835
065026,2015-12-31,OUTERWALL INC,OUTR,25.0,2550.0,255040.0,25504040.0,333318,3578
065036,2025-12-31,QUICKLOGIC CORP,QUIK,45.0,4530.0,453010.0,45301020.0,334413,3674
065084,2025-12-31,CORECIVIC INC,CXW,20.0,2020.0,202010.0,20201080.0,531120,6512
065105,2011-01-31,BJ'S WHOLESALE CLUB INC,BJ.1,30.0,3010.0,301010.0,30101040.0,452910,5399
065108,2025-12-31,JONES LANG LASALLE INC,JLL,60.0,6020.0,602010.0,60201040.0,531390,6531
065220,2018-12-31,CARRIZO OIL & GAS INC,CRZO,10.0,1010.0,101020.0,10102020.0,2111,1311
065248,2025-12-31,ARCELORMITTAL,MT,15.0,1510.0,151040.0,15104050.0,331110,3312
065270,2017-12-31,SYNTEL INC,SYNT,45.0,4510.0,451020.0,45102020.0,541519,7370
065286,2025-05-31,AEHR TEST SYSTEMS,AEHR,45.0,4530.0,453010.0,45301010.0,334515,3825
065290,2025-12-31,SL GREEN REALTY CORP,SLG,60.0,6010.0,601040.0,60104010.0,531120,6798
065343,2025-08-31,PRICESMART INC,PSMT,30.0,3010.0,301010.0,30101040.0,455219,5331
065378,2015-12-31,LUNA GOLD CORP,LGCUF,15.0,1510.0,151040.0,15104030.0,212221,1040
065380,2025-12-31,ELBIT SYSTEMS LTD,ESLT,20.0,2010.0,201010.0,20101010.0,334511,3812
065399,2021-09-30,MERITOR INC,MTOR,20.0,2010.0,201060.0,20106010.0,336330,3714
065413,2014-12-31,DOT HILL SYSTEMS CORP,HILL,45.0,4520.0,452020.0,45202030.0,334112,3572
065417,2025-12-31,YUM BRANDS INC,YUM,25.0,2530.0,253010.0,25301040.0,722513,5812
065421,2024-12-31,FARO TECHNOLOGIES INC,FARO,45.0,4520.0,452030.0,45203010.0,334519,3829
065430,2025-01-31,CHILDRENS PLACE INC,PLCE,25.0,2550.0,255040.0,25504010.0,458110,5600
065461,2024-12-31,TEFRON LTD,TFRFF,25.0,2520.0,252030.0,25203010.0,315250,2340
065527,2010-12-31,HYPERCOM CORP,HYC,45.0,4520.0,452020.0,45202020.0,334119,3578
065554,2012-12-31,POWER-ONE INC,PWER.1,45.0,4520.0,452030.0,45203015.0,3344,3679
065590,2025-12-31,STONERIDGE INC,SRI,25.0,2510.0,251010.0,25101010.0,334419,3679
065609,2025-12-31,C H ROBINSON WORLDWIDE INC,CHRW,20.0,2030.0,203010.0,20301010.0,484121,4213
065640,2025-12-31,CENTRESPACE,CSR,60.0,6010.0,601060.0,60106010.0,531190,6798
065662,2021-12-31,CHINA MOBILE LTD,CHL,50.0,5010.0,501020.0,50102010.0,517312,4812
065671,2025-12-31,INNOVEX INTERNATIONAL INC,INVX,10.0,1010.0,101010.0,10101020.0,333132,3533
065675,2022-12-31,ORBITAL INFRAS GROUP INC,OIGBQ,20.0,2010.0,201030.0,20103010.0,237130,1623
065676,2012-12-31,INTERMEC INC,IN,45.0,4520.0,452020.0,45202020.0,334118,3577
065697,2014-12-31,REMY INTERNATIONAL INC,REMY,25.0,2510.0,251010.0,25101010.0,336320,3690
065710,2025-12-31,EPR PROPERTIES,EPR,60.0,6010.0,601080.0,60108010.0,531120,6798
065717,2019-12-31,OSAIC FINANCIAL SERVICES INC,LTS,40.0,4020.0,402030.0,40203020.0,523120,6211
065718,2025-12-31,GROUP 1 AUTOMOTIVE INC,GPI,25.0,2550.0,255040.0,25504050.0,441110,5500
065739,2015-06-30,PERICOM SEMICONDUCTOR CORP,PSEM,45.0,4530.0,453010.0,45301020.0,334413,3674
065765,2025-12-31,YUNHONG GREEN CTI LTD,YHGJ,25.0,2520.0,252010.0,25201050.0,326299,3060
065771,2011-12-31,YOUNG INNOVATIONS INC,YDNT,35.0,3510.0,351010.0,35101010.0,339114,3843
065831,2025-12-31,SONIC AUTOMOTIVE INC  -CL A,SAH,25.0,2550.0,255040.0,25504050.0,441110,5500
065904,2016-03-31,APPLIED MICRO CIRCUITS CORP,AMCC,45.0,4530.0,453010.0,45301020.0,334413,3674
065905,2025-09-30,INOTIV INC,NOTV,35.0,3520.0,352030.0,35203010.0,541714,8731
065944,2025-12-31,ASSERTIO HOLDINGS INC,ASRT,35.0,3520.0,352020.0,35202010.0,325412,2834
065967,2017-12-31,ENVISION HEALTHCARE CORP,EVHC,35.0,3510.0,351020.0,35102015.0,621493,8011
065986,2025-02-28,BLACKBERRY LTD,BB,45.0,4510.0,451030.0,45103020.0,513210,7372
065991,2023-12-31,MANHATTAN SCIENTIFICS INC,MHTX,35.0,3520.0,352010.0,35201010.0,541713,8731
066032,2025-12-31,POWER INTEGRATIONS INC,POWI,45.0,4530.0,453010.0,45301020.0,334413,3674
066060,2012-12-31,ANGIOTECH PHARMACEUTICALS,ANPM,35.0,3510.0,351010.0,35101020.0,339112,3841
066061,2011-12-31,DOLLAR THRIFTY AUTOMOTIVE GP,DTGF,20.0,2030.0,203040.0,20304020.0,532111,7510
066228,2015-04-30,MILLER ENERGY RESOURCES INC,MILLQ,10.0,1010.0,101020.0,10102020.0,211111,1311
066354,2025-12-31,W P CAREY INC,WPC,60.0,6010.0,601010.0,60101010.0,531120,6798
066366,2025-12-31,ROCKWELL MEDICAL INC,RMTI,35.0,3510.0,351010.0,35101020.0,339113,3842
066393,2025-06-30,MERCURY SYSTEMS INC,MRCY,20.0,2010.0,201010.0,20101010.0,334413,3674
066446,2025-12-31,QUANTA SERVICES INC,PWR,20.0,2010.0,201030.0,20103010.0,238210,1731
066515,2011-06-30,CANO PETROLEUM INC,CFW,10.0,1010.0,101020.0,10102020.0,211111,1311
066588,2024-09-30,SURMODICS INC,SRDX,35.0,3510.0,351010.0,35101010.0,533110,6794
066602,2025-12-31,COMPX INTERNATIONAL INC,CIX,20.0,2020.0,202010.0,20201060.0,332510,3420
066683,2014-06-30,CORGENIX MEDICAL CORP,CONX.1,35.0,3510.0,351010.0,35101010.0,325413,2835
066686,2025-12-31,ONESPAN INC,OSPN,45.0,4510.0,451030.0,45103020.0,334290,3669
066697,2025-12-31,INOVIO PHARMACEUTICALS INC,INO,35.0,3520.0,352010.0,35201010.0,325414,2836
066708,2014-12-31,BROADCOM CORP,BRCM,45.0,4530.0,453010.0,45301020.0,334413,3674
066731,2025-12-31,FEDERATED HERMES INC,FHI,40.0,4020.0,402030.0,40203010.0,523940,6282
066871,2025-12-31,HILLMAN SOLUTIONS CORP,HLMN,20.0,2010.0,201060.0,20106020.0,332722,3452
074628,2025-12-31,BETA TECHNOLOGIES INC,BETA,20.0,2010.0,201010.0,20101010.0,336411,3721
100075,2017-12-31,RELX NV,RENX.2,20.0,2020.0,202020.0,20202020.0,511120,2721
100243,2025-06-30,AMCOR PLC,AMCR,15.0,1510.0,151030.0,15103020.0,326112,2670
100245,2025-03-31,ADVANTEST CORP,ATEYY,45.0,4530.0,453010.0,45301010.0,334515,3825
100338,2025-12-31,RELX PLC,RELX,20.0,2020.0,202020.0,20202020.0,513120,2721
100363,2016-12-31,AMEC FOSTER WHEELER PLC,AMEZY.1,10.0,1010.0,101010.0,10101020.0,541330,8711
100418,2023-03-31,EISAI CO LTD,ESAIY,35.0,3520.0,352020.0,35202010.0,325412,2834
100572,2025-12-31,PEARSON PLC,PSO,25.0,2530.0,253020.0,25302010.0,611,8200
100644,2025-07-31,FERGUSON ENTERPRISES INC,FERG,20.0,2010.0,201070.0,20107010.0,423720,5070
100699,2025-03-31,SHARP CORP,SHCAY,25.0,2520.0,252010.0,25201010.0,334310,3651
100718,2025-03-31,TAKEDA PHARMACEUTICAL CO LTD,TAK,35.0,3520.0,352020.0,35202010.0,325412,2834
101204,2025-12-31,SANOFI,SNY,35.0,3520.0,352020.0,35202010.0,325412,2834
101276,2025-12-31,STELLANTIS NV,STLA,25.0,2510.0,251020.0,25102010.0,336110,3711
101310,2025-12-31,NOVARTIS AG,NVS,35.0,3520.0,352020.0,35202010.0,325412,2834
101317,2025-12-31,SMITH & NEPHEW PLC,SNN,35.0,3510.0,351010.0,35101010.0,339113,3842
101352,2014-12-31,ALCATEL-LUCENT,ALU,45.0,4520.0,452010.0,45201020.0,334210,3661
102422,2025-09-30,SAPPI LTD,SPPJY,15.0,1510.0,151050.0,15105020.0,322220,2670
102696,2025-03-31,LOGITECH INTERNATIONAL SA,LOGI,45.0,4520.0,452020.0,45202030.0,334118,3577
103487,2025-12-31,SAP SE,SAP,45.0,4510.0,451030.0,45103010.0,513210,7372
105346,2013-12-31,AMBIENT CORP,AMBTQ,45.0,4520.0,452010.0,45201020.0,517919,4899
105365,2025-12-31,AMERICAN TOWER CORP,AMT,60.0,6010.0,601080.0,60108030.0,531120,6798
105936,2025-12-31,COLUMBIA SPORTSWEAR CO,COLM,25.0,2520.0,252030.0,25203010.0,315,2300
106100,2023-12-31,CYCLO THERAPEUTICS INC,CYTH,35.0,3520.0,352010.0,35201010.0,325414,2836
106418,2018-12-31,FIELDPOINT PETROLEUM CORP,FPPP,10.0,1010.0,101020.0,10102020.0,211120,1311
106574,2019-12-31,AMERINAC HOLDING CORP,PAOS,15.0,1510.0,151040.0,15104020.0,331110,3312
106687,2025-12-31,BROWNIE'S MARINE GROUP INC,BWMG,25.0,2520.0,252020.0,25202010.0,339920,3949
107446,2025-06-30,NETSOL TECHNOLOGIES INC,NTWK,45.0,4510.0,451030.0,45103010.0,513210,7372
107755,2013-12-31,KODIAK OIL & GAS CORP,KOG,10.0,1010.0,101020.0,10102020.0,211111,1311
108345,2025-06-30,MARYGOLD COMPANIES INC (THE),MGLD,40.0,4020.0,402030.0,40203010.0,523940,6282
108645,2019-12-31,ULTRA PETROLEUM CORP,UPLCQ,10.0,1010.0,101020.0,10102020.0,211130,1311
108693,2025-12-31,JONES SODA CO,JSDA,30.0,3020.0,302010.0,30201030.0,312111,2086
108831,2025-12-31,WESTPORT FUEL SYSTEMS INC,WPRT,20.0,2010.0,201060.0,20106010.0,336310,3714
110039,2025-12-31,AMKOR TECHNOLOGY INC,AMKR,45.0,4530.0,453010.0,45301010.0,334413,3674
110179,2025-12-31,VENTAS INC,VTR,60.0,6010.0,601050.0,60105010.0,531110,6798
110382,2016-12-31,EQUITY ONE INC,EQY,60.0,6010.0,601010.0,60101070.0,531120,6798
110685,2018-12-31,L3 TECHNOLOGIES INC,LLL.1,20.0,2010.0,201010.0,20101010.0,334511,3812
110728,2025-12-31,INTERPACE BIOSCIENCES INC,IDXG,35.0,3510.0,351020.0,35102015.0,621511,8071
110802,2025-12-31,AVALON HOLDINGS CORP,AWX,20.0,2020.0,202010.0,20201050.0,562112,4955
111103,2025-09-30,MARINEMAX INC,HZO,25.0,2550.0,255040.0,25504040.0,441222,5500
111873,2025-01-31,RH,RH,25.0,2550.0,255040.0,25504060.0,449110,5712
111880,2025-09-30,AMDOCS,DOX,45.0,4510.0,451020.0,45102010.0,5415,7370
112034,2016-12-31,LMI AEROSPACE INC,LMIA,20.0,2010.0,201010.0,20101010.0,336413,3728
112095,2012-06-30,MIPS TECHNOLOGIES INC,MIPS,45.0,4530.0,453010.0,45301020.0,533110,6794
112158,2025-12-31,CELESTICA INC,CLS,45.0,4520.0,452030.0,45203020.0,334413,3674
112754,2014-12-31,DYAX CORP,DYAX,35.0,3520.0,352010.0,35201010.0,325414,2836
112759,2025-12-31,CENTRUS ENERGY CORP,LEU,10.0,1010.0,101020.0,10102050.0,325180,2810
112774,2017-12-31,ECHELON CORP,ELON.1,45.0,4520.0,452030.0,45203020.0,334210,3576
112876,2025-12-31,ENTERPRISE PRODCT PARTNRS LP,EPD,10.0,1010.0,101020.0,10102040.0,211120,1311
112968,2025-12-31,MANNATECH INC,MTEX,30.0,3030.0,303020.0,30302010.0,325412,2834
113139,2010-12-31,CONVERSION SERVICES INTL INC,CVNSQ,45.0,4510.0,451020.0,45102010.0,518210,7374
113362,2013-12-31,DIGITAL RIVER INC,DRIV.1,45.0,4510.0,451010.0,45101010.0,423430,5045
113419,2017-12-31,CONVERGYS CORP,CVG,45.0,4510.0,451020.0,45102020.0,561499,7389
113490,2025-12-31,CROWN CASTLE INC,CCI,60.0,6010.0,601080.0,60108030.0,531190,6798
113530,2015-12-31,LIME ENERGY CO,LIME,20.0,2010.0,201040.0,20104010.0,541330,8711
114203,2025-09-30,CEMTREX INC,CETX,45.0,4520.0,452030.0,45203010.0,334519,3829
114209,2023-12-31,FLEXPOINT SENSOR SYSTEMS INC,FLXT,45.0,4520.0,452030.0,45203015.0,334419,3679
114484,2013-12-31,LEAP WIRELESS INTL INC,LEAP.5,50.0,5010.0,501020.0,50102010.0,517210,4812
114524,2025-12-31,EBAY INC,EBAY,25.0,2550.0,255030.0,25503030.0,455219,5961
114628,2025-12-31,GOLDMAN SACHS GROUP INC,GS,40.0,4020.0,402030.0,40203020.0,523150,6211
115044,2025-12-31,ALGONQUIN POWER & UTIL CORP,AQN,55.0,5510.0,551030.0,55103010.0,2211,4991
115831,2025-12-31,NETWORK-1 TECHNOLOGIES INC,NTIP,45.0,4520.0,452010.0,45201020.0,533110,6794
116029,2025-12-31,PLAINS ALL AMER PIPELNE  -LP,PAA,10.0,1010.0,101020.0,10102040.0,424710,5171
116166,2025-06-30,REPOSITRAK INC,TRAK,45.0,4510.0,451030.0,45103010.0,518210,7370
116772,2022-12-31,AVANTAX INC,AVTA,40.0,4020.0,402030.0,40203010.0,523120,6211
117115,2012-03-31,US DATAWORKS INC,UDWKQ,45.0,4510.0,451010.0,45101010.0,519130,7370
117116,2025-06-30,KAZIA THERAPEUTICS LIMITED,KZIA,35.0,3520.0,352010.0,35201010.0,325412,2834
117142,2010-12-31,ORTHOVITA INC,VITA.1,35.0,3510.0,351010.0,35101010.0,339112,3841
117768,2025-01-31,NVIDIA CORP,NVDA,45.0,4530.0,453010.0,45301020.0,334413,3674
117829,2025-12-31,AURINIA PHARMACEUTICALS INC,AUPH,35.0,3520.0,352010.0,35201010.0,325414,2836
117861,2025-12-31,DAUCH CORP,DCH,25.0,2510.0,251010.0,25101010.0,336350,3714
117903,2011-12-31,EDELMAN FINANCIAL GROUP INC,EF,40.0,4020.0,402030.0,40203010.0,523930,6282
118081,2016-12-31,ALBANY MOLECULAR RESH INC,AMRI,35.0,3520.0,352030.0,35203010.0,325411,2833
118122,2025-12-31,APTIV PLC,APTV,25.0,2510.0,251010.0,25101010.0,336320,3714
118795,2014-12-31,QUICKSILVER RESOURCES INC,KWKAQ,10.0,1010.0,101020.0,10102020.0,211111,1311
118941,2025-12-31,NEXTPLAT CORP,NXPL,50.0,5010.0,501010.0,50101010.0,456110,5961
119173,2021-12-31,AUTOWEB INC,AUTO,50.0,5020.0,502030.0,50203010.0,519130,7370
119275,2025-12-31,MKS INC,MKSI,45.0,4530.0,453010.0,45301010.0,334513,3823
119314,2025-12-31,BOOKING HOLDINGS INC,BKNG,25.0,2530.0,253010.0,25301020.0,561510,4700
119316,2025-12-31,TREX CO INC,TREX,20.0,2010.0,201020.0,20102010.0,321219,2400
119493,2013-12-31,PLX TECHNOLOGY INC,PLXT,45.0,4530.0,453010.0,45301020.0,334413,3674
119574,2025-06-30,EXTREME NETWORKS INC,EXTR,45.0,4520.0,452010.0,45201020.0,334210,3576
119617,2017-03-31,APOLLO MEDICAL HLDG INC-OLD,7687B,35.0,3510.0,351020.0,35102015.0,621999,8090
120093,2025-12-31,CNX RESOURCES CORP,CNX,10.0,1010.0,101020.0,10102020.0,2111,1311
120334,2021-12-31,SIERRA WIRELESS INC,SWIR,45.0,4520.0,452010.0,45201020.0,334220,3663
120359,2013-12-31,TW TELECOM INC,TWTC,50.0,5010.0,501010.0,50101010.0,517110,4813
120458,2016-12-31,BANKRATE INC,RATE.1,45.0,4510.0,451010.0,45101010.0,519130,7370
120774,2016-10-31,BROCADE COMMUNICATIONS SYS,BRCD,45.0,4520.0,452010.0,45201020.0,334118,3576
120794,2020-12-31,TC PIPELINES LP,TCP,10.0,1010.0,101020.0,10102040.0,486210,6799
120816,2011-12-31,EDGAR ONLINE INC,EDGR,45.0,4510.0,451010.0,45101010.0,517919,7370
120820,2025-08-31,NUVEEN CA QLTY MU INCM FD,NAC,,,,,525990,6726
120877,2016-12-31,REYNOLDS AMERICAN INC,RAI,30.0,3020.0,302030.0,30203010.0,312230,2111
121077,2025-09-30,F5 INC,FFIV,45.0,4520.0,452010.0,45201020.0,541512,7373
121142,2024-12-31,SKECHERS U S A INC,SKX,25.0,2520.0,252030.0,25203020.0,31621,3140
121153,2012-04-30,DITECH NETWORKS INC,DITC,45.0,4520.0,452010.0,45201020.0,334220,3663
121257,2025-06-30,GREAT ELM GROUP INC,GEG,40.0,4020.0,402030.0,40203010.0,523910,6799
121382,2025-12-31,SBA COMMUNICATIONS CORP,SBAC,60.0,6010.0,601080.0,60108030.0,531190,6798
121440,2025-12-31,UNITED THERAPEUTICS CORP,UTHR,35.0,3520.0,352010.0,35201010.0,325412,2834
121713,2025-12-31,FINANCIAL INSTITUTIONS INC,FISI,40.0,4010.0,401010.0,40101015.0,522110,6020
121718,2024-12-31,JUNIPER NETWORKS INC,JNPR,45.0,4520.0,452010.0,45201020.0,334118,3576
121759,2025-03-31,POWERFLEET INC,AIOT,45.0,4520.0,452030.0,45203010.0,518210,7370
121815,2025-12-31,ENCORE CAPITAL GROUP INC,ECPG,40.0,4020.0,402020.0,40202010.0,522299,6153
122197,2023-02-28,DAYBREAK OIL & GAS INC,DBRM,10.0,1010.0,101020.0,10102020.0,211120,1311
122211,2025-01-31,HOOKER FURNISHINGS CORP,HOFT,25.0,2520.0,252010.0,25201020.0,33712,2510
122257,2025-12-31,BIOMARIN PHARMACEUTICAL INC,BMRN,35.0,3520.0,352010.0,35201010.0,325414,2836
122266,2015-12-31,THOMPSON CREEK METALS CO INC,TCPTF,15.0,1510.0,151040.0,15104020.0,212299,1000
122536,2017-12-31,ACTUA CORP,ACTA,45.0,4510.0,451010.0,45101010.0,999990,9995
122678,2011-12-31,ROCKFORD CORP,ROFO,25.0,2520.0,252010.0,25201010.0,334310,3651
122841,2019-02-28,RED HAT INC,RHT,45.0,4510.0,451030.0,45103020.0,511210,7372
122902,2025-03-31,NETSCOUT SYSTEMS INC,NTCT,45.0,4520.0,452010.0,45201020.0,541512,7373
122915,2025-12-31,ALLIANCE RESOURCE PTNRS  -LP,ARLP,10.0,1010.0,101020.0,10102050.0,212115,1220
122916,2022-12-31,REGENETP INC,RGTPQ,35.0,3520.0,352010.0,35201010.0,325414,2836
123016,2015-12-31,LIONBRIDGE TECHNOLOGIES INC,LIOX,45.0,4510.0,451020.0,45102010.0,511210,7372
124036,2025-06-30,EGAIN CORP,EGAN,45.0,4510.0,451030.0,45103010.0,513210,7372
124046,2025-12-31,DIVERSIFIED HEALTHCARE TRUST,DHC,60.0,6010.0,601050.0,60105010.0,531110,6798
124049,2010-01-31,TRINTECH GROUP PLC,TTPA,45.0,4510.0,451030.0,45103010.0,511210,7372
124394,2016-01-31,TIVO INC,TIVO.1,45.0,4510.0,451030.0,45103010.0,517110,4841
124434,2025-12-31,BLACKROCK INC,BLK,40.0,4020.0,402030.0,40203010.0,523940,6282
124617,2024-12-31,ULTRAPAR PARTICIPACOES SA,UGP,25.0,2550.0,255040.0,25504050.0,424720,5172
125274,2022-12-31,BSQUARE CORP,BSQR,45.0,4510.0,451030.0,45103010.0,423430,5045
125360,2016-07-31,SYCAMORE NETWORKS INC,SCMR,45.0,4520.0,452010.0,45201020.0,999990,9995
125595,2025-12-31,AKAMAI TECHNOLOGIES INC,AKAM,45.0,4510.0,451020.0,45102030.0,519290,7370
125601,2025-12-31,GAIA INC,GAIA,50.0,5020.0,502020.0,50202010.0,519290,7370
125604,2025-12-31,PLUG POWER INC,PLUG,20.0,2010.0,201040.0,20104010.0,334413,3674
126020,2025-12-31,INTELLICHECK INC,IDN,45.0,4510.0,451030.0,45103010.0,518210,7370
126056,2025-12-31,KRATOS DEFENSE & SECURITY,KTOS,20.0,2010.0,201010.0,20101010.0,541512,7370
126136,2025-12-31,CHARTER COMMUNICATIONS INC,CHTR,50.0,5020.0,502010.0,50201030.0,516210,4841
126296,2025-12-31,EXPEDIA GROUP INC,EXPE,25.0,2530.0,253010.0,25301020.0,561510,4700
126318,2025-04-30,IMMERSION CORP,IMMR,45.0,4520.0,452020.0,45202030.0,459210,5940
126417,2019-04-30,FINISAR CORP,FNSR,45.0,4520.0,452010.0,45201020.0,333316,3577
126423,2025-12-31,ONTO INNOVATION INC,ONTO,45.0,4530.0,453010.0,45301010.0,334513,3823
126434,2013-12-31,RAINMAKER SYSTEMS INC,VCTL,45.0,4510.0,451020.0,45102030.0,519130,7370
127094,2017-12-31,XO GROUP INC,XOXO,50.0,5020.0,502030.0,50203010.0,517110,7370
127234,2010-12-31,CELERA CORP,CRA,35.0,3520.0,352010.0,35201010.0,541711,8731
128978,2025-12-31,PACKAGING CORP OF AMERICA,PKG,15.0,1510.0,151030.0,15103020.0,322211,2650
129466,2025-12-31,AGENUS INC,AGEN,35.0,3520.0,352010.0,35201010.0,325412,2834
129469,2013-07-31,EON COMMUNICATIONS CORP,EONC,45.0,4520.0,452010.0,45201020.0,517911,4899
130762,2016-12-31,INTERSIL CORP  -CL A,ISIL,45.0,4530.0,453010.0,45301020.0,334413,3674
132518,2012-12-31,ASIAINFO-LINKAGE INC,ASIA.1,45.0,4510.0,451030.0,45103010.0,511210,7372
132758,2011-12-31,RADVISION LTD,RVSN.1,45.0,4510.0,451010.0,45101010.0,511210,7372
133104,2024-12-31,KT CORPORATION,KT,50.0,5010.0,501010.0,50101020.0,517111,4813
133288,2025-12-31,SILICON LABORATORIES INC,SLAB,45.0,4530.0,453010.0,45301020.0,334413,3674
133304,2012-12-31,ALVARION LTD,ALVRQ,45.0,4520.0,452010.0,45201020.0,334418,3661
133346,2014-12-31,VIASYSTEMS GROUP INC,VIAS,45.0,4520.0,452030.0,45203020.0,334412,3672
133367,2025-09-30,EDGEWELL PERSONAL CARE CO,EPC,30.0,3030.0,303020.0,30302010.0,332215,3420
133432,2012-12-31,WEBSENSE INC,WBSN,45.0,4510.0,451030.0,45103020.0,511210,7372
133468,2025-12-31,RIGEL PHARMACEUTICALS INC,RIGL,35.0,3520.0,352010.0,35201010.0,325412,2834
133504,2020-12-31,LUMINEX CORP,LMNX.1,35.0,3520.0,352030.0,35203010.0,325413,2835
133547,2013-12-31,CONVERSANT INC,CNVR,45.0,4510.0,451010.0,45101010.0,519130,7370
133724,2010-12-31,ADOLOR CORP,ADLR,35.0,3520.0,352020.0,35202010.0,325412,2834
133726,2021-09-30,CMC MATERIALS INC,CCMP,45.0,4530.0,453010.0,45301010.0,325998,2890
133766,2025-12-31,HEALTHSTREAM INC,HSTM,35.0,3510.0,351030.0,35103010.0,513210,7372
133767,2025-12-31,KRISPY KREME INC,DNUT,25.0,2530.0,253010.0,25301040.0,722515,5400
133768,2025-12-31,METLIFE INC,MET,40.0,4030.0,403010.0,40301020.0,524113,6311
133825,2020-12-31,SUPPORT.COM INC,SPRT,45.0,4510.0,451030.0,45103010.0,518210,7370
133868,2025-12-31,LEXICON PHARMACEUTICALS INC,LXRX,35.0,3520.0,352020.0,35202010.0,325413,2835
133871,2025-12-31,SANGAMO THERAPEUTICS INC,SGMO,35.0,3520.0,352010.0,35201010.0,325414,2836
133885,2025-12-31,EXELIXIS INC,EXEL,35.0,3520.0,352010.0,35201010.0,325414,2836
133944,2018-06-30,OCLARO INC,OCLR,45.0,4520.0,452010.0,45201020.0,334413,3674
133945,2011-12-31,DDI CORP,DDIC,45.0,4520.0,452030.0,45203020.0,334412,3672
134044,2019-12-31,SINA CORP,SINA,50.0,5020.0,502030.0,50203010.0,519130,7370
134384,2012-12-31,STEC INC,STEC.1,45.0,4520.0,452020.0,45202020.0,334112,3572
134932,2025-12-31,ON SEMICONDUCTOR CORP,ON,45.0,4530.0,453010.0,45301020.0,334413,3674
135044,2025-12-31,PIXELWORKS INC,PXLW,45.0,4530.0,453010.0,45301020.0,334413,3674
135788,2025-12-31,CEVA INC,CEVA,45.0,4530.0,453010.0,45301020.0,533110,6794
135844,2025-09-30,INNOVATIVE SOLTNS & SUPP INC,ISSC,20.0,2010.0,201010.0,20101010.0,334118,3575
135965,2025-12-31,RIBBON COMMUNICATIONS INC,RBBN,45.0,4520.0,452010.0,45201020.0,541512,7373
135990,2025-12-31,NRG ENERGY INC,NRG,55.0,5510.0,551010.0,55101010.0,22111,4911
136648,2025-12-31,VISTEON CORP,VC,25.0,2510.0,251010.0,25101010.0,336320,3714
136725,2025-12-31,INTUITIVE SURGICAL INC,ISRG,35.0,3510.0,351010.0,35101010.0,334510,3845
136804,2015-12-31,CEPHEID INC,CPHD,35.0,3520.0,352010.0,35201010.0,334516,3826
136884,2013-12-31,DENDREON CORP,DNDNQ,35.0,3520.0,352010.0,35201010.0,325414,2836
137024,2020-12-31,BASIC ENERGY SERVICES INC,BASXQ,10.0,1010.0,101010.0,10101020.0,213112,1389
137066,2019-12-31,CHINA UNICOM (HONG KONG) LTD,CHU,50.0,5010.0,501010.0,50101020.0,517312,4812
137310,2025-01-31,MARVELL TECHNOLOGY INC,MRVL,45.0,4530.0,453010.0,45301020.0,334413,3674
137435,2025-12-31,NETEASE INC,NTES,50.0,5020.0,502020.0,50202020.0,513210,7372
137573,2025-12-31,ENTEGRIS INC,ENTG,45.0,4530.0,453010.0,45301010.0,333242,3559
137602,2025-12-31,AXCELIS TECHNOLOGIES INC,ACLS,45.0,4530.0,453010.0,45301010.0,333242,3559
137609,2022-12-31,MAXAR TECHNOLOGIES INC,MAXR,20.0,2010.0,201010.0,20101010.0,334220,3663
137641,2011-09-30,NETWORK ENGINES INC,NEI,45.0,4520.0,452010.0,45201020.0,541512,7373
137642,2025-12-31,FILANA THERAPEUTICS INC,FLNA,35.0,3520.0,352020.0,35202010.0,325412,2834
137943,2025-12-31,ENTRAVISION COMMUNICATIONS,EVC,50.0,5020.0,502010.0,50201020.0,5418,7310
138122,2021-12-31,ARENA PHARMACEUTICALS INC,ARNA,35.0,3520.0,352010.0,35201010.0,325414,2836
138126,2017-12-31,KERYX BIOPHARMACEUTICALS INC,KERX,35.0,3520.0,352010.0,35201010.0,325412,2834
138205,2025-12-31,ILLUMINA INC,ILMN,35.0,3520.0,352030.0,35203010.0,334516,3826
138466,2010-12-31,INSPIRE PHARMACEUTICALS INC,ISPH,35.0,3520.0,352020.0,35202010.0,325412,2834
138467,2025-06-30,LANTRONIX INC,LTRX,45.0,4520.0,452010.0,45201020.0,334210,3576
138501,2025-12-31,CERAGON NETWORKS LTD,CRNT,45.0,4520.0,452010.0,45201020.0,334220,3663
138601,2020-12-31,P10 HOLDINGS INC,PIOE,40.0,4020.0,402030.0,40203010.0,525990,6726
138608,2018-12-31,MEDICINES CO (THE),MDCO,35.0,3520.0,352010.0,35201010.0,325412,2834
138613,2014-12-31,TELECOMMUNICATION SYS INC,TSYS,45.0,4510.0,451030.0,45103020.0,541512,7373
138662,2011-12-31,ISTA PHARMACEUTICALS INC,ISTA,35.0,3520.0,352020.0,35202010.0,325412,2834
138707,2022-12-31,SURGALIGN HOLDINGS INC,SRGAQ,35.0,3510.0,351010.0,35101020.0,339113,3842
138743,2025-12-31,EQUINIX INC,EQIX,60.0,6010.0,601080.0,60108050.0,531190,6798
138781,2025-12-31,COMPUGEN LTD,CGEN,35.0,3520.0,352010.0,35201010.0,325414,2836
138921,2011-12-31,AVISTAR COMMUNICATIONS CORP,AVSR,45.0,4520.0,452010.0,45201020.0,334210,3576
139225,2012-12-31,GASCO ENERGY INC,GSXN,10.0,1010.0,101020.0,10102020.0,211111,1311
139665,2025-12-31,MOODY'S CORP,MCO,40.0,4020.0,402030.0,40203040.0,561450,7323
139804,2025-12-31,TTM TECHNOLOGIES INC,TTMI,45.0,4520.0,452030.0,45203020.0,334412,3672
140023,2025-12-31,DELCATH SYSTEMS INC,DCTH,35.0,3510.0,351010.0,35101010.0,339112,3841
140030,2014-06-30,OPLINK COMMUNICATIONS INC,OPLK,45.0,4520.0,452010.0,45201020.0,334515,3663
140033,2011-12-31,GENON ENERGY INC,GEN.3,55.0,5510.0,551050.0,55105010.0,22111,4911
140042,2025-12-31,ASPIRA WOMENS HEALTH INC,AWHL,35.0,3510.0,351010.0,35101010.0,325413,2835
140044,2024-12-31,DURECT CORP,DRRX,35.0,3520.0,352020.0,35202010.0,325412,2834
140045,2025-12-31,GRUPO AEROPORTUARIO SURESTE,ASR,20.0,2030.0,203050.0,20305010.0,488119,4581
140073,2025-12-31,INTEGER HOLDINGS CORP,ITGR,35.0,3510.0,351010.0,35101010.0,334510,3845
140541,2025-06-30,TAPESTRY INC,TPR,25.0,2520.0,252030.0,25203010.0,316990,3100
140672,2017-12-31,ARALEZ PHARMACEUTICALS INC,ARLZQ,35.0,3520.0,352020.0,35202010.0,325412,2834
140759,2016-12-31,IXIA,XXIA,45.0,4520.0,452010.0,45201020.0,334416,3825
140760,2017-08-31,MONSANTO CO,MON.1,15.0,1510.0,151010.0,15101030.0,111,100
140902,2018-12-31,NII HOLDINGS INC,NIHD,50.0,5010.0,501020.0,50102010.0,517312,4812
140905,2013-12-31,EPL OIL & GAS INC,EPL,10.0,1010.0,101020.0,10102020.0,211111,1311
141197,2018-06-30,ARRAY BIOPHARMA INC,ARRY.1,35.0,3520.0,352010.0,35201010.0,325414,2836
141277,2025-12-31,EXACT SCIENCES CORP,EXAS,35.0,3520.0,352010.0,35201010.0,541714,8731
141278,2020-12-31,MOSYS INC,MOSY,45.0,4530.0,453010.0,45301020.0,334413,3674
141359,2025-05-31,RESOURCES CONNECTION INC,RGP,20.0,2020.0,202020.0,20202020.0,541611,8742
141363,2023-12-31,NUSTAR ENERGY LP,NS,10.0,1010.0,101020.0,10102040.0,486910,4610
141389,2015-12-31,CASCADE MICROTECH INC,CSCD,45.0,4530.0,453010.0,45301010.0,334515,3825
141400,2010-12-31,MASSEY ENERGY CO,MEE,10.0,1010.0,101020.0,10102050.0,212112,1220
141459,2025-12-31,GARMIN LTD,GRMN,25.0,2520.0,252010.0,25201010.0,334511,3812
141460,2022-12-31,SEAGEN INC,SGEN,35.0,3520.0,352010.0,35201010.0,325414,2836
141496,2024-12-31,DYNAVAX TECHNOLOGIES CORP,DVAX,35.0,3520.0,352010.0,35201010.0,325414,2836
141720,2017-12-31,ENERGY TRANSFER PARTNERS -LP,ETP,10.0,1010.0,101020.0,10102040.0,486210,4922
141846,2025-12-31,ACADIA PHARMACEUTICALS INC,ACAD,35.0,3520.0,352010.0,35201010.0,325414,2836
141913,2025-12-31,GLOBAL PAYMENTS INC,GPN,40.0,4020.0,402010.0,40201060.0,518210,7374
141982,2011-12-31,ATP OIL & GAS CORP,ATPAQ,10.0,1010.0,101020.0,10102020.0,211111,1311
142248,2025-12-31,AMERICA MOVIL SAB DE C V,AMX,50.0,5010.0,501020.0,50102010.0,517112,4812
142260,2025-12-31,OIL STATES INTL INC,OIS,10.0,1010.0,101010.0,10101020.0,333132,3533
142337,2025-12-31,NORTHERN OIL & GAS INC,NOG,10.0,1010.0,101020.0,10102020.0,211120,1311
142339,2012-12-31,GMX RESOURCES INC,GMXRQ,10.0,1010.0,101020.0,10102020.0,211111,1311
142460,2025-12-31,PEABODY ENERGY CORP,BTU,10.0,1010.0,101020.0,10102050.0,212114,1220
142540,2021-12-31,CNOOC LTD,CEO,10.0,1010.0,101020.0,10102020.0,211120,1311
142811,2015-12-31,FMC TECHNOLOGIES INC,FTI.1,10.0,1010.0,101010.0,10101020.0,333132,3533
142812,2017-12-31,SENOMYX INC,SNMX,15.0,1510.0,151010.0,15101050.0,311930,2080
142814,2025-06-30,SYNAPTICS INC,SYNA,45.0,4530.0,453010.0,45301020.0,334413,3674
142933,2014-12-31,MOUNTAINVIEW ENERGY LTD,MNVWF,10.0,1010.0,101020.0,10102020.0,211111,1311
143217,2018-06-30,ALLIANCE MEDIA HOLDINGS INC,ADTR,50.0,5020.0,502020.0,50202020.0,511210,7372
143357,2025-08-31,ACCENTURE PLC,ACN,45.0,4510.0,451020.0,45102010.0,541611,8742
143689,2015-12-31,INLAND REAL ESTATE CORP,IRC,40.0,4040.0,404020.0,40402060.0,531120,6798
143710,2022-12-31,WILLIAMS INDUSTRIAL SE G INC,WLMSQ,20.0,2010.0,201030.0,20103010.0,237,1600
143909,2025-12-31,FENNEC PHARMACEUTICALS INC,FENC,35.0,3520.0,352010.0,35201010.0,325414,2836
143974,2025-12-31,BREAD FINANCIAL HOLDINGS INC,BFH,40.0,4020.0,402020.0,40202010.0,522291,6141
144009,2025-12-31,WILLIS TOWERS WATSON PLC,WTW,40.0,4030.0,403010.0,40301010.0,524210,6411
144058,2017-12-31,OURPETS CO,OPCO,25.0,2520.0,252010.0,25201050.0,326199,3089
144066,2018-09-30,ROCKWELL COLLINS,COL,20.0,2010.0,201010.0,20101010.0,336413,3728
144115,2015-12-31,CHIPMOS TECHNOLOGIES LTD,IMOS.1,45.0,4530.0,453010.0,45301020.0,334413,3674
144435,2025-12-31,BUNGE GLOBAL SA,BG,30.0,3020.0,302020.0,30202010.0,311211,2040
144437,2025-12-31,PDF SOLUTIONS INC,PDFS,45.0,4530.0,453010.0,45301010.0,513210,7370
144496,2025-12-31,UBS GROUP AG,UBS,40.0,4020.0,402030.0,40203030.0,523940,6282
144520,2025-12-31,AMN HEALTHCARE SERVICES INC,AMN,35.0,3510.0,351020.0,35102015.0,561320,7363
144559,2025-12-31,ZIMMER BIOMET HOLDINGS INC,ZBH,35.0,3510.0,351010.0,35101010.0,339113,3842
144647,2012-12-31,BOEING CAPITAL CORP,BA2,40.0,4020.0,402010.0,40201040.0,522220,6172
144809,2011-12-31,UNION DRILLING INC,UDRL,10.0,1010.0,101010.0,10101010.0,213111,1381
145046,2025-12-31,ELEVANCE HEALTH INC,ELV,35.0,3510.0,351020.0,35102030.0,524114,6324
145049,2025-01-31,GAMESTOP CORP,GME,25.0,2550.0,255040.0,25504020.0,449210,5734
145350,2025-12-31,CENTERPOINT ENERGY RES CORP,CNP3,55.0,5510.0,551020.0,55102010.0,221210,4923
145552,2025-12-31,CENTENE CORP,CNC,35.0,3510.0,351020.0,35102030.0,524114,6324
145729,2010-12-31,PENN VIRGINIA RES PRTNR -OLD,PVR.1,10.0,1010.0,101020.0,10102050.0,211111,1311
145977,2025-12-31,ADVANCE AUTO PARTS INC,AAP,25.0,2550.0,255040.0,25504050.0,441330,5531
145979,2015-12-31,ACCURIDE CORP,ACW,20.0,2010.0,201060.0,20106010.0,336390,3714
146017,2025-08-31,ACUITY INC,AYI,20.0,2010.0,201040.0,20104010.0,335132,3640
146137,2014-12-31,ENDEAVOUR INTERNATIONAL CORP,ENDRQ,10.0,1010.0,101020.0,10102020.0,211111,1311
146140,2025-12-31,PIEDMONT OFFICE REALTY TRUST,PDM,60.0,6010.0,601040.0,60104010.0,531120,6798
146156,2016-12-31,ALERE INC,ALR.,35.0,3510.0,351010.0,35101020.0,325413,2835
146212,2025-12-31,EL PASO NATURAL GAS CO,EP1,10.0,1010.0,101020.0,10102040.0,486210,4922
146500,2021-12-31,ALERISLIFE INC,ALR,35.0,3510.0,351020.0,35102020.0,623110,8051
147208,2016-12-31,SUNOCO LOGISTICS PARTNERS LP,SXL,10.0,1010.0,101020.0,10102040.0,486110,4610
147303,2024-12-31,GOLF ENTERTAINMENT GROUP INC,GLFE,25.0,2530.0,253010.0,25301030.0,7139,7990
147305,2025-12-31,JETBLUE AIRWAYS CORP,JBLU,20.0,2030.0,203020.0,20302010.0,481111,4512
147398,2025-12-31,TSAKOS ENERGY NAVIGATION LTD,TEN,10.0,1010.0,101020.0,10102040.0,483111,4412
147453,2011-12-31,PINNACLE AIRLINES CORP,PNCLQ,20.0,2030.0,203020.0,20302010.0,481111,4512
147579,2025-12-31,NETFLIX INC,NFLX,50.0,5020.0,502020.0,50202010.0,516210,7841
147638,2017-12-31,REGAL ENTERTAINMENT GROUP,RGC.1,25.0,2540.0,254010.0,25401030.0,512131,7830
147639,2015-12-31,REPUBLIC AIRWAYS HLDGS INC,RJETQ,20.0,2030.0,203020.0,20302010.0,481111,4512
147708,2025-10-31,CALAVO GROWERS INC,CVGW,30.0,3020.0,302020.0,30202030.0,424480,5140
147868,2025-12-31,BED BATH & BEYOND INC,BBBY,25.0,2550.0,255040.0,25504060.0,449110,5961
148219,2021-12-31,BIODELIVERY SCIENCES INTL,BDSI,35.0,3520.0,352020.0,35202010.0,325412,2834
148221,2010-12-31,GRAHAM PACKAGING CO INC,GRM,15.0,1510.0,151030.0,15103010.0,326199,3089
148313,2014-12-31,QUALITY DISTRIBUTION INC,QLTY.1,20.0,2030.0,203040.0,20304020.0,484230,4213
148328,2013-12-31,STANADYNE CORP,0118A,20.0,2010.0,201060.0,20106020.0,336310,3714
148350,2022-12-31,TRAVELCENTERS OF AMERICA INC,TA,25.0,2550.0,255040.0,25504050.0,457110,5500
148390,2025-12-31,FORMFACTOR INC,FORM,45.0,4530.0,453010.0,45301010.0,334515,3825
148396,2025-12-31,XTI AEROSPACE INC,XTIA,45.0,4510.0,451020.0,45102010.0,336411,3721
148410,2015-03-31,LEAPFROG ENTERPRISES INC,LF,25.0,2520.0,252020.0,25202010.0,339930,3944
148470,2025-12-31,RED ROBIN GOURMET BURGERS,RRGB,25.0,2530.0,253010.0,25301040.0,722511,5812
148950,2025-12-31,ENPRO INC,NPO,20.0,2010.0,201060.0,20106020.0,339991,3050
149268,2014-12-31,FREEPORT MCMRN OIL&GAS -REDH,FMOG,10.0,1010.0,101020.0,10102020.0,211111,1311
149318,2025-12-31,WYNN RESORTS LTD,WYNN,25.0,2530.0,253010.0,25301010.0,721120,7990
149337,2025-12-31,NASDAQ INC,NDAQ,40.0,4020.0,402030.0,40203040.0,523210,6200
149477,2014-12-31,QUANTUM FUEL SYS TECH WORLDW,QTWWQ,25.0,2510.0,251010.0,25101010.0,336310,3714
149620,2013-12-31,AMREIT INC,AMRE,40.0,4040.0,404020.0,40402060.0,531120,6798
149683,2025-12-31,CHINA AUTOMOTIVE SYSTEMS INC,CAAS,25.0,2510.0,251010.0,25101010.0,336330,3714
149721,2025-12-31,TRAVELZOO,TZOO,50.0,5020.0,502030.0,50203010.0,519290,7370
149738,2020-12-31,CIT GROUP INC,CIT,40.0,4010.0,401010.0,40101015.0,522110,6020
149998,2013-06-30,QUICK-MED TECHNOLOGIES INC,QMDT,35.0,3520.0,352030.0,35203010.0,325414,2836
150139,2025-01-31,DICKS SPORTING GOODS INC,DKS,25.0,2550.0,255040.0,25504040.0,459110,5940
150258,2022-12-31,HORNBECK OFFSHORE SVCS -REDH,HOS,10.0,1010.0,101010.0,10101020.0,488390,4400
150277,2018-12-31,ENLINK MIDSTREAM PARTNERS LP,ENLK,10.0,1010.0,101020.0,10102030.0,221210,4923
150278,2025-12-31,CARTER'S INC,CRI,25.0,2520.0,252030.0,25203010.0,315,2300
150477,2025-12-31,PRA GROUP INC,PRAA,40.0,4020.0,402020.0,40202010.0,522299,6153
150562,2025-12-31,NATURAL GAS SERVICES GROUP,NGS,10.0,1010.0,101010.0,10101020.0,532412,7359
150681,2014-12-31,OCATA THERAPEUTICS INC,OCAT,35.0,3520.0,352010.0,35201010.0,325414,2836
150699,2020-12-31,CIMAREX ENERGY CO,XEC,10.0,1010.0,101020.0,10102020.0,2111,1311
150837,2025-12-31,NATURAL RESOURCE PARTNERS LP,NRP,10.0,1010.0,101020.0,10102050.0,523910,6795
150937,2025-06-30,SEAGATE TECHNOLOGY HOLDINGS,STX,45.0,4520.0,452020.0,45202030.0,334112,3572
151161,2012-09-30,OVERHILL FARMS INC,OFI,30.0,3020.0,302020.0,30202030.0,311412,2030
151403,2012-12-31,MPG OFFICE TRUST INC,MPG.3,40.0,4040.0,404020.0,40402040.0,531120,6798
151576,2014-05-31,NUVEEN MA AMT-FREE MUNI INCM,NGX,,,,,525990,6726
151630,2025-12-31,HALOZYME THERAPEUTICS INC,HALO,35.0,3520.0,352010.0,35201010.0,325414,2836
151632,2015-12-31,WARREN RESOURCES INC,WRESQ,10.0,1010.0,101020.0,10102020.0,211111,1311
152149,2025-12-31,MOLINA HEALTHCARE INC,MOH,35.0,3510.0,351020.0,35102030.0,524114,6324
152809,2012-12-31,MOD-PAC CORP,MPAC.2,15.0,1510.0,151030.0,15103020.0,322130,2631
152909,2025-04-30,ALLSPRING INCOME OPPTNY FUND,EAD,,,,,525990,6726
153668,2012-12-31,VIRGIN MEDIA INC,VMED,25.0,2540.0,254010.0,25401025.0,515210,4841
154039,2025-12-31,NETGEAR INC,NTGR,45.0,4520.0,452010.0,45201020.0,334210,3661
154357,2020-12-31,QEP RESOURCES INC,QEP,10.0,1010.0,101020.0,10102020.0,2111,1311
154434,2013-09-30,MINDSPEED TECHNOLOGIES INC,MSPD,45.0,4530.0,453010.0,45301020.0,334413,3674
154605,2025-12-31,ORAGENICS INC,OGEN,35.0,3520.0,352010.0,35201010.0,325414,2836
154739,2025-12-31,GLADSTONE COMMERCIAL CORP,GOOD,60.0,6010.0,601010.0,60101010.0,531120,6798
155133,2010-06-30,K-SEA TRANSPORTATION  -LP,KSP,10.0,1010.0,101020.0,10102040.0,483,4400
155280,2024-12-31,AIR TRANSPORT SERVICES GROUP,ATSG,20.0,2030.0,203010.0,20301010.0,481112,4512
155393,2021-12-31,WHITING PETROLEUM CORP,WLL,10.0,1010.0,101020.0,10102020.0,211120,1311
155458,2011-12-31,GRANITE REAL ESTATE INVEST,GRTUF,60.0,6010.0,601025.0,60102510.0,531120,6798
155616,2025-03-31,CINEVERSE CORP,CNVS,50.0,5020.0,502020.0,50202010.0,512120,7822
155969,2025-12-31,CENTERPOINT ENRG HOUSTON ELE,CNP6,55.0,5510.0,551010.0,55101010.0,2211,4911
155970,2025-12-31,ONCOR ELECTRIC DELIVERY CO,TXU3,55.0,5510.0,551010.0,55101010.0,22112,4911
156153,2025-12-31,ADEIA INC,ADEA,45.0,4510.0,451030.0,45103020.0,513210,7372
156155,2025-11-30,TD SYNNEX CORP,SNX,45.0,4520.0,452030.0,45203030.0,423430,5045
156614,2024-01-31,CONN'S INC,CONNQ,25.0,2550.0,255040.0,25504020.0,449210,5731
156617,2023-12-31,ACORDA THERAPEUTICS INC,ACORQ,35.0,3520.0,352010.0,35201010.0,325414,2836
156857,2018-12-31,GTX INC,GTXI,35.0,3520.0,352010.0,35201010.0,325412,2834
156861,2025-12-31,SOMNIGROUP INTERNATIONAL INC,SGI,25.0,2520.0,252010.0,25201020.0,337910,2510
157057,2025-12-31,ASSURANT INC,AIZ,40.0,4030.0,403010.0,40301040.0,524126,6351
157074,2013-12-31,CROSSTEX ENERGY INC,XTXI,10.0,1010.0,101020.0,10102040.0,211111,1311
157218,2016-12-31,BUFFALO WILD WINGS INC,BWLD,25.0,2530.0,253010.0,25301040.0,722511,5812
157373,2025-12-31,VISTRA CORP,VST,55.0,5510.0,551050.0,55105010.0,2211,4911
157415,2014-12-31,TRW AUTOMOTIVE HOLDINGS CORP,TRW,25.0,2510.0,251010.0,25101010.0,336340,3714
157493,2012-12-31,CAPLEASE INC,LSE.1,40.0,4040.0,404020.0,40402010.0,531120,6798
157635,2010-12-31,ATHEROS COMMUNICATIONS INC,ATHR.1,45.0,4530.0,453010.0,45301020.0,334413,3674
157679,2022-12-31,SPIRIT REALTY CAPITAL INC,SRC,60.0,6010.0,601070.0,60107010.0,531120,6798
157755,2025-12-31,MARCHEX INC,MCHX,50.0,5020.0,502010.0,50201010.0,541890,7389
157855,2025-01-31,SALESFORCE INC,CRM,45.0,4510.0,451030.0,45103010.0,513210,7372
157862,2017-12-31,INTERSECTIONS INC,INTX,20.0,2020.0,202010.0,20201070.0,561450,7323
157954,2012-12-31,SANTARUS INC,SNTS,35.0,3520.0,352020.0,35202010.0,325412,2834
158563,2025-12-31,CYTOKINETICS INC,CYTK,35.0,3520.0,352010.0,35201010.0,325412,2834
158743,2025-12-31,B&G FOODS INC,BGS,30.0,3020.0,302020.0,30202030.0,311,2000
158791,2014-12-31,PROCERA NETWORKS INC,PKT,45.0,4520.0,452010.0,45201020.0,334210,3576
159194,2014-12-31,OSAGE EXPLORATION AND DEV,OEDVQ,10.0,1010.0,101020.0,10102020.0,211111,1311
160173,2025-12-31,ARBOR REALTY TRUST INC,ABR,40.0,4020.0,402040.0,40204010.0,525990,6798
160183,2014-12-31,LIFE TIME FITNESS INC,LTM.2,25.0,2530.0,253010.0,25301030.0,713940,7997
160207,2021-12-31,STONEMOR INC,STON,25.0,2530.0,253020.0,25302020.0,812220,6531
160213,2025-03-31,GSI TECHNOLOGY INC,GSIT,45.0,4530.0,453010.0,45301020.0,334413,3674
160214,2021-12-31,SARATOGA RESOURCES INC,SARA,10.0,1010.0,101020.0,10102020.0,2111,1311
160216,2015-12-31,MULTI-FINELINE ELECTRON INC,MFLX.,45.0,4520.0,452030.0,45203020.0,334412,3672
160225,2025-12-31,MASTERCARD INC,MA,40.0,4020.0,402010.0,40201060.0,522320,7389
160232,2011-12-31,NETLOGIC MICROSYSTEMS INC,NETL.1,45.0,4530.0,453010.0,45301020.0,334413,3674
160255,2014-12-31,HOSPIRA INC,HSP,35.0,3520.0,352020.0,35202010.0,325412,2834
160256,2012-12-31,METROPCS COMMUNICATIONS INC,PCS.2,50.0,5010.0,501020.0,50102010.0,517212,4812
160272,2013-12-31,AUXILIUM PHARMA INC,AUXL,35.0,3520.0,352020.0,35202010.0,325412,2834
160288,2025-12-31,LAZARD GLOBAL TOTAL RET INCM,LGI,,,,,525990,6726
160329,2025-12-31,ALPHABET INC,GOOGL,50.0,5020.0,502030.0,50203010.0,518210,7370
160340,2025-12-31,MANNKIND CORP,MNKD,35.0,3520.0,352010.0,35201010.0,325414,2836
160341,2025-12-31,W&T OFFSHORE INC,WTI,10.0,1010.0,101020.0,10102020.0,211120,1311
160367,2025-12-31,CAREVIEW COMMUNICATIONS INC,CRVW,35.0,3510.0,351030.0,35103010.0,513210,7372
160375,2025-12-31,STEREOTAXIS INC,STXS,35.0,3510.0,351010.0,35101010.0,334510,3845
160378,2017-12-31,GRAMERCY PROPERTY TRUST,GPT.3,60.0,6010.0,601010.0,60101020.0,531120,6798
160474,2014-12-31,METALICO INC,MEA,20.0,2020.0,202010.0,20201050.0,331492,3341
160479,2025-12-31,EXTRA SPACE STORAGE INC,EXR,60.0,6010.0,601080.0,60108020.0,531130,6798
160570,2025-12-31,COMMERCIAL VEHICLE GROUP INC,CVGI,20.0,2010.0,201060.0,20106010.0,336390,3714
160578,2018-09-30,OHR PHARMACEUTICAL INC,OHRP,35.0,3520.0,352010.0,35201010.0,325412,2834
160580,2011-12-31,TPC GROUP INC,TPCG,15.0,1510.0,151010.0,15101010.0,325110,2860
160598,2024-12-31,BEACON ROOFING SUPPLY INC,BECN,20.0,2010.0,201070.0,20107010.0,423330,5030
160600,2013-12-31,SYMMETRY MEDICAL INC,SMA.2,35.0,3510.0,351010.0,35101010.0,339113,3842
160621,2025-12-31,SFL CORP LTD,SFL,10.0,1010.0,101020.0,10102040.0,483111,4412
160629,2013-11-30,XYRATEX LTD,XRTX.1,45.0,4520.0,452020.0,45202030.0,334112,3572
160631,2015-12-31,KONGZHONG CORP -ADR,KZ,45.0,4510.0,451030.0,45103010.0,511210,7372
160661,2014-12-31,POLYPORE INTERNATIONAL INC,PPO,20.0,2010.0,201040.0,20104010.0,339999,3990
160668,2025-12-31,INNOVIVA INC,INVA,35.0,3520.0,352020.0,35202010.0,325414,2836
160739,2025-12-31,LG DISPLAY CO LTD,LPL,45.0,4520.0,452030.0,45203015.0,334419,3679
160770,2022-12-31,MIRATI THERAPEUTICS INC,MRTX,35.0,3520.0,352010.0,35201010.0,325414,2836
160776,2022-12-31,SIGNATURE BANK/NY,SBNY,40.0,4010.0,401010.0,40101015.0,522110,6020
160779,2025-12-31,CENTERRA GOLD INC,CGAU,15.0,1510.0,151040.0,15104030.0,212220,1040
160797,2014-12-31,IKANOS COMMUNICATIONS INC,IKAN,45.0,4530.0,453010.0,45301020.0,334413,3674
160798,2014-12-31,LOCAL CORP,LOCM,50.0,5020.0,502030.0,50203010.0,519130,7370
160809,2025-12-31,BIO GREEN MED SOLUTION INC,BGMS,35.0,3520.0,352010.0,35201010.0,325414,2836
160838,2012-12-31,JAMES RIVER COAL CO,JRCCQ,10.0,1010.0,101020.0,10102050.0,212112,1220
160902,2016-12-31,SYNERON MEDICAL LTD,ELOS,35.0,3510.0,351010.0,35101010.0,334510,3845
160912,2015-12-31,DREAMWORKS ANIMATION SKG INC,DWA,25.0,2540.0,254010.0,25401030.0,512110,7812
160913,2025-12-31,ORMAT TECHNOLOGIES INC,ORA,55.0,5510.0,551050.0,55105020.0,2211,4911
160990,2025-12-31,CUBESMART,CUBE,60.0,6010.0,601080.0,60108020.0,531130,6798
160991,2025-12-31,DIGITAL REALTY TRUST INC,DLR,60.0,6010.0,601080.0,60108050.0,531120,6798
161000,2016-12-31,KKR FINANCIAL HOLDINGS LLC,9470B,40.0,4020.0,402010.0,40201040.0,523999,6799
161013,2014-12-31,BIOMED REALTY TRUST INC,BMR.1,40.0,4040.0,404020.0,40402040.0,531120,6798
161036,2016-01-31,MATTRESS FIRM HOLDING CORP,MFRM.1,25.0,2550.0,255040.0,25504060.0,442110,5712
161056,2011-12-31,GREAT WOLF RESORTS INC,WOLF.1,25.0,2530.0,253010.0,25301020.0,721110,7011
161067,2011-12-31,ADVANCE AMER CASH ADVANCE CT,AEA,40.0,4020.0,402020.0,40202010.0,522291,6141
161069,2025-12-31,WRIGHT INVESTORS SERVICE,IWSH,40.0,4020.0,402030.0,40203010.0,999990,9995
161813,2025-12-31,BLUELINX HOLDINGS INC,BXC,20.0,2010.0,201070.0,20107010.0,423310,5031
161977,2014-12-31,CENTRAL ENERGY PARTNERS LP,ENGY,10.0,1010.0,101020.0,10102040.0,424710,5171
162160,2025-12-31,MEDICAL PROPERTIES TRUST,MPT,60.0,6010.0,601050.0,60105010.0,531120,6798
162264,2021-12-31,NEENAH INC,NP.2,15.0,1510.0,151050.0,15105020.0,322121,2621
162272,2012-12-31,COPANO ENERGY LLC,CPNO,10.0,1010.0,101020.0,10102040.0,486210,4922
162283,2010-12-31,INTERNATIONAL COAL GROUP INC,ICO,10.0,1010.0,101020.0,10102050.0,212111,1221
162329,2017-12-31,FUSION TELECOMMUNICATIONS,FSNN.1,50.0,5010.0,501010.0,50101010.0,517919,4899
162335,2025-03-31,PRESTIGE CONSUMER HEALTHCARE,PBH,35.0,3520.0,352020.0,35202010.0,325412,2834
162338,2025-12-31,UNIVERSAL LOGISTICS HLDGS,ULH,20.0,2030.0,203040.0,20304030.0,4841,4210
162346,2020-12-31,ATLANTIC POWER CORP,AT,55.0,5510.0,551050.0,55105010.0,22111,4991
162354,2025-09-30,DOLBY LABORATORIES INC,DLB,45.0,4510.0,451030.0,45103020.0,533110,6794
162387,2021-12-31,TEEKAY LNG PARTNERS LP,TGP,10.0,1010.0,101020.0,10102040.0,483111,4412
162448,2015-12-31,ALPHA NATURAL RESOURCES INC,ANRZQ,10.0,1010.0,101020.0,10102050.0,2121,1220
162449,2025-12-31,EXLSERVICE HOLDINGS INC,EXLS,20.0,2020.0,202020.0,20202030.0,518210,7374
162501,2020-12-31,OTELCO INC,OTEL,50.0,5010.0,501010.0,50101020.0,517311,4813
162559,2025-12-31,LAZARD INC,LAZ,40.0,4020.0,402030.0,40203020.0,523940,6282
162584,2013-12-31,NTS REALTY HOLDINGS LP,NLP,40.0,4040.0,404030.0,40403020.0,531110,6513
162701,2025-03-31,NOVELIS INC,HND1,15.0,1510.0,151040.0,15104010.0,331315,3350
162720,2022-12-31,NAVIOS MARITIME HOLDINGS INC,NM,20.0,2030.0,203030.0,20303010.0,483111,4412
162732,2012-12-31,EPICEPT CORP-OLD,EPCT.1,35.0,3520.0,352010.0,35201010.0,325412,2834
162733,2017-10-31,VERIFONE SYSTEMS INC,PAY.4,45.0,4520.0,452030.0,45203010.0,334118,3578
162742,2025-12-31,FREIGHTCAR AMERICA INC,RAIL,20.0,2010.0,201060.0,20106010.0,336510,3743
162809,2015-12-31,XENOPORT INC,XNPT,35.0,3520.0,352020.0,35202010.0,325414,2836
162876,2020-12-31,CORE MARK HOLDING CO INC,CORE,25.0,2550.0,255010.0,25501010.0,424940,5190
162887,2025-12-31,DEXCOM INC,DXCM,35.0,3510.0,351010.0,35101010.0,334510,3845
162894,2022-12-31,CRESTWOOD EQUITY PARTNERS LP,CEQP,10.0,1010.0,101020.0,10102040.0,424720,5172
162907,2016-06-30,SILICON GRAPHICS INTL CORP,SGI.1,45.0,4520.0,452020.0,45202030.0,334111,3571
163024,2019-09-30,VIRTUS TOTAL RETURN FND -OLD,ZF,,,,,525990,6726
163036,2025-12-31,BUILDERS FIRSTSOURCE,BLDR,20.0,2010.0,201020.0,20102010.0,321992,2452
163051,2025-01-31,CITI TRENDS INC,CTRN,25.0,2550.0,255040.0,25504010.0,458110,5651
163113,2025-12-31,KOPPERS HOLDINGS INC,KOP,15.0,1510.0,151010.0,15101010.0,325194,2860
163118,2025-09-30,WARNER MUSIC GROUP CORP,WMG,50.0,5020.0,502020.0,50202010.0,512250,3652
163124,2015-12-31,AFFINIA GROUP INTRMDT HLDGS,0156A,25.0,2510.0,251010.0,25101010.0,336390,3714
163594,2018-12-31,TRANSMONTAIGNE PARTNERS LP,TLP,10.0,1010.0,101020.0,10102040.0,486910,4610
163595,2025-12-31,ALTO INGREDIENTS INC,ALTO,15.0,1510.0,151010.0,15101050.0,325193,2860
163596,2022-12-31,CAMBER ENERGY INC -OLD,CEI.2,10.0,1010.0,101020.0,10102020.0,211120,1311
163627,2015-07-31,DIAMOND FOODS INC,DMND,30.0,3020.0,302020.0,30202030.0,311919,2090
163765,2025-12-31,COOPER-STANDARD HOLDINGS INC,CPS,25.0,2510.0,251010.0,25101010.0,3363,3714
163772,2014-12-31,SPANSION INC,CODE,45.0,4530.0,453010.0,45301020.0,334413,3674
163806,2020-12-31,NET ELEMENT INC,NETE,45.0,4510.0,451030.0,45103010.0,518210,7374
163877,2014-06-30,PIKE CORP,PIKE,20.0,2010.0,201030.0,20103010.0,238210,1731
163879,2012-12-31,MAIDENFORM BRANDS INC,MFB,25.0,2520.0,252030.0,25203010.0,315231,2340
163884,2025-12-31,FRANKLIN STREET PROPERTIES,FSP,60.0,6010.0,601040.0,60104010.0,531120,6798
163887,2018-12-31,ORCHIDS PAPER PRODUCTS,TISUQ,30.0,3030.0,303010.0,30301010.0,322291,2670
163893,2014-09-30,MWI VETERINARY SUPPLY,MWIV,35.0,3510.0,351020.0,35102010.0,423450,5047
163916,2017-12-31,WEB.COM GROUP INC,WEB,45.0,4510.0,451020.0,45102030.0,519130,7370
163921,2017-12-31,WILLIAMS PARTNERS LP,WPZ,10.0,1010.0,101020.0,10102040.0,211111,1311
163927,2013-12-31,HITTITE MICROWAVE CORP,HITT,45.0,4530.0,453010.0,45301020.0,334413,3674
163930,2025-12-31,GENCO SHIPPING & TRADING,GNK,20.0,2030.0,203030.0,20303010.0,483111,4412
163933,2011-12-31,TRX INC,TRXI,45.0,4510.0,451020.0,45102020.0,518210,7374
163935,2025-12-31,GLOBAL PARTNERS LP,GLP,10.0,1010.0,101020.0,10102040.0,424710,5171
163939,2016-12-31,ALON USA ENERGY INC,ALJ,10.0,1010.0,101020.0,10102030.0,324110,2911
163946,2025-12-31,CF INDUSTRIES HOLDINGS INC,CF,15.0,1510.0,151010.0,15101030.0,325311,2870
163963,2020-12-31,COLUMBIA PROPERTY TRUST INC,CXP,60.0,6010.0,601010.0,60101040.0,531120,6798
163977,2010-12-31,VOLCOM INC,VLCM,25.0,2520.0,252030.0,25203010.0,315,2300
163983,2024-12-31,TREEHOUSE FOODS INC,THS,30.0,3020.0,302020.0,30202030.0,3118,2050
164046,2025-12-31,GRAN TIERRA ENERGY INC,GTE,10.0,1010.0,101020.0,10102020.0,2111,1311
164075,2010-12-31,BRONCO DRILLING CO,BRNC,10.0,1010.0,101010.0,10101010.0,213111,1381
164109,2017-12-31,LINN ENERGY INC,LNGG.1,10.0,1010.0,101020.0,10102020.0,211111,1311
164132,2020-12-31,RETAIL PPTYS OF AMERICA INC,RPAI,60.0,6010.0,601010.0,60101070.0,531120,6798
164211,2025-12-31,SILICON MOTION TECH -ADR,SIMO,45.0,4530.0,453010.0,45301020.0,334413,3674
164266,2015-12-31,MEDIVATION INC,MDVN,35.0,3520.0,352010.0,35201010.0,325414,2836
164283,2012-12-31,FOCUS MEDIA HOLDING LTD,FMCN,25.0,2540.0,254010.0,25401010.0,541890,7310
164296,2025-12-31,WARNER BROS DISCOVERY INC,WBD,50.0,5020.0,502020.0,50202010.0,516210,4841
164364,2021-12-31,INVESTORS BANCORP INC,ISBC,40.0,4010.0,401010.0,40101015.0,522110,6020
164408,2014-12-31,BOULDER BRANDS INC,BDBD,30.0,3020.0,302020.0,30202030.0,311941,2090
164411,2015-12-31,VIRTUALSCOPICS INC,VSCP,35.0,3520.0,352030.0,35203010.0,511210,7372
164416,2024-12-31,IROBOT CORP,IRBTQ,25.0,2520.0,252010.0,25201040.0,339999,3990
164432,2016-12-31,NCI INC,NCIT,45.0,4510.0,451020.0,45102010.0,541512,7373
164494,2024-12-31,SPIRIT AEROSYSTEMS HOLDINGS,SPR,20.0,2010.0,201010.0,20101010.0,336413,3728
164506,2025-12-31,ACCO BRANDS CORP,ACCO,20.0,2020.0,202010.0,20201060.0,339999,3990
164511,2021-10-31,ADVAXIS INC-OLD,ADXS.1,35.0,3520.0,352010.0,35201010.0,325414,2836
164532,2024-12-31,BAIDU INC,BIDU,50.0,5020.0,502030.0,50203010.0,519290,7370
164534,2022-12-31,ATLAS CORP,ATCO,20.0,2030.0,203050.0,20305030.0,532411,7359
164557,2025-03-31,RBC BEARINGS INC,RBC,20.0,2010.0,201060.0,20106020.0,332991,3562
164571,2010-12-31,EMERGENCY MEDICAL SVCS CORP,EMS,35.0,3510.0,351020.0,35102015.0,621910,4100
164572,2025-12-31,AMERISAFE INC,AMSF,40.0,4030.0,403010.0,40301040.0,524126,6331
164607,2015-12-31,HERCULES OFFSHORE INC,HEROQ,10.0,1010.0,101010.0,10101010.0,213111,1381
164612,2017-12-31,NXSTAGE MEDICAL INC,NXTM,35.0,3510.0,351010.0,35101010.0,334510,3845
164652,2025-12-31,BROOKDALE SENIOR LIVING INC,BKD,35.0,3510.0,351020.0,35102020.0,623311,8050
164660,2025-12-31,CLEAR CHANNEL OUTDOOR HLDGS,CCO,50.0,5020.0,502010.0,50201010.0,541850,7310
164680,2017-12-31,KAPSTONE PAPER & PACKAGING,KS,15.0,1510.0,151050.0,15105020.0,322130,2631
164746,2020-04-30,COUNTERPATH CORP,CPAH,45.0,4510.0,451030.0,45103010.0,511210,7372
164755,2025-12-31,CROCS INC,CROX,25.0,2520.0,252030.0,25203020.0,316210,3021
165051,2023-12-31,SUNPOWER CORP,SPWRQ,20.0,2010.0,201040.0,20104010.0,3359,3690
165052,2025-03-31,UNDER ARMOUR INC,UAA,25.0,2520.0,252030.0,25203010.0,315,2300
165123,2025-12-31,LEIDOS HOLDINGS INC,LDOS,20.0,2020.0,202020.0,20202020.0,541512,7373
165164,2016-12-31,AFFINION GROUP INC,0167A,25.0,2530.0,253020.0,25302020.0,561499,7389
165179,2015-07-31,SYNERGETICS USA INC,SURG.2,35.0,3510.0,351010.0,35101020.0,339112,3841
165209,2023-12-31,CORENERGY INFRASTRUCTURE TR,CRNG,60.0,6010.0,601080.0,60108010.0,531120,6798
165215,2025-12-31,ALAUNOS THERAPEUTICS INC,TCRT,35.0,3520.0,352010.0,35201010.0,325414,2836
165264,2025-12-31,FIDELITY NATIONAL FINANCIAL,FNF,40.0,4030.0,403010.0,40301040.0,524127,6361
165358,2017-12-31,AMERICAN RAILCAR INDS INC,ARII,20.0,2010.0,201060.0,20106010.0,336510,3743
165466,2022-12-31,DCP MIDSTREAM LP,DCP,10.0,1010.0,101020.0,10102040.0,211130,1311
165534,2014-12-31,VIMICRO INTL CORP -ADR,VIMC,45.0,4530.0,453010.0,45301020.0,334519,3829
165556,2019-12-31,CHAPARRAL ENERGY INC,CHAPQ,10.0,1010.0,101020.0,10102020.0,211120,1311
165649,2025-12-31,ENERGY TRANSFER LP,ET,10.0,1010.0,101020.0,10102040.0,486210,4922
165652,2016-12-31,WESTERN REFINING INC,WNR,10.0,1010.0,101020.0,10102030.0,324110,2911
165675,2019-09-30,VIACOM INC,VIAB,50.0,5020.0,502020.0,50202010.0,515120,4833
165678,2025-12-31,COPA HOLDINGS SA,CPA,20.0,2030.0,203020.0,20302010.0,481111,4512
165680,2011-12-31,SUNTECH POWER HOLDINGS  -ADR,STPFQ,45.0,4530.0,453010.0,45301020.0,334413,3674
165702,2013-12-31,SUSSER HOLDINGS CORP,SUSS,30.0,3010.0,301010.0,30101030.0,447110,5500
165734,2011-12-31,AVENTINE RENEWABLE ENERGY,AVRW.1,10.0,1010.0,101020.0,10102030.0,325193,2860
165742,2011-12-31,SOMAXON PHARMACEUTICALS INC,SOMX,35.0,3520.0,352020.0,35202010.0,325412,2834
165746,2025-12-31,LIVE NATION ENTERTAINMENT,LYV,50.0,5020.0,502020.0,50202010.0,711320,7900
165785,2015-12-31,AMERICAN CARESOURCE HLDGS,GNOW,35.0,3510.0,351020.0,35102015.0,621491,8011
165913,2025-12-31,EUROSEAS LTD,ESEA,20.0,2030.0,203030.0,20303010.0,483111,4412
165914,2025-12-31,CHIPOTLE MEXICAN GRILL INC,CMG,25.0,2530.0,253010.0,25301040.0,722513,5812
165927,2025-12-31,TERNIUM S A,TX,15.0,1510.0,151040.0,15104050.0,331110,3312
166005,2017-12-31,AMTRUST FINANCIAL SERVICES,AFSI,40.0,4030.0,403010.0,40301040.0,524126,6331
166061,2014-12-31,ROSETTA RESOURCES INC,ROSE.3,10.0,1010.0,101020.0,10102020.0,211111,1311
166087,2025-12-31,AIR INDUSTRIES GROUP INC,AIRI,20.0,2010.0,201010.0,20101010.0,336413,3728
166213,2025-09-30,LIQUIDITY SERVICES INC,LQDT,20.0,2020.0,202010.0,20201070.0,449210,5961
166230,2021-12-31,KRATON CORP,KRA,15.0,1510.0,151010.0,15101050.0,325211,2821
166303,2014-12-31,JAZZ TECHNOLOGIES INC,TSEM1,45.0,4530.0,453010.0,45301020.0,334413,3674
166363,2017-12-31,ALLIANCE HOLDINGS GP LP,AHGP,10.0,1010.0,101020.0,10102050.0,212112,1220
166368,2025-12-31,COMPASS DIVERSIFIED HOLDINGS,CODI,40.0,4020.0,402010.0,40201030.0,335,3600
166385,2025-12-31,GRUPO AEROPORTUARIO DEL PACI,PAC,20.0,2030.0,203050.0,20305010.0,488119,4581
166435,2025-12-31,VANDA PHARMACEUTICALS INC,VNDA,35.0,3520.0,352010.0,35201010.0,325414,2836
166443,2013-12-31,CHINA GENGSHENG MINERALS INC,CHGS,15.0,1510.0,151010.0,15101020.0,327120,3290
166458,2017-12-31,ATLAS ENERGY GROUP LLC,ATLS,10.0,1010.0,101020.0,10102020.0,211111,1311
166482,2025-09-30,MUELLER WATER PRODUCTS INC,MWA,20.0,2010.0,201060.0,20106020.0,332911,3490
166562,2021-12-31,VONAGE HOLDINGS CORP,VG.3,45.0,4510.0,451030.0,45103010.0,518210,7370
166563,2025-12-31,DELEK US HOLDINGS INC,DK,10.0,1010.0,101020.0,10102030.0,324110,2911
166593,2024-12-31,SYNCHRONOSS TECHNOLOGIES,SNCR,45.0,4510.0,451030.0,45103010.0,518210,7370
166706,2010-12-31,CHINA GRENTECH CORP LTD -ADR,GRRF,45.0,4520.0,452010.0,45201020.0,334220,3663
170360,2017-12-31,USA COMPRESSION PRTNRS -OLD,USAC.2,10.0,1010.0,101010.0,10101020.0,213112,1389
170375,2017-12-31,SELECT INCOME REIT,SIR,60.0,6010.0,601010.0,60101040.0,531120,6798
170384,2025-12-31,GOGO INC,GOGO,50.0,5010.0,501020.0,50102010.0,517810,4899
170396,2025-12-31,CUSTOMERS BANCORP INC,CUBI,40.0,4010.0,401010.0,40101015.0,522110,6020
170527,2025-09-30,POST HOLDINGS INC,POST,30.0,3020.0,302020.0,30202030.0,311999,2015
170555,2020-12-31,GASLOG LTD,GLOG,10.0,1010.0,101020.0,10102040.0,483111,4412
170615,2014-12-31,AUDIENCE INC,ADNC,45.0,4530.0,453010.0,45301020.0,334413,3674
170616,2024-01-31,SPLUNK INC,SPLK,45.0,4510.0,451030.0,45103010.0,513210,7372
170617,2025-12-31,META PLATFORMS INC,META,50.0,5020.0,502030.0,50203010.0,519290,7370
170627,2018-12-31,MIDSTATES PETROLEUM CO INC,MPO,10.0,1010.0,101020.0,10102020.0,211120,1311
170639,2019-12-31,FORESIGHT ENERGY LP,FELPQ,10.0,1010.0,101020.0,10102050.0,212112,1220
170714,2025-12-31,EMPIRE STATE REALTY TR INC,ESRT,60.0,6010.0,601040.0,60104010.0,531120,6798
170748,2019-12-31,EQT MIDSTREAM PARTNERS LP,EQM,10.0,1010.0,101020.0,10102040.0,486210,4922
170750,2025-12-31,DIAMONDBACK ENERGY INC,FANG,10.0,1010.0,101020.0,10102020.0,2111,1311
170773,2014-12-31,ZAZA ENERGY CORP,ZAZA,10.0,1010.0,101020.0,10102020.0,211111,1311
170781,2016-12-31,TITAN ENERGY LLC,TTEN,10.0,1010.0,101020.0,10102020.0,211111,1311
170841,2025-12-31,PHILLIPS 66,PSX,10.0,1010.0,101020.0,10102030.0,324110,2911
170875,2012-12-31,ACQUITY GROUP LTD  -ADR,AQ.1,25.0,2540.0,254010.0,25401010.0,519130,7370
170945,2025-12-31,PUMA BIOTECHNOLOGY INC,PBYI,35.0,3520.0,352010.0,35201010.0,325414,2836
170969,2017-12-31,TESARO INC,TSRO,35.0,3520.0,352010.0,35201010.0,325414,2836
170975,2014-12-31,TCP INTL HOLDINGS LTD,TCPIF,20.0,2010.0,201040.0,20104010.0,335110,3640
171007,2025-12-31,SERVICENOW INC,NOW,45.0,4510.0,451030.0,45103020.0,513210,7372
171067,2025-07-31,PALO ALTO NETWORKS INC,PANW,45.0,4510.0,451030.0,45103020.0,518210,7370
171137,2014-12-31,SIGNATURE OFFICE REIT INC,SIZF,40.0,4040.0,404020.0,40402010.0,531120,6798
171139,2018-12-31,SOUTHCROSS ENERGY PRTNRS LP,SXEEQ,10.0,1010.0,101020.0,10102040.0,486210,4922
171141,2025-01-31,FIVE BELOW INC,FIVE,25.0,2550.0,255040.0,25504040.0,455219,5331
171212,2018-12-31,PACIFIC COAST OIL TRUST,ROYTL,10.0,1010.0,101020.0,10102020.0,2111,1311
174077,2025-03-31,COMMVAULT SYSTEMS INC,CVLT,45.0,4510.0,451030.0,45103020.0,518210,7370
174121,2015-12-31,ULTRAPETROL BAHAMAS LTD,ULTRF,20.0,2030.0,203030.0,20303010.0,999990,9995
174134,2025-12-31,PTC THERAPEUTICS INC,PTCT,35.0,3520.0,352010.0,35201010.0,325414,2836
174136,2018-12-31,ACHILLION PHARMACEUTICALS,ACHN.1,35.0,3520.0,352010.0,35201010.0,325414,2836
174160,2011-12-31,MICROMET INC,MITI.,35.0,3520.0,352010.0,35201010.0,325414,2836
174169,2025-12-31,BATTALION OIL CORP,BATL,10.0,1010.0,101020.0,10102020.0,211120,1311
174282,2025-09-30,ENERGY SERVICES OF AMER CORP,ESOA,10.0,1010.0,101010.0,10101020.0,237120,1623
174310,2025-12-31,KBR INC,KBR,20.0,2020.0,202020.0,20202020.0,54151,7370
174312,2019-12-31,RHINO RESOURCE PARTNERS LP,RHNO.1,10.0,1010.0,101020.0,10102050.0,21211,1220
174317,2014-12-31,RIVERBED TECHNOLOGY INC,RVBD,45.0,4520.0,452010.0,45201020.0,334210,3576
174360,2025-12-31,SEVEN HILLS REALTY TRUST,SEVN,40.0,4020.0,402040.0,40204010.0,525990,6798
174389,2025-12-31,EHEALTH INC,EHTH,40.0,4030.0,403010.0,40301010.0,524210,6411
174390,2025-12-31,LEMAITRE VASCULAR INC,LMAT,35.0,3510.0,351010.0,35101010.0,339112,3841
174393,2014-12-31,ANDALAY SOLAR INC,WEST.3,20.0,2010.0,201040.0,20104010.0,335999,3620
174490,2019-12-31,WINDSTREAM HOLDINGS INC,WINMQ,50.0,5010.0,501010.0,50101020.0,517311,4813
174507,2011-09-30,PHARMASSET INC,VRUS.1,35.0,3520.0,352010.0,35201010.0,325414,2836
174531,2017-12-31,MITEL NETWORKS CORP,MITL,45.0,4520.0,452010.0,45201020.0,334210,3661
174648,2018-12-31,OSIRIS THERAPEUTICS INC,OSIR,35.0,3520.0,352010.0,35201010.0,325414,2836
174656,2016-12-31,BREITBURN ENERGY PARTNERS LP,BBEPQ,10.0,1010.0,101020.0,10102020.0,211111,1311
174700,2025-12-31,GLOBAL SHIP LEASE INC,GSL,20.0,2030.0,203030.0,20303010.0,532411,4400
174729,2025-12-31,TRAVEL PLUS LEISURE CO,TNL,25.0,2530.0,253010.0,25301020.0,531390,6531
174876,2015-09-30,SIRONA DENTAL SYSTEMS INC,SIRO,35.0,3510.0,351010.0,35101020.0,339114,3843
174926,2025-12-31,NEXPOINT DIVERSIFIED RE TS,NXDT,60.0,6010.0,601010.0,60101010.0,531190,6798
175004,2020-12-31,ORBCOMM INC,ORBC,50.0,5010.0,501010.0,50101010.0,517410,4899
175006,2022-12-31,HARVEST OIL & GAS CORP,HRST,10.0,1010.0,101020.0,10102020.0,211130,1311
175064,2017-12-31,SYNERGY PHARMACEUTICALS INC,SGYPQ,35.0,3520.0,352010.0,35201010.0,325414,2836
175087,2012-12-31,METALS USA HOLDINGS CORP,MUSA.2,15.0,1510.0,151040.0,15104050.0,423510,5051
175110,2019-12-31,AIRCASTLE LTD,AYR,20.0,2010.0,201070.0,20107010.0,532411,7359
175111,2012-12-31,ACME PACKET INC,APKT,45.0,4520.0,452010.0,45201020.0,334210,3576
175157,2014-12-31,EAGLE ROCK ENERGY PARTNRS LP,EROC.1,10.0,1010.0,101020.0,10102020.0,211111,1311
175163,2012-12-31,WARNER CHILCOTT PLC,WCRX,35.0,3520.0,352020.0,35202010.0,325412,2834
175264,2025-03-31,WNS (HOLDINGS) LIMITED,WNS,20.0,2020.0,202020.0,20202030.0,518210,7374
175269,2025-12-31,CELSIUS HOLDINGS INC,CELH,30.0,3020.0,302010.0,30201030.0,312111,2086
175271,2022-12-31,EVOLVE TRANSITION INFRAST LP,SNMP,10.0,1010.0,101020.0,10102040.0,486,4610
175307,2025-12-31,DOUGLAS EMMETT INC,DEI,60.0,6010.0,601040.0,60104010.0,531120,6798
175308,2016-12-31,SUCAMPO PHARMACEUTICALS INC,SCMP,35.0,3520.0,352020.0,35202010.0,325412,2834
175319,2024-12-31,HANESBRANDS INC,HBI,25.0,2520.0,252030.0,25203010.0,315,2300
175404,2025-12-31,FIRST SOLAR INC,FSLR,45.0,4530.0,453010.0,45301020.0,334413,3674
175483,2013-12-31,CADENCE PHARMACEUTICALS INC,CADX,35.0,3520.0,352020.0,35202010.0,325414,2836
175510,2013-12-31,PVR PARTNERS LP,PVR,10.0,1010.0,101020.0,10102040.0,211111,1311
175523,2025-12-31,GLOBALSTAR INC,GSAT,50.0,5010.0,501010.0,50101010.0,517410,4899
175533,2022-12-31,INFINITY PHARMACEUTICALS INC,INFIQ,35.0,3520.0,352010.0,35201010.0,325412,2834
175606,2025-12-31,DANAOS CORPORATION,DAC,20.0,2030.0,203030.0,20303010.0,483111,4412
175654,2025-12-31,WILLDAN GROUP INC,WLDN,20.0,2020.0,202020.0,20202020.0,541330,8711
175689,2025-12-31,ARMSTRONG WORLD INDUSTRIES,AWI,20.0,2010.0,201020.0,20102010.0,327993,3290
175739,2012-12-31,SUPERMEDIA INC,SPMD.2,25.0,2540.0,254010.0,25401040.0,511140,2741
175900,2025-09-30,SALLY BEAUTY HOLDINGS INC,SBH,25.0,2550.0,255040.0,25504040.0,456120,5990
175955,2025-12-31,IPG PHOTONICS CORP,IPGP,45.0,4520.0,452030.0,45203020.0,334413,3674
175983,2011-12-31,PHYSICIANS FORMULA HOLDINGS,FACE,30.0,3030.0,303020.0,30302010.0,325620,2844
176017,2022-12-31,ATHERSYS INC,ATHXQ,35.0,3520.0,352010.0,35201010.0,325414,2836
176035,2025-12-31,NETLIST INC,NLST,45.0,4520.0,452030.0,45203020.0,334413,3674
176070,2011-12-31,VENOCO INC,VQ,10.0,1010.0,101020.0,10102020.0,211111,1311
176083,2020-03-31,AEROGROW INTERNATIONAL INC,AERO.2,25.0,2520.0,252010.0,25201050.0,339999,3990
176092,2025-12-31,AERCAP HOLDINGS NV,AER,20.0,2010.0,201070.0,20107010.0,532411,7359
176118,2013-12-31,WIRELESS RONIN TECHNLGS -OLD,RNIN.1,45.0,4520.0,452030.0,45203010.0,541512,7373
176152,2025-12-31,GRUPO AEROPORTUARIO DEL CENT,OMAB,20.0,2030.0,203050.0,20305010.0,488111,4581
176234,2021-12-31,CATCHMARK TIMBER TRUST,CTT,60.0,6010.0,601010.0,60101080.0,531190,6798
176237,2013-12-31,AFFYMAX INC,AFFY,35.0,3520.0,352010.0,35201010.0,999990,9995
176238,2013-12-31,CAL DIVE INTERNATIONAL INC,CDVIQ,10.0,1010.0,101010.0,10101020.0,213112,1389
176259,2019-12-31,TEEKAY OFFSHORE PARTNERS LP,TOO,10.0,1010.0,101020.0,10102040.0,483111,4412
176261,2015-12-31,TRINA SOLAR CO LTD,TSL.1,45.0,4530.0,453010.0,45301020.0,334413,3674
176268,2017-12-31,DCT INDUSTRIAL TRUST INC,DCT.1,60.0,6010.0,601010.0,60101020.0,531120,6798
176282,2016-12-31,SPECTRA ENERGY CORP,SE.7,10.0,1010.0,101020.0,10102040.0,221210,4923
176289,2011-12-31,COMVERGE INC,COMV,45.0,4520.0,452030.0,45203010.0,334512,3822
176291,2014-12-31,SKILLED HEALTHCARE GROUP INC,SKH,35.0,3510.0,351020.0,35102020.0,623311,8051
176305,2017-12-31,HANWHA Q CELLS CO LTD,HQCL,45.0,4530.0,453010.0,45301020.0,334413,3674
176363,2019-12-31,MELLANOX TECHNOLOGIES LTD,MLNX,45.0,4530.0,453010.0,45301020.0,334413,3674
176404,2015-12-31,TIME WARNER CABLE INC,TWC,25.0,2540.0,254010.0,25401025.0,515210,4841
176554,2016-01-31,JAMMIN JAVA CORP,JAMN,30.0,3020.0,302020.0,30202030.0,311920,2090
176556,2012-12-31,SOURCEFIRE INC,FIRE,45.0,4510.0,451030.0,45103020.0,541512,7373
176558,2012-03-31,OPNEXT INC,OPXT,45.0,4520.0,452010.0,45201020.0,334413,3674
176567,2025-06-30,SUPER MICRO COMPUTER INC,SMCI,45.0,4520.0,452020.0,45202030.0,334111,3570
176592,2018-12-31,HFF INC,HF.3,60.0,6010.0,601020.0,60102040.0,522310,6163
176594,2012-12-31,OPTIMER PHARMACEUTICALS INC,OPTR,35.0,3520.0,352020.0,35202010.0,325412,2834
176637,2017-12-31,CYS INVESTMENTS INC,CYS,40.0,4020.0,402040.0,40204010.0,525990,6798
176659,2015-12-31,TARGA RESOURCES PARTNERS LP,NGLS,10.0,1010.0,101020.0,10102040.0,486210,4922
176661,2017-12-31,JA SOLAR HOLDINGS CO LTD,JASO,45.0,4530.0,453010.0,45301020.0,334413,3674
176733,2018-12-31,ROYAL ENERGY RESOURCES INC,ROYE,10.0,1010.0,101020.0,10102050.0,212111,1221
176760,2020-12-31,DOMTAR CORP,UFS,15.0,1510.0,151050.0,15105020.0,322121,2621
176781,2014-07-31,ARUBA NETWORKS INC,ARUN,45.0,4520.0,452010.0,45201020.0,334210,3576
176782,2020-12-31,GLU MOBILE INC,GLUU,50.0,5020.0,502020.0,50202020.0,511210,7372
176840,2025-12-31,RING ENERGY INC,REI,10.0,1010.0,101020.0,10102020.0,2111,1311
176863,2010-12-31,BIGBAND NETWORKS INC,BBND,45.0,4520.0,452010.0,45201020.0,541512,7373
176874,2021-12-31,SUMMER INFANT INC,SUMR,30.0,3030.0,303020.0,30302010.0,339999,3990
176899,2025-12-31,SANDRIDGE ENERGY INC,SD,10.0,1010.0,101020.0,10102020.0,211120,1311
176954,2011-12-31,INDIEPUB ENTERTAINMENT INC,IPUB,50.0,5020.0,502020.0,50202020.0,511210,7372
176999,2025-02-28,SARATOGA INVESTMENT CORP,SAR,40.0,4020.0,402030.0,40203010.0,523910,6797
177009,2025-12-31,FIRST BANK,FRBA,40.0,4010.0,401010.0,40101015.0,522110,6020
177099,2018-12-31,MONOTYPE IMAGING HOLDINGS,TYPE,45.0,4510.0,451030.0,45103010.0,511210,7372
177108,2025-12-31,CINEMARK HOLDINGS INC,CNK,50.0,5020.0,502020.0,50202010.0,512131,7830
177124,2014-12-31,CRESTWOOD MIDSTREAM PTNRS LP,CMLP,10.0,1010.0,101020.0,10102040.0,486210,4922
177222,2017-02-28,DRAGONWAVE INC,DRWIQ,45.0,4520.0,452010.0,45201020.0,334220,3663
177225,2017-12-31,CAVIUM INC,CAVM,45.0,4530.0,453010.0,45301020.0,334210,3576
177227,2025-12-31,INSULET CORP,PODD,35.0,3510.0,351010.0,35101010.0,334510,3845
177228,2025-12-31,STABLECOIN DEVELOPMENT CORP,SDEV,35.0,3520.0,352020.0,35202010.0,325412,2834
177257,2024-12-31,INFINERA CORP,INFN,45.0,4520.0,452010.0,45201020.0,334210,3661
177264,2014-09-30,COVIDIEN PLC,COV,35.0,3510.0,351010.0,35101010.0,334510,3845
177287,2025-12-31,JAZZ PHARMACEUTICALS PLC,JAZZ,35.0,3520.0,352020.0,35202010.0,325412,2834
177303,2015-12-31,NORANDA ALUMINUM HOLDING CP,NORNQ,15.0,1510.0,151040.0,15104010.0,331313,3334
177315,2022-12-31,EDGIO INC,EGIOQ,45.0,4510.0,451020.0,45102030.0,517111,7370
177367,2025-12-31,NIAGEN BIOSCIENCE INC,NAGE,30.0,3030.0,303020.0,30302010.0,325411,2833
177465,2011-12-31,DEER CONSUMER PRODUCTS INC,DEER,25.0,2520.0,252010.0,25201040.0,335210,3634
177486,2014-12-31,LDK SOLAR CO LTD,LDKYQ,45.0,4530.0,453010.0,45301020.0,334413,3674
177487,2014-12-31,VANTAGE DRILLING CO,VTGDF,10.0,1010.0,101010.0,10101010.0,213111,1381
177629,2018-12-31,YINGLI GREEN ENERGY HLDGS CO,YGEHY,45.0,4530.0,453010.0,45301020.0,334413,3674
177637,2025-12-31,AMC ENTERTAINMENT HOLDINGS,AMC,50.0,5020.0,502020.0,50202010.0,512131,7830
177650,2011-12-31,AUTHENTEC INC,AUTH.1,45.0,4530.0,453010.0,45301020.0,334413,3674
177697,2012-12-31,BOISE INC,BZ.1,15.0,1510.0,151030.0,15103020.0,322122,2621
177739,2017-12-31,SPECTRA ENERGY PARTNERS LP,SEP,10.0,1010.0,101020.0,10102040.0,486210,4922
177744,2024-12-31,PROS HOLDINGS INC,PRO,45.0,4510.0,451030.0,45103010.0,518210,7370
177780,2025-12-31,COMSCORE INC,SCOR,50.0,5020.0,502010.0,50201010.0,541613,8742
177872,2012-12-31,SOUNDBITE COMMUNICATIONS INC,SDBT,45.0,4510.0,451010.0,45101010.0,517919,4899
177881,2025-12-31,MASIMO CORP,MASI,35.0,3510.0,351010.0,35101010.0,334510,3845
177884,2019-12-31,CONCHO RESOURCES INC,CXO,10.0,1010.0,101020.0,10102020.0,2111,1311
177895,2013-12-31,GT ADVANCED TECHNOLOGIES INC,GTATQ,45.0,4530.0,453010.0,45301010.0,334413,3674
177924,2016-12-31,PHARMERICA CORP,PMC,35.0,3510.0,351020.0,35102010.0,424210,5122
177925,2019-12-31,WABCO HOLDINGS INC,WBC,20.0,2010.0,201060.0,20106010.0,336340,3714
177943,2025-12-31,DHI GROUP INC,DHX,50.0,5020.0,502030.0,50203010.0,518210,7370
177945,2021-12-31,BLUEKNIGHT ENERGY PRTNRS LP,BKEP,10.0,1010.0,101020.0,10102040.0,424710,5171
177953,2014-12-31,ORBITZ WORLDWIDE INC,OWW,25.0,2550.0,255020.0,25502020.0,561510,4700
177966,2025-12-31,ALLISON TRANSMISSION HLDGS,ALSN,20.0,2010.0,201060.0,20106010.0,336350,3714
177975,2019-12-31,ZAGG INC,ZAGG,25.0,2520.0,252010.0,25201010.0,327215,3231
177982,2012-12-31,DOLAN CO,DOLNQ,20.0,2020.0,202020.0,20202020.0,541199,7389
178015,2025-01-31,LULULEMON ATHLETICA INC,LULU,25.0,2520.0,252030.0,25203010.0,315,2300
178081,2025-12-31,MERCADOLIBRE INC,MELI,25.0,2550.0,255030.0,25503030.0,455219,5960
178083,2023-01-31,VMWARE INC -CL A,VMW,45.0,4510.0,451030.0,45103020.0,541512,7373
178084,2019-12-31,COSAN LTD,CZZ,10.0,1010.0,101020.0,10102030.0,424720,5172
178106,2014-12-31,WUXI PHARMATECH (CAYMAN)-ADR,WX,35.0,3520.0,352030.0,35203010.0,541711,8731
178153,2025-12-31,NEONODE INC,NEON,45.0,4520.0,452030.0,45203020.0,334220,3663
178201,2018-12-31,VITAMIN SHOPPE INC,VSI,25.0,2550.0,255040.0,25504040.0,446191,5400
178266,2015-12-31,VERSO PAPER HOLDINGS LLC,VRS1,15.0,1510.0,151050.0,15105020.0,322121,2621
178310,2025-12-31,TERADATA CORP,TDC,45.0,4510.0,451030.0,45103020.0,518210,7370
178319,2010-12-31,ENCORE ENERGY PARTNERS LP,ENP,10.0,1010.0,101020.0,10102020.0,211111,1311
178494,2023-12-31,REMARK HOLDINGS INC,MARK,45.0,4510.0,451030.0,45103010.0,513210,7372
178507,2025-12-31,MSCI INC,MSCI,40.0,4020.0,402030.0,40203040.0,523940,6282
178519,2025-12-31,LPL FINANCIAL HOLDINGS INC,LPLA,40.0,4020.0,402030.0,40203020.0,523150,6211
178529,2025-12-31,MAIN STREET CAPITAL CORP,MAIN,40.0,4020.0,402030.0,40203010.0,523910,6797
178538,2014-08-31,ZEP INC,ZEP,15.0,1510.0,151010.0,15101050.0,325612,2842
178539,2023-12-31,RETAIL OPPORTUNITY INVTS CP,ROIC,60.0,6010.0,601070.0,60107010.0,531120,6798
178540,2018-12-31,AFFINION GROUP HOLDINGS INC,AFGR,25.0,2540.0,254010.0,25401010.0,561499,7389
178610,2016-12-31,DUPONT FABROS TECHNOLOGY INC,DFT,60.0,6010.0,601010.0,60101080.0,531120,6798
178644,2025-03-31,TECHPRECISION CORP,TPCS,20.0,2010.0,201060.0,20106020.0,332999,3490
178672,2025-12-31,CVR ENERGY INC,CVI,10.0,1010.0,101020.0,10102030.0,324110,2911
178684,2018-12-31,GRIZZLY ENERGY LLC,GRZZU,10.0,1010.0,101020.0,10102020.0,211130,1311
178698,2018-12-31,AAC HOLDINGS INC,AACH,35.0,3510.0,351020.0,35102020.0,622210,8060
178704,2025-01-31,ULTA BEAUTY INC,ULTA,25.0,2550.0,255040.0,25504040.0,456120,5990
178752,2015-12-31,NANOSPHERE INC,NSPH,35.0,3520.0,352010.0,35201010.0,325413,2835
178767,2015-12-31,INTELIQUENT INC,IQNT,50.0,5010.0,501010.0,50101010.0,517919,4899
178798,2018-12-31,APPROACH RESOURCES INC,AREXQ,10.0,1010.0,101020.0,10102020.0,211120,1311
178803,2025-12-31,ENSIGN GROUP INC,ENSG,35.0,3510.0,351020.0,35102020.0,623110,8051
178851,2020-12-31,NUVERRA ENVIRONMENTAL SOLUTN,NES,10.0,1010.0,101010.0,10101020.0,213112,1389
178862,2025-12-31,CHIMERA INVESTMENT CORP,CIM,40.0,4020.0,402040.0,40204010.0,525990,6798
178863,2013-12-31,EL PASO PIPELINE PARTNERS LP,EPB,10.0,1010.0,101020.0,10102040.0,486210,4922
178865,2022-12-31,RUBICON TECHNOLOGY INC,RBCN,45.0,4530.0,453010.0,45301010.0,334413,3674
178877,2025-12-31,NAVIOS MARITIME PARTNERS LP,NMM,20.0,2030.0,203030.0,20303010.0,483111,4412
178921,2017-12-31,GASTAR EXPLORATION INC,GSTCQ,10.0,1010.0,101020.0,10102020.0,211,1311
178943,2014-12-31,ENTROPIC COMMUNICATIONS INC,ENTR.1,45.0,4530.0,453010.0,45301020.0,334413,3674
178976,2025-06-30,STRIDE INC,LRN,25.0,2530.0,253020.0,25302010.0,611110,8200
179027,2014-12-31,MEDASSETS INC,MDAS,35.0,3510.0,351030.0,35103010.0,511210,7372
179058,2025-03-31,ORION ENERGY SYSTEMS INC,OESX,20.0,2010.0,201040.0,20104010.0,335132,3640
179077,2025-09-30,FORESTAR GROUP INC,FOR,60.0,6020.0,602010.0,60201030.0,237210,6552
179082,2012-12-31,MEMSIC INC,MEMS.1,45.0,4530.0,453010.0,45301010.0,334413,3674
179084,2015-12-31,NETSUITE INC,N,45.0,4510.0,451030.0,45103020.0,541512,7373
179087,2025-12-31,TEEKAY TANKERS LTD,TNK,10.0,1010.0,101020.0,10102040.0,483111,4412
179177,2014-12-31,JUHL ENERGY INC,JUHLD,55.0,5510.0,551050.0,55105020.0,541330,8711
179184,2024-12-31,HIGH WIRE NETWORKS INC,HWNI,45.0,4510.0,451030.0,45103020.0,541512,7373
179202,2025-12-31,ECHOSTAR CORP,SATS,50.0,5020.0,502010.0,50201030.0,517410,4899
179417,2018-12-31,REAL GOODS SOLAR INC,RGSEQ,20.0,2010.0,201040.0,20104010.0,335999,3690
179428,2014-12-31,DARA BIOSCIENCES INC,DARA,35.0,3520.0,352010.0,35201010.0,325414,2836
179438,2015-12-31,ANACOR PHARMACEUTICALS INC,ANAC.1,35.0,3520.0,352010.0,35201010.0,325414,2836
179534,2025-09-30,VISA INC,V,40.0,4020.0,402010.0,40201060.0,522320,6099
179583,2025-06-30,FABRINET,FN,45.0,4520.0,452030.0,45203020.0,3344,3670
179598,2025-12-31,CELLDEX THERAPEUTICS INC,CLDX,35.0,3520.0,352010.0,35201010.0,325414,2836
179648,2010-12-31,MEDIAMIND TECHNOLOGIES INC,MDMD,45.0,4510.0,451010.0,45101010.0,519130,7370
179657,2025-09-30,HILLENBRAND INC,HI,20.0,2010.0,201060.0,20106020.0,3339,3530
179686,2021-12-31,ZOGENIX INC,ZGNX,35.0,3520.0,352020.0,35202010.0,325412,2834
179700,2017-12-31,DR PEPPER SNAPPLE GROUP INC,DPS,30.0,3020.0,302010.0,30201030.0,312111,2086
179731,2018-12-31,INSYS THERAPEUTICS INC,INSYQ,35.0,3520.0,352010.0,35201010.0,325412,2834
179739,2012-12-31,PIONEER SOUTHWEST ENERGY -LP,PSE.3,10.0,1010.0,101020.0,10102020.0,211111,1311
179782,2017-12-31,RESOLUTE ENERGY CORP,REN,10.0,1010.0,101020.0,10102020.0,211111,1311
179817,2021-12-31,VERSO CORP,VRS,15.0,1510.0,151050.0,15105020.0,322121,2621
179831,2018-12-31,WESTERN GAS PARTNERS LP,WES.3,10.0,1010.0,101020.0,10102040.0,2111,1311
179834,2025-12-31,CAREDX INC,CDNA,35.0,3520.0,352010.0,35201010.0,325413,2835
179841,2025-12-31,CODEXIS INC,CDXS,35.0,3520.0,352030.0,35203010.0,325414,2836
179843,2025-12-31,INTREPID POTASH INC,IPI,15.0,1510.0,151010.0,15101030.0,212390,1400
179925,2015-12-31,RACKSPACE HOSTING INC,RAX,45.0,4510.0,451010.0,45101010.0,519130,7370
179957,2020-12-31,ECHO GLOBAL LOGISTICS INC,ECHO,20.0,2030.0,203010.0,20301010.0,541614,4731
180145,2019-12-31,FORBES ENERGY SERVICES LTD,FLSS,10.0,1010.0,101010.0,10101020.0,213112,1389
180363,2023-12-31,ALIMERA SCIENCES INC,ALIM,35.0,3520.0,352020.0,35202010.0,325412,2834
180405,2022-12-31,ACTIVISION BLIZZARD INC,ATVI,50.0,5020.0,502020.0,50202020.0,511210,7372
180423,2025-12-31,LENDINGTREE INC,TREE,40.0,4020.0,402020.0,40202010.0,522310,6163
180562,2019-12-31,ROADRUNNER TRANS SYSTEMS INC,RRTS,20.0,2030.0,203040.0,20304030.0,541614,4731
180597,2018-12-31,STR HOLDINGS INC,STRI,45.0,4530.0,453010.0,45301010.0,334413,3674
180711,2025-10-31,BROADCOM INC,AVGO,45.0,4530.0,453010.0,45301020.0,334413,3674
180822,2025-12-31,MASTECH DIGITAL INC,MHH,20.0,2020.0,202020.0,20202010.0,561311,7361
180866,2020-12-31,MYOS RENS TECHNOLOGY INC,MYOS,30.0,3030.0,303020.0,30302010.0,325412,2834
181290,2025-12-31,DIGIMARC CORP,DMRC,45.0,4510.0,451030.0,45103010.0,518210,7370
181617,2012-12-31,CORNERSTONE THERAPEUTICS INC,CRTX.1,35.0,3520.0,352020.0,35202010.0,325412,2834
181745,2023-12-31,CSI COMPRESSCO LP,CCLP,10.0,1010.0,101010.0,10101020.0,213112,1382
181794,2016-12-31,BIOSTAR PHARMACEUTICALS INC,BSPM,35.0,3520.0,352020.0,35202010.0,325412,2834
181904,2012-12-31,CLEARWIRE CORP,CLWR,50.0,5010.0,501020.0,50102010.0,517919,4899
181931,2025-12-31,CLEARWATER PAPER CORP,CLW,15.0,1510.0,151050.0,15105020.0,322130,2631
181989,2023-12-31,U S SILICA HOLDINGS INC,SLCA,10.0,1010.0,101010.0,10101020.0,212322,1400
182012,2016-12-31,GIGPEAK INC,GIG.2,45.0,4530.0,453010.0,45301020.0,334413,3674
182308,2018-12-31,MEDIDATA SOLUTIONS INC,MDSO,35.0,3510.0,351030.0,35103010.0,519130,7370
182701,2024-12-31,OFFICE PROPERTIES INCOME TR,OPITQ,60.0,6010.0,601040.0,60104010.0,531120,6798
182826,2022-12-31,DMK PHARMACEUTICALS CORP,DMKPQ,35.0,3520.0,352020.0,35202010.0,325412,2834
182986,2025-09-30,OPTEX SYSTEMS HOLDINGS INC,OPXS,20.0,2010.0,201010.0,20101010.0,333310,3827
183144,2017-12-31,ENERJEX RESOURCES INC,ENRJ,10.0,1010.0,101020.0,10102020.0,211111,1311
183257,2014-06-30,CAREFUSION CORP,CFN,35.0,3510.0,351010.0,35101010.0,339112,3841
183283,2025-12-31,ADDUS HOMECARE CORP,ADUS,35.0,3510.0,351020.0,35102015.0,621610,8082
183312,2025-12-31,ALTISOURCE PORTFOLIO SOLTNS,ASPS,60.0,6020.0,602010.0,60201040.0,531320,6531
183322,2025-12-31,THERAPEUTICSMD INC,TXMD,35.0,3520.0,352020.0,35202010.0,325412,2834
183366,2025-12-31,HYATT HOTELS CORP,H,25.0,2530.0,253010.0,25301020.0,721110,7011
183377,2025-12-31,FORTINET INC,FTNT,45.0,4510.0,451030.0,45103020.0,513210,7372
183524,2025-12-31,KARTOON STUDIOS INC,TOON,50.0,5020.0,502020.0,50202010.0,512110,7812
183565,2025-10-31,IDW MEDIA HOLDINGS INC,IDWM,50.0,5020.0,502010.0,50201040.0,511120,2721
183593,2025-12-31,OMEROS CORP,OMER,35.0,3520.0,352020.0,35202010.0,325414,2836
183602,2022-12-31,SORRENTO THERAPEUTICS INC,SRNE,35.0,3520.0,352010.0,35201010.0,325414,2836
183603,2025-12-31,DIGITALBRIDGE GROUP INC,DBRG,40.0,4020.0,402030.0,40203010.0,523940,6282
183640,2025-12-31,IRIDIUM COMMUNICATIONS INC,IRDM,50.0,5010.0,501010.0,50101010.0,517410,4899
183666,2025-12-31,FIEE INC,FIEE,45.0,4520.0,452010.0,45201020.0,334210,3661
183684,2015-12-31,TEAM HEALTH HOLDINGS INC,TMH.1,35.0,3510.0,351020.0,35102015.0,561312,7361
183739,2022-11-30,INTELLIPHARMACEUTICS INTL,IPCIQ,35.0,3520.0,352020.0,35202010.0,325412,2834
183791,2009-12-31,CENOVUS ENERGY INC,CVE,10.0,1010.0,101020.0,10102010.0,324110,2911
183833,2025-12-31,TERRENO REALTY CORP,TRNO,60.0,6010.0,601025.0,60102510.0,531120,6798
183903,2025-12-31,CALIX INC,CALX,45.0,4520.0,452010.0,45201020.0,334210,3661
183920,2014-12-31,AOL INC,AOL,45.0,4510.0,451010.0,45101010.0,519130,7370
183942,2025-12-31,SENSATA TECHNOLOGES HLDG PLC,ST,20.0,2010.0,201040.0,20104010.0,334513,3823
184006,2017-12-31,ENERGY XXI GULF COAST INC,EGC,10.0,1010.0,101020.0,10102020.0,211111,1311
184009,2017-12-31,FINANCIAL ENGINES INC,FNGN,40.0,4020.0,402030.0,40203010.0,523920,6282
184046,2021-12-31,AVEO PHARMACEUTICALS INC,AVEO,35.0,3520.0,352010.0,35201010.0,325414,2836
184057,2014-12-31,MERU NETWORKS INC,MERU,45.0,4520.0,452010.0,45201020.0,334210,3661
184101,2020-06-30,TELENAV INC,TNAV,45.0,4510.0,451030.0,45103010.0,517919,4899
184133,2025-12-31,PIONEER POWER SOLUTIONS INC,PPSI,20.0,2010.0,201040.0,20104020.0,335311,3612
184155,2025-12-31,DAQO NEW ENERGY CORP,DQ,45.0,4530.0,453010.0,45301010.0,334413,3674
184157,2020-06-30,MSG NETWORKS INC,MSGN,50.0,5020.0,502010.0,50201030.0,515210,4841
184182,2025-12-31,JINKOSOLAR HOLDING CO,JKS,45.0,4530.0,453010.0,45301020.0,334413,3674
184222,2014-12-31,FEDERATED ENHANCED TREAS FD,FTT,,,,,999990,6726
184237,2021-07-31,GREEN HYGIENICS HOLDINGS INC,GRYN,35.0,3520.0,352020.0,35202010.0,236220,1540
184241,2013-12-31,UNITEK GLOBAL SERVICES INC,UNTKQ,20.0,2010.0,201030.0,20103010.0,238290,1700
184254,2025-12-31,APOLLO GLOBAL MGMT INC,APO,40.0,4020.0,402010.0,40201020.0,523940,6282
184256,2025-12-31,IRONWOOD PHARMACEUTICALS INC,IRWD,35.0,3520.0,352010.0,35201010.0,325412,2834
184263,2025-06-30,QUINSTREET INC,QNST,50.0,5020.0,502030.0,50203010.0,5418,7310
184323,2024-01-31,EXPRESS INC,EXPRQ,25.0,2550.0,255040.0,25504010.0,4581,5600
184378,2021-12-31,MUSCLEPHARM CORP,MSLPQ,30.0,3030.0,303020.0,30302010.0,325412,2834
184392,2025-12-31,GREEN DOT CORP,GDOT,40.0,4020.0,402020.0,40202010.0,522320,7389
184442,2025-12-31,CHORD ENERGY CORP,CHRD,10.0,1010.0,101020.0,10102020.0,2111,1311
184449,2014-12-31,EXCEL TRUST INC,EXL,40.0,4040.0,404020.0,40402060.0,531120,6798
184487,2017-12-31,PERNIX THERAPEUTICS HOLDINGS,PTXTQ,35.0,3520.0,352020.0,35202010.0,325412,2834
184526,2018-12-31,PRIMO WATER CORP -OLD,PRMW.1,30.0,3020.0,302010.0,30201030.0,312112,2086
184551,2025-12-31,MAXLINEAR INC,MXL,45.0,4530.0,453010.0,45301020.0,334413,3674
184569,2018-12-31,WESTMORELAND RES PARTNERS LP,WMLPQ,10.0,1010.0,101020.0,10102050.0,212111,1220
184592,2016-12-31,SAJAN INC,SAJA,45.0,4510.0,451010.0,45101010.0,519130,7370
184603,2015-12-31,QLIK TECHNOLOGIES INC,QLIK,45.0,4510.0,451030.0,45103010.0,511210,7372
184672,2013-12-31,CHARM COMMUNICATIONS INC,CHRM,25.0,2540.0,254010.0,25401010.0,541830,7310
184676,2015-12-31,INTRALINKS HOLDINGS INC,IL,45.0,4510.0,451010.0,45101010.0,5415,7370
184702,2021-12-31,NEOPHOTONICS CORP,NPTN,45.0,4530.0,453010.0,45301020.0,334413,3674
184725,2025-12-31,NXP SEMICONDUCTORS NV,NXPI,45.0,4530.0,453010.0,45301020.0,334413,3674
184748,2025-12-31,QUAD/GRAPHICS INC,QUAD,20.0,2020.0,202010.0,20201010.0,323111,2750
184785,2018-12-31,TOWER INTERNATIONAL INC,TOWR,25.0,2510.0,251010.0,25101010.0,336211,3711
184868,2015-12-31,ERICKSON INC,EACIQ,20.0,2010.0,201010.0,20101010.0,532411,7350
184880,2012-12-31,TMS INTERNATIONAL CORP,TMS,20.0,2020.0,202010.0,20201070.0,423510,5051
184899,2025-12-31,FIRST AMERICAN FINANCIAL CP,FAF,40.0,4030.0,403010.0,40301040.0,524127,6361
184994,2018-12-31,VOLTARI CORP,VLTC,60.0,6010.0,601020.0,60102020.0,531120,6512
184996,2025-12-31,TESLA INC,TSLA,25.0,2510.0,251020.0,25102010.0,336110,3711
185003,2015-12-31,QUADRANT 4 SYSTEMS CORP,QFORQ,45.0,4510.0,451010.0,45101010.0,541512,7370
185018,2025-12-31,HUDSON PACIFIC PPTYS INC,HPP,60.0,6010.0,601040.0,60104010.0,531120,6798
185112,2020-12-31,INPHI CORP,IPHI,45.0,4530.0,453010.0,45301020.0,334413,3674
185119,2018-12-31,KEYW HOLDING CORP,KEYW,20.0,2010.0,201010.0,20101010.0,541519,7370
185121,2013-12-31,PACTERA TECHNOLOGY INTL,PACT,45.0,4510.0,451020.0,45102010.0,541519,7370
185138,2025-12-31,VISHAY PRECISION GROUP INC,VPG,45.0,4520.0,452030.0,45203010.0,334413,3674
185164,2018-12-31,TIER REIT INC,TIER.1,60.0,6010.0,601010.0,60101040.0,531120,6798
185165,2016-12-31,BEHRINGER HARVARD OPP REIT I,BHOR,60.0,6010.0,601010.0,60101010.0,531120,6798
185166,2012-12-31,CAMELOT INFO SYSTEMS INC-ADR,CIS,45.0,4510.0,451020.0,45102010.0,511210,7372
185177,2020-12-31,CORESITE REALTY CORP,COR.4,60.0,6010.0,601010.0,60101080.0,531120,6798
185180,2016-03-31,INVENSENSE INC,INVN.2,45.0,4520.0,452030.0,45203015.0,334413,3674
185181,2025-12-31,SOW GOOD INC,SOWG,30.0,3020.0,302020.0,30202030.0,31142,2030
185195,2025-01-31,VERA BRADLEY INC,VRA,25.0,2520.0,252030.0,25203010.0,316990,3100
185276,2017-12-31,MAGICJACK VOCALTEC LTD,CALL,50.0,5010.0,501010.0,50101010.0,517919,4899
185277,2017-12-31,FAIRMOUNT SANTROL HOLDINGS,FMSA,10.0,1010.0,101010.0,10101020.0,212399,1400
185289,2025-12-31,ASSEMBLY BIOSCIENCES INC,ASMB,35.0,3520.0,352010.0,35201010.0,325414,2836
185291,2019-12-31,STARS GROUP INC,TSG,25.0,2530.0,253010.0,25301010.0,713290,7990
185326,2010-12-31,UCI INTERNATIONAL INC,4021B,25.0,2510.0,251010.0,25101010.0,3363,3714
185334,2017-12-31,PINNACLE FOODS INC,PF,30.0,3020.0,302020.0,30202030.0,3114,2030
185339,2025-12-31,STAG INDUSTRIAL INC,STAG,60.0,6010.0,601025.0,60102510.0,531120,6798
185344,2018-12-31,GLOBAL BRASS & COPPER HLDGS,BRSS,15.0,1510.0,151040.0,15104020.0,33142,3350
185345,2021-12-31,PREFERRED APARTMENT CMNTYS,APTS,60.0,6010.0,601010.0,60101060.0,531110,6798
185355,2022-12-31,HORIZON THERAPEUTICS PUB LTD,HZNP,35.0,3520.0,352010.0,35201010.0,325414,2836
185372,2025-12-31,CLARUS CORP,CLAR,25.0,2520.0,252020.0,25202010.0,339920,3949
185375,2025-12-31,EVERTEC INC,EVTC,40.0,4020.0,402010.0,40201060.0,518210,7374
185396,2025-12-31,SUMMIT HOTEL PROPERTIES INC,INN,60.0,6010.0,601030.0,60103010.0,531120,6798
185453,2025-12-31,WHITESTONE REIT,WSR,60.0,6010.0,601070.0,60107010.0,531120,6798
185517,2014-12-31,FREESCALE SEMICONDUCTOR LTD,FSL,45.0,4530.0,453010.0,45301020.0,334413,3674
185532,2025-12-31,TARGA RESOURCES CORP,TRGP,10.0,1010.0,101020.0,10102040.0,486210,4923
185549,2025-12-31,AMERICAN ASSETS TRUST INC,AAT,60.0,6010.0,601010.0,60101010.0,531120,6798
185554,2014-12-31,CROSS CLICK MEDIA INC,XCLK,50.0,5020.0,502010.0,50201010.0,5418,7310
185618,2025-12-31,SABRA HEALTH CARE REIT INC,SBRA,60.0,6010.0,601050.0,60105010.0,531120,6798
185645,2019-12-31,GNC HOLDINGS INC,GNCIQ,25.0,2550.0,255040.0,25504040.0,446191,5400
185654,2013-12-31,QR ENERGY LP,QRE,10.0,1010.0,101020.0,10102020.0,211111,1311
185658,2011-12-31,SHANGPHARMA CORP -ADR,SHP,35.0,3520.0,352030.0,35203010.0,325412,2834
185661,2013-12-31,DIALOGIC INC,DLGC,45.0,4520.0,452010.0,45201020.0,334210,3576
185664,2013-09-30,PARAMETRIC SOUND CORP-OLD,PAMT.1,45.0,4520.0,452030.0,45203015.0,334310,3651
185689,2018-12-31,PERSHING GOLD CORP,PGLC,15.0,1510.0,151040.0,15104030.0,212221,1040
185703,2020-12-31,LEAF GROUP LTD,LEAF,25.0,2550.0,255020.0,25502020.0,519130,7370
185769,2017-12-31,SODASTREAM INTERNATIONAL LTD,SODA,25.0,2520.0,252010.0,25201040.0,335210,3634
185770,2025-12-31,COSTAMARE INC,CMRE,20.0,2030.0,203030.0,20303010.0,483111,4412
185836,2025-12-31,PACIRA BIOSCIENCES INC,PCRX,35.0,3520.0,352020.0,35202010.0,325412,2834
185881,2025-03-31,BOOZ ALLEN HAMILTON HLDG CP,BAH,20.0,2020.0,202020.0,20202020.0,541519,7370
185943,2013-12-31,PEREGRINE SEMICONDUCTOR CORP,PSMI,45.0,4530.0,453010.0,45301020.0,334413,3674
185950,2025-12-31,TRANSPORTATION & LOG SYS INC,TLSS,20.0,2030.0,203010.0,20301010.0,541614,4731
186019,2016-12-31,BAKKEN RESOURCES INC,BKKN,10.0,1010.0,101020.0,10102020.0,211111,1311
186041,2013-12-31,ISOFTSTONE HOLDINGS LIMITED,ISS,45.0,4510.0,451020.0,45102010.0,541519,7370
186045,2015-12-31,SAGENT PHARMACEUTICALS INC,SGNT,35.0,3520.0,352020.0,35202010.0,325412,2834
186061,2019-12-31,LILIS ENERGY INC,LLEXQ,10.0,1010.0,101020.0,10102020.0,211120,1311
186106,2011-12-31,MOTOROLA MOBILITY HLDGS INC,MMI.3,45.0,4520.0,452010.0,45201020.0,334220,3663
186129,2021-12-31,SERVICESOURCE INTL INC,SREV,45.0,4510.0,451020.0,45102010.0,541512,7370
186152,2025-12-31,VIRTUS STONE H E M INC FUND,EDF,,,,,525990,6199
186159,2025-12-31,SUPERNUS PHARMACEUTICALS INC,SUPN,35.0,3520.0,352020.0,35202010.0,325412,2834
186206,2018-12-31,ANDEAVOR LOGISTICS LP,ANDX,10.0,1010.0,101020.0,10102040.0,486,4610
186276,2025-12-31,KOSMOS ENERGY LTD,KOS,10.0,1010.0,101020.0,10102020.0,211120,1311
186278,2025-12-31,AIR LEASE CORP,AL,20.0,2010.0,201070.0,20107010.0,532411,7359
186288,2020-12-31,BOINGO WIRELESS INC,WIFI,50.0,5010.0,501020.0,50102010.0,517919,4899
186310,2025-12-31,HUNTINGTON INGALLS IND INC,HII,20.0,2010.0,201010.0,20101010.0,336611,3730
186336,2018-12-31,C&J ENERGY SERVICES INC,CJ,10.0,1010.0,101010.0,10101020.0,213112,1389
186342,2015-12-31,LINKEDIN CORP,LNKD,45.0,4510.0,451010.0,45101010.0,519130,7370
186353,2014-12-31,SABLE NATURAL RESOURCES CORP,SNREQ,10.0,1010.0,101020.0,10102020.0,213112,1389
186451,2012-12-31,RESPONSYS INC,MKTG,45.0,4510.0,451010.0,45101010.0,511210,7372
186497,2014-12-31,LANTHEUS MEDICAL IMAGING INC,5591B,35.0,3520.0,352020.0,35202010.0,325413,2835
186501,2025-03-31,NGL ENERGY PARTNERS LP,NGL,10.0,1010.0,101020.0,10102040.0,424720,5172
186520,2017-12-31,PANDORA MEDIA INC,P.4,50.0,5020.0,502020.0,50202010.0,519130,7370
186590,2014-12-31,HOME LOAN SERVICING SOLTNS,HLSSF,40.0,4010.0,401020.0,40102010.0,522292,6162
186607,2019-12-31,NEWLINK GENETICS CORP,NLNK,35.0,3520.0,352010.0,35201010.0,325414,2836
186671,2025-12-31,AG MORTGAGE INVESTMENT TRUST,MITT,40.0,4020.0,402040.0,40204010.0,525990,6798
186675,2017-12-31,RLJ ENTERTAINMENT INC,RLJE,50.0,5020.0,502020.0,50202010.0,512120,7822
186683,2013-06-30,FUSION-IO INC,FIO,45.0,4520.0,452020.0,45202030.0,334112,3572
186748,2017-12-31,INTERCLOUD SYSTEMS INC,ICLD,45.0,4510.0,451020.0,45102010.0,541512,7370
186773,2025-12-31,SUNCOKE ENERGY INC,SXC,15.0,1510.0,151040.0,15104050.0,324199,3312
186783,2020-12-31,VEREIT INC,VER,60.0,6010.0,601010.0,60101010.0,531120,6798
186836,2020-12-31,GOLAR LNG PARTNERS LP,GMLP,10.0,1010.0,101020.0,10102040.0,483111,4412
186846,2013-12-31,OILTANKING PARTNERS LP,OILT.1,10.0,1010.0,101020.0,10102040.0,424710,5171
186876,2024-12-31,VNET GROUP INC,VNET,45.0,4510.0,451020.0,45102030.0,518210,7370
186904,2025-09-30,CLEANSPARK INC,CLSK,45.0,4510.0,451030.0,45103010.0,518210,7370
186953,2025-12-31,INSPIREMD INC,NSPR,35.0,3510.0,351010.0,35101020.0,334510,3845
186962,2024-12-31,SEQUANS COMMUNICATIONS SA,SQNS,45.0,4530.0,453010.0,45301020.0,334413,3674
186989,2025-12-31,MARATHON PETROLEUM CORP,MPC,10.0,1010.0,101020.0,10102030.0,324110,2911
186995,2015-01-31,ENVIVIO INC,ENVI.2,45.0,4510.0,451030.0,45103010.0,334220,3663
187040,2019-04-30,PEAK RESORTS INC,SKIS,25.0,2530.0,253010.0,25301030.0,713920,7990
187084,2021-12-31,PARTY CITY HOLDCO INC,PRTYQ,25.0,2550.0,255040.0,25504040.0,322220,2670
187122,2025-03-31,LIVEONE INC,LVO,50.0,5020.0,502020.0,50202010.0,516210,7370
187128,2019-12-31,WPX ENERGY INC,WPX,10.0,1010.0,101020.0,10102020.0,2111,1311
187165,2025-12-31,PHOENIX NEW MEDIA LTD,FENG,50.0,5020.0,502030.0,50203010.0,519290,7370
187167,2014-12-31,LRR ENERGY LP,LRE.2,10.0,1010.0,101020.0,10102020.0,211111,1311
187215,2019-12-31,GLOBAL EAGLE ENTERTAINMENT,GEENQ,50.0,5020.0,502020.0,50202010.0,517410,4899
187253,2025-12-31,REGIONAL MANAGEMENT CORP,RM,40.0,4020.0,402020.0,40202010.0,522291,6141
187363,2025-12-31,GROUPON INC,GRPN,25.0,2550.0,255030.0,25503030.0,455219,5960
187406,2025-12-31,AMC GLOBAL MEDIA INC,AMCX,50.0,5020.0,502010.0,50201020.0,516120,4833
187450,2025-12-31,ENPHASE ENERGY INC,ENPH,45.0,4530.0,453010.0,45301010.0,334413,3674
187529,2013-12-31,PETROLOGISTICS LP,PDH,15.0,1510.0,151010.0,15101010.0,324110,2911
187550,2025-12-31,ASPEN AEROGELS INC,ASPN,15.0,1510.0,151010.0,15101050.0,325180,2810
187576,2021-12-31,ZYNGA INC,ZNGA,50.0,5020.0,502020.0,50202020.0,511210,7372
187607,2016-12-31,SILVER SPRING NETWORKS INC,SSNI,45.0,4510.0,451030.0,45103010.0,334210,3576
187625,2015-06-30,RED MOUNTAIN RESOURCES INC,RDMPQ,10.0,1010.0,101020.0,10102020.0,211111,1311
187631,2023-12-31,MERRIMACK PHARMACEUTICALS,MACK,35.0,3520.0,352010.0,35201010.0,325414,2836
187690,2021-12-31,HEALTHCARE TR OF AMERICA INC,HTA,60.0,6010.0,601010.0,60101050.0,531120,6798
187697,2025-12-31,EPAM SYSTEMS INC,EPAM,45.0,4510.0,451020.0,45102010.0,541519,7370
187698,2024-12-31,CIVITAS RESOURCES INC,CIVI,10.0,1010.0,101020.0,10102020.0,211120,1311
187711,2025-12-31,CV SCIENCES INC,CVSI,30.0,3030.0,303020.0,30302010.0,325412,2834
187714,2019-09-30,WESCO AIRCRAFT HOLDINGS INC,WAIR,20.0,2010.0,201010.0,20101010.0,423860,5080
187722,2018-12-31,INTERMOLECULAR INC,IMI,45.0,4530.0,453010.0,45301020.0,334413,3674
187740,2025-09-30,MACOM TECHNLGY SOL HLDGS INC,MTSI,45.0,4530.0,453010.0,45301020.0,334413,3674
187766,2019-12-31,ERA GROUP INC,ERA,10.0,1010.0,101010.0,10101020.0,481211,4522
187774,2015-12-31,EAST DUBUQUE NITRN PRTR LP,RNF,15.0,1510.0,151010.0,15101030.0,3253,2870
187810,2019-12-31,MID-CON ENERGY PARTNERS -LP,MCEP,10.0,1010.0,101020.0,10102020.0,211120,1311
187812,2025-12-31,MATADOR RESOURCES CO,MTDR,10.0,1010.0,101020.0,10102020.0,2111,1311
187958,2012-09-30,INERGY MIDSTREAM -LP,NRGM,10.0,1010.0,101020.0,10102040.0,486210,4922
187961,2024-12-31,VITAL ENGY INC,VTLE,10.0,1010.0,101020.0,10102020.0,2111,1311
188255,2025-12-31,FORTUNE BRANDS INNOVATNS INC,FBIN,20.0,2010.0,201020.0,20102010.0,332913,3430
188357,2025-12-31,CHARGING ROBOTICS INC,CHEV,25.0,2510.0,251010.0,25101010.0,336320,3714
188663,2018-12-31,SANCHEZ ENERGY CORP,SNECQ,10.0,1010.0,101020.0,10102020.0,211120,1311
188856,2022-12-31,FRANCHISE GROUP INC,FRG,25.0,2550.0,255040.0,25504040.0,455219,5399
189459,2025-12-31,CARLYLE GROUP INC,CG,40.0,4020.0,402030.0,40203010.0,523920,6282
189490,2014-12-31,EXELIS INC,XLS,20.0,2010.0,201010.0,20101010.0,334511,3812
189567,2021-12-31,MANNING & NAPIER INC,MN,40.0,4020.0,402030.0,40203010.0,523930,6282
189757,2025-12-31,XCEL BRANDS INC,XELB,25.0,2550.0,255040.0,25504010.0,458110,5961
190455,2025-07-31,GUIDEWIRE SOFTWARE INC,GWRE,45.0,4510.0,451030.0,45103010.0,513210,7372
190590,2024-12-31,GENIE ENERGY LTD,GNE,55.0,5510.0,551010.0,55101010.0,221,4931
190959,2016-12-31,LUMOS NETWORKS CORP,LMOS,50.0,5010.0,501010.0,50101010.0,517919,4899
194255,2025-12-31,VERASTEM INC,VSTM,35.0,3520.0,352010.0,35201010.0,325414,2836
194256,2025-12-31,WHEELER REAL ESTATE INVT TR,WHLR,60.0,6010.0,601070.0,60107010.0,531120,6798
194755,2025-12-31,AMPLIFY ENERGY CORP,AMPY,10.0,1010.0,101020.0,10102020.0,211120,1311
194956,2018-12-31,WORLDPAY INC,WP,45.0,4510.0,451020.0,45102020.0,518210,7374
196159,2025-12-31,PBF ENERGY INC,PBF,10.0,1010.0,101020.0,10102030.0,324110,2911
196268,2025-12-31,YELP INC,YELP,50.0,5020.0,502030.0,50203010.0,519290,7370
196269,2025-12-31,FORTRESS BIOTECH INC,FBIO,35.0,3520.0,352010.0,35201010.0,325414,2836
196355,2020-12-31,SYNACOR INC,SYNC,45.0,4510.0,451030.0,45103010.0,519130,7370
197956,2014-03-31,ANNIE'S INC,BNNY,30.0,3020.0,302020.0,30202030.0,311,2000
198058,2025-03-31,CAPRI HOLDINGS LTD,CPRI,25.0,2520.0,252030.0,25203010.0,315,2300
199356,2025-12-31,TRIPADVISOR INC,TRIP,50.0,5020.0,502030.0,50203010.0,519290,7370
199456,2014-12-31,ROUNDY'S INC,RNDY,30.0,3010.0,301010.0,30101030.0,445110,5411
200480,2025-06-30,MANCHESTER UNITED PLC,MANU,50.0,5020.0,502020.0,50202010.0,711211,7900
200512,2025-12-31,SUZANO SA,SUZ,15.0,1510.0,151050.0,15105020.0,32212,2600
201336,2025-06-30,CRESUD SOCIEDAD ANONIMA COM,CRESY,30.0,3020.0,302020.0,30202010.0,999977,9997
201395,2024-12-31,TAIWAN SEMICONDUCTOR MFG CO,TSM,45.0,4530.0,453010.0,45301020.0,334413,3674
203480,2025-12-31,SK TELECOM CO LTD,SKM,50.0,5010.0,501020.0,50102010.0,517112,4812
204867,2025-03-31,WIPRO LTD,WIT,45.0,4510.0,451020.0,45102010.0,541512,7373
207257,2025-12-31,SILENCE THERAPEUTICS PLC,SLN,35.0,3520.0,352010.0,35201010.0,325414,2836
208068,2017-12-31,SILICONWARE PRECISION INDS,SPIL,45.0,4530.0,453010.0,45301020.0,334413,3674
209341,2024-12-31,UNITED MICROELECTRONICS CORP,UMC,45.0,4530.0,453010.0,45301020.0,334413,3674
209382,2025-12-31,VALE SA,VALE,15.0,1510.0,151040.0,15104050.0,212210,1000
209410,2013-03-31,TATA COMMUNICATIONS LTD,TTCMY,50.0,5010.0,501010.0,50101020.0,517110,4813
210418,2025-12-31,ABB LTD,ABBNY,20.0,2010.0,201040.0,20104010.0,335313,3613
211819,2025-03-31,NATIONAL GRID,NGG,55.0,5510.0,551030.0,55103010.0,2211,4911
212340,2017-12-31,SHIRE PLC,SHPG,35.0,3520.0,352010.0,35201010.0,325414,2836
212782,2025-12-31,FRESENIUS MEDICAL CARE AG,FMS,35.0,3510.0,351020.0,35102015.0,621492,8090
212950,2024-12-31,PAMPA ENERGIA SA,PAM,55.0,5510.0,551010.0,55101010.0,2211,4911
213288,2025-12-31,EMBRAER SA,EMBJ,20.0,2010.0,201010.0,20101010.0,336411,3721
213412,2025-12-31,ASE TECHNOLOGY HLDNG CO,ASX,45.0,4530.0,453010.0,45301020.0,334413,3674
216019,2024-12-31,AIXTRON SE,AIIXY,45.0,4530.0,453010.0,45301010.0,333242,3559
220211,2025-12-31,ICL GROUP LTD,ICL,15.0,1510.0,151010.0,15101030.0,3253,2870
220474,2015-12-31,PETROBRAS ARGENTINA SA,PZE,10.0,1010.0,101020.0,10102010.0,324110,2911
220487,2025-12-31,LATAM AIRLINES GROUP SA,LTM,20.0,2030.0,203020.0,20302010.0,481111,4512
220546,2025-12-31,EQUINOR ASA,EQNR,10.0,1010.0,101020.0,10102010.0,324110,2911
220940,2025-12-31,ORANGE SA,ORANY,50.0,5010.0,501010.0,50101020.0,517111,4813
221821,2025-03-31,NIDEC CORPORATION,NJDCY,20.0,2010.0,201040.0,20104010.0,335312,3621
222111,2025-12-31,PETROLEO BRASILEIRO SA- PETR,PBR,10.0,1010.0,101020.0,10102010.0,324110,2911
222519,2025-12-31,GRUMA SAB DE CV,GMKKY,30.0,3020.0,302020.0,30202030.0,311211,2040
223098,2025-03-31,DR REDDY'S LABORATORIES LTD,RDY,35.0,3520.0,352020.0,35202010.0,325412,2834
223732,2025-12-31,TREND MICRO INC,TMICY,45.0,4510.0,451030.0,45103020.0,513210,7372
223911,2020-03-31,NTT DOCOMO INC,DCMYY,50.0,5010.0,501020.0,50102010.0,517312,4812
224604,2025-12-31,DELTA GALIL INDUSTRIES LTD,DELTF,25.0,2520.0,252030.0,25203010.0,315250,2340
231016,2023-12-31,MORPHOSYS AG,MOR,35.0,3520.0,352010.0,35201010.0,325414,2836
232135,2025-12-31,PHARMING GROUP NV,PHAR,35.0,3520.0,352010.0,35201010.0,325414,2836
232623,2024-12-31,EVOTEC SE,EVO,35.0,3520.0,352030.0,35203010.0,541714,8731
233491,2025-12-31,MAGNACHIP SEMICONDUCTOR CORP,MX,45.0,4530.0,453010.0,45301020.0,334413,3674
237269,2025-12-31,XENETIC BIOSCIENCES INC,XBIO,35.0,3520.0,352010.0,35201010.0,325414,2836
238616,2024-12-31,VEOLIA ENVIRONNEMENT S A,VEOEY,55.0,5510.0,551030.0,55103010.0,221310,4941
241216,2017-12-31,SYNGENTA AG,SYT.3,15.0,1510.0,151010.0,15101030.0,3253,2870
241335,2024-12-31,XTL BIOPHARMACEUTICALS,XTLB,35.0,3520.0,352010.0,35201010.0,325414,2836
242977,2024-12-31,AUO CORPORATION,AUOTY,45.0,4520.0,452030.0,45203015.0,334413,3674
243174,2025-12-31,FLUTTER ENTERTAINMENT PLC,FLUT,25.0,2530.0,253010.0,25301010.0,713290,7990
245207,2025-12-31,GENMAB AS,GMAB,35.0,3520.0,352010.0,35201010.0,325414,2836
247371,2020-12-31,LONESTAR RESOURCES US INC,LONE,10.0,1010.0,101020.0,10102020.0,211120,1311
249158,2025-12-31,GOLAR LNG LTD,GLNG,10.0,1010.0,101020.0,10102040.0,483111,4412
252940,2025-03-31,MITSUBISHI UFJ FINANCIAL GRP,MUFG,40.0,4010.0,401010.0,40101010.0,522110,6020
253527,2025-12-31,EYEPOINT INC,EYPT,35.0,3520.0,352020.0,35202010.0,325414,2836
254096,2025-12-31,PLUS THERAPEUTICS INC,PSTV,35.0,3520.0,352010.0,35201010.0,325414,2836
254338,2022-12-31,CHINA TELECOM CORP LTD,CHA.1,50.0,5010.0,501010.0,50101020.0,517111,4813
254381,2025-06-30,BENITEC BIOPHARMA INC,BNTC,35.0,3520.0,352010.0,35201010.0,325414,2836
254399,2016-06-30,UNILIFE CORP,UNISQ,35.0,3510.0,351010.0,35101020.0,339112,3841
259503,2024-12-31,CHINA LIFE INSURANCE COMPANY,CILJF,40.0,4030.0,403010.0,40301020.0,524113,6311
260737,2025-04-30,OCEAN POWER TECHNOLOGIES INC,OPTT,20.0,2010.0,201040.0,20104020.0,335311,3612
260774,2025-12-31,CBRE GROUP INC,CBRE,60.0,6020.0,602010.0,60201040.0,531312,6531
260775,2016-12-31,MNC MEDIA INVESTMENT LTD,LTONY,50.0,5020.0,502030.0,50203010.0,519,7370
260778,2018-12-31,WELLCARE HEALTH PLANS INC,WCG,35.0,3510.0,351020.0,35102030.0,524114,6324
264265,2025-12-31,ALNYLAM PHARMACEUTICALS INC,ALNY,35.0,3520.0,352010.0,35201010.0,325414,2836
264395,2022-12-31,GREENHILL & CO INC,GHL,40.0,4020.0,402030.0,40203020.0,523940,6282
264397,2020-12-31,CARDTRONICS PLC,CATM,45.0,4510.0,451020.0,45102020.0,522320,7389
264414,2019-12-31,MOMENTA PHARMACEUTICALS INC,MNTA,35.0,3520.0,352010.0,35201010.0,325414,2836
264416,2025-12-31,ULTRA CLEAN HOLDINGS INC,UCTT,45.0,4530.0,453010.0,45301010.0,334413,3674
264509,2022-12-31,HOLLY ENERGY PARTNERS LP,HEP,10.0,1010.0,101020.0,10102040.0,486910,4610
266214,2025-12-31,COHEN & STEERS INC,CNS,40.0,4020.0,402030.0,40203010.0,523940,6282
266315,2025-12-31,KITE REALTY GROUP TRUST,KRG,60.0,6010.0,601070.0,60107010.0,531120,6798
266316,2010-12-31,ICAGEN INC,ICGN,35.0,3520.0,352010.0,35201010.0,325412,2834
266319,2015-12-31,MMRGLOBAL INC,MMRF,35.0,3510.0,351030.0,35103010.0,519130,7370
270151,2014-12-31,CSR PLC,CSRE.1,45.0,4530.0,453010.0,45301020.0,334413,3674
270281,2021-12-31,MECHEL PAO,MTL,15.0,1510.0,151040.0,15104050.0,331110,3312
270705,2025-12-31,HIMAX TECHNOLOGIES INC,HIMX,45.0,4530.0,453010.0,45301020.0,334413,3674
271342,2025-12-31,CMB TECH NV,CMBT,10.0,1010.0,101020.0,10102040.0,483111,4412
271357,2025-12-31,SUMMIT THERAPEUTICS INC,SMMT,35.0,3520.0,352010.0,35201010.0,325414,2836
271607,2025-06-30,MESOBLAST LTD,MESO,35.0,3520.0,352010.0,35201010.0,325414,2836
272872,2025-12-31,LAKEFRONT BIOTHERAPEUTICS NV,LKFT,35.0,3520.0,352010.0,35201010.0,325414,2836
273726,2025-12-31,SEADRILL LTD,SDRL,10.0,1010.0,101010.0,10101010.0,213111,1381
275264,2020-12-31,AKERS BIOSCIENCES INC,AKER,35.0,3510.0,351010.0,35101010.0,325413,2835
276731,2016-12-31,PLANET PAYMENT INC,PLPM,45.0,4510.0,451020.0,45102020.0,518210,7374
277323,2025-12-31,ZIM INTEGRATED SHIPPING SERV,ZIM,20.0,2030.0,203030.0,20303010.0,483111,4412
277812,2025-12-31,GRIFOLS S A,GRFS,35.0,3520.0,352010.0,35201010.0,325414,2836
277918,2014-12-31,ENOVA SYSTEMS INC,ENVS,25.0,2510.0,251010.0,25101010.0,336390,3714
278151,2025-12-31,GEOPARK LTD,GPRK,10.0,1010.0,101020.0,10102020.0,211120,1311
278153,2025-12-31,HUTCHMED (CHINA) LTD,HCM,35.0,3520.0,352020.0,35202010.0,325412,2834
281420,2025-12-31,INNATE PHARMA SA,IPHA,35.0,3520.0,352010.0,35201010.0,325414,2836
282189,2016-06-30,ENERGY XXI LTD,EXXIQ,10.0,1010.0,101020.0,10102020.0,211111,1311
282608,2025-12-31,CELLECTIS SA,CLLS,35.0,3520.0,352010.0,35201010.0,325414,2836
283184,2025-12-31,SMURFIT WESTROCK PLC,SW,15.0,1510.0,151030.0,15103020.0,322130,2631
284041,2013-02-28,OCZ TECHNOLOGY GROUP INC,OCZTQ,45.0,4520.0,452020.0,45202030.0,334112,3572
284745,2022-12-31,IDEX BIOMETRICS ASA,IDBAY,45.0,4520.0,452030.0,45203015.0,33441,3670
285085,2025-12-31,UNIQURE NV,QURE,35.0,3520.0,352010.0,35201010.0,325414,2836
285556,2025-12-31,VALNEVA SE,VALN,35.0,3520.0,352010.0,35201010.0,325414,2836
286396,2025-12-31,EVOGENE LTD,EVGN,35.0,3520.0,352010.0,35201010.0,325414,2836
287111,2025-12-31,KAMADA LTD,KMDA,35.0,3520.0,352010.0,35201010.0,325414,2836
287462,2025-12-31,FUTUREFUEL CORP,FF,10.0,1010.0,101020.0,10102030.0,325199,2860
287882,2024-12-31,ECOPETROL SA,EC,10.0,1010.0,101020.0,10102010.0,324110,2911
291881,2025-12-31,CAN-FITE BIOPHARMA LTD,CANF,35.0,3520.0,352010.0,35201010.0,325414,2836
294524,2025-12-31,LYONDELLBASELL INDUSTRIES,LYB,15.0,1510.0,151010.0,15101010.0,325211,2820
295786,2025-12-31,CNH INDUSTRIAL NV,CNH,20.0,2010.0,201060.0,20106015.0,333111,3523
295917,2021-12-31,ZEALAND PHARMA AS,ZEAL,35.0,3520.0,352010.0,35201010.0,325414,2836
296753,2015-12-31,AVG TECHNOLOGIES NV,AVGTF,45.0,4510.0,451030.0,45103020.0,511210,7372
296944,2017-12-31,NORTH ATLANTIC DRILLING LTD,NADLQ,10.0,1010.0,101010.0,10101010.0,213111,1381
297209,2019-12-31,PACIFIC DRILLING SA,PACDQ,10.0,1010.0,101010.0,10101010.0,213111,1381
297507,2025-12-31,FORESIGHT AUTONOMOUS,FRSX,25.0,2510.0,251010.0,25101010.0,336390,3714
311524,2013-12-31,TAMINCO CORP,TAM,15.0,1510.0,151010.0,15101050.0,325199,2860
312066,2025-12-31,ARKO CORP,ARKO,25.0,2550.0,255040.0,25504050.0,457110,5500
313311,2025-12-31,CORPORACION INMOBILIARIA VES,VTMX,60.0,6020.0,602010.0,60201020.0,5311,6510
315629,2025-12-31,CHIPMOS TECHNOLOGIES INC,IMOS,45.0,4530.0,453010.0,45301020.0,334418,3679
315639,2022-12-31,CELYAD ONCOLOGY SA,CYADY,35.0,3520.0,352010.0,35201010.0,325414,2836
316056,2025-12-31,ALLEGION PLC,ALLE,20.0,2010.0,201020.0,20102010.0,332510,3420
318005,2025-12-31,ARGENX SE,ARGX,35.0,3520.0,352010.0,35201010.0,325414,2836
318525,2025-12-31,MOLECULAR PARTNERS AG,MOLN,35.0,3520.0,352010.0,35201010.0,325414,2836
319917,2024-12-31,PURETECH HEALTH PLC,PRTCY,35.0,3520.0,352010.0,35201010.0,325414,2836
321764,2025-12-31,MEREO BIOPHARMA GROUP PLC,MREO,35.0,3520.0,352010.0,35201010.0,325414,2836
323308,2025-12-31,BORR DRILLING LTD,BORR,10.0,1010.0,101010.0,10101010.0,213111,1381
323476,2025-12-31,INVENTIVA SA,IVA,35.0,3520.0,352010.0,35201010.0,325414,2836
324684,2023-12-31,ASLAN PHARMACEUTIC,ASLN,35.0,3520.0,352010.0,35201010.0,325414,2836
325211,2024-12-31,VISTA ENERGY SAB DE CV,VIST,10.0,1010.0,101020.0,10102020.0,211120,1311
325867,2021-12-31,STRATEGIC PARTNERS A/S,ORPHY,35.0,3520.0,352010.0,35201010.0,325414,2836
325942,2022-12-31,RADIUS GLOBAL INFRASTRUCTURE,RADI,50.0,5010.0,501010.0,50101020.0,517111,4813
328795,2025-12-31,ARCOSA INC,ACA,20.0,2010.0,201030.0,20103010.0,332312,3440
328920,2025-12-31,CORONADO GBL RESORC INC -ADR,CODQL,15.0,1510.0,151040.0,15104050.0,21211,1220
332179,2025-12-31,LIFE360 INC,LIF,45.0,4510.0,451030.0,45103010.0,513210,7372
340388,2025-12-31,GAMESQUARE HOLDINGS INC,GAME,50.0,5020.0,502030.0,50203010.0,518210,7370
345556,2021-12-31,F-STAR THERAPEUTICS INC,FSTX,35.0,3520.0,352010.0,35201010.0,325414,2836
345764,2025-12-31,T STAMP INC,IDAI,45.0,4510.0,451030.0,45103020.0,513210,7372
348784,2025-06-30,TAMBORAN RESOURCES CORP,TBN,10.0,1010.0,101020.0,10102020.0,2111,1311
353444,2025-12-31,HALEON PLC,HLN,35.0,3520.0,352020.0,35202010.0,325412,2834
